family,K,integrator,environment,T,seed,tag,score_column,target_d4rl,deployment_d4rl,delta_endpoint_minus_first,host_run_dir
historical_score_grid_s01,2,implicit,hopper-medium-v2,0.05,0,hopper-medium-v2_tau0.05_mpi2_seed0,d4rl_pi2,48.3682589945958,49.30811335912759,0.93985436453179,/home/ext_csv/mpi_sweep_lab/results_mpi2/hopper-medium-v2_tau0.05_mpi2_seed0
historical_score_grid_s01,2,implicit,hopper-medium-v2,0.05,1,hopper-medium-v2_tau0.05_mpi2_seed1,d4rl_pi2,48.60827028764629,47.09221563932967,-1.5160546483166186,/home/ext_csv/mpi_sweep_lab/results_mpi2/hopper-medium-v2_tau0.05_mpi2_seed1
historical_score_grid_s01,2,implicit,hopper-medium-v2,0.1,0,hopper-medium-v2_tau0.1_mpi2_seed0,d4rl_pi2,48.72795176341598,47.922033095704535,-0.8059186677114454,/home/ext_csv/mpi_sweep_lab/results_mpi2/hopper-medium-v2_tau0.1_mpi2_seed0
historical_score_grid_s01,2,implicit,hopper-medium-v2,0.1,1,hopper-medium-v2_tau0.1_mpi2_seed1,d4rl_pi2,50.85343416166002,56.633800926544495,5.7803667648844765,/home/ext_csv/mpi_sweep_lab/results_mpi2/hopper-medium-v2_tau0.1_mpi2_seed1
historical_score_grid_s01,2,implicit,hopper-medium-v2,0.2,0,hopper-medium-v2_tau0.2_mpi2_seed0,d4rl_pi2,50.387878509181085,54.921765893958316,4.5338873847772305,/home/ext_csv/mpi_sweep_lab/results_mpi2/hopper-medium-v2_tau0.2_mpi2_seed0
historical_score_grid_s01,2,implicit,hopper-medium-v2,0.2,1,hopper-medium-v2_tau0.2_mpi2_seed1,d4rl_pi2,47.110500431722926,51.15689158478203,4.046391153059105,/home/ext_csv/mpi_sweep_lab/results_mpi2/hopper-medium-v2_tau0.2_mpi2_seed1
historical_score_grid_s01,2,implicit,hopper-medium-v2,0.4,0,hopper-medium-v2_tau0.4_mpi2_seed0,d4rl_pi2,46.73361391685977,48.91896739052798,2.185353473668215,/home/ext_csv/mpi_sweep_lab/results_mpi2/hopper-medium-v2_tau0.4_mpi2_seed0
historical_score_grid_s01,2,implicit,hopper-medium-v2,0.4,1,hopper-medium-v2_tau0.4_mpi2_seed1,d4rl_pi2,45.5193378013183,50.63555719910645,5.11621939778815,/home/ext_csv/mpi_sweep_lab/results_mpi2/hopper-medium-v2_tau0.4_mpi2_seed1
historical_score_grid_s01,2,implicit,hopper-medium-v2,0.7,0,hopper-medium-v2_tau0.7_mpi2_seed0,d4rl_pi2,54.675258159578874,48.331804690202404,-6.34345346937647,/home/ext_csv/mpi_sweep_lab/results_mpi2/hopper-medium-v2_tau0.7_mpi2_seed0
historical_score_grid_s01,2,implicit,hopper-medium-v2,0.7,1,hopper-medium-v2_tau0.7_mpi2_seed1,d4rl_pi2,44.87296106834523,47.97023012637518,3.0972690580299513,/home/ext_csv/mpi_sweep_lab/results_mpi2/hopper-medium-v2_tau0.7_mpi2_seed1
historical_score_grid_s01,2,implicit,hopper-medium-v2,1.5,0,hopper-medium-v2_tau1.5_mpi2_seed0,d4rl_pi2,48.430548092851176,45.53551773359879,-2.895030359252388,/home/ext_csv/mpi_sweep_lab/results_mpi2/hopper-medium-v2_tau1.5_mpi2_seed0
historical_score_grid_s01,2,implicit,hopper-medium-v2,1.5,1,hopper-medium-v2_tau1.5_mpi2_seed1,d4rl_pi2,44.443098019539896,48.1322529279776,3.6891549084377075,/home/ext_csv/mpi_sweep_lab/results_mpi2/hopper-medium-v2_tau1.5_mpi2_seed1
historical_score_grid_s01,2,implicit,hopper-medium-v2,2.5,0,hopper-medium-v2_tau2.5_mpi2_seed0,d4rl_pi2,48.581480333794914,62.69479410585189,14.113313772056976,/home/ext_csv/mpi_sweep_lab/results_mpi2/hopper-medium-v2_tau2.5_mpi2_seed0
historical_score_grid_s01,2,implicit,hopper-medium-v2,2.5,1,hopper-medium-v2_tau2.5_mpi2_seed1,d4rl_pi2,42.329325684023615,54.98748608108188,12.658160397058268,/home/ext_csv/mpi_sweep_lab/results_mpi2/hopper-medium-v2_tau2.5_mpi2_seed1
historical_score_grid_s01,2,implicit,hopper-medium-v2,4,0,hopper-medium-v2_tau4_mpi2_seed0,d4rl_pi2,52.197652641344206,60.54528814168838,8.347635500344175,/home/ext_csv/mpi_sweep_lab/results_mpi2/hopper-medium-v2_tau4_mpi2_seed0
historical_score_grid_s01,2,implicit,hopper-medium-v2,4,1,hopper-medium-v2_tau4_mpi2_seed1,d4rl_pi2,53.66350679303824,58.504775047083236,4.841268254044998,/home/ext_csv/mpi_sweep_lab/results_mpi2/hopper-medium-v2_tau4_mpi2_seed1
historical_score_grid_s01,2,implicit,hopper-medium-v2,7,0,hopper-medium-v2_tau7_mpi2_seed0,d4rl_pi2,69.0789574414841,97.21316369147769,28.134206249993582,/home/ext_csv/mpi_sweep_lab/results_mpi2/hopper-medium-v2_tau7_mpi2_seed0
historical_score_grid_s01,2,implicit,hopper-medium-v2,7,1,hopper-medium-v2_tau7_mpi2_seed1,d4rl_pi2,54.645748644688105,69.27638683202647,14.63063818733837,/home/ext_csv/mpi_sweep_lab/results_mpi2/hopper-medium-v2_tau7_mpi2_seed1
historical_score_grid_s01,2,implicit,hopper-medium-v2,10,0,hopper-medium-v2_tau10_mpi2_seed0,d4rl_pi2,75.7318326460877,100.75236086239072,25.02052821630302,/home/ext_csv/mpi_sweep_lab/results_mpi2/hopper-medium-v2_tau10_mpi2_seed0
historical_score_grid_s01,2,implicit,hopper-medium-v2,10,1,hopper-medium-v2_tau10_mpi2_seed1,d4rl_pi2,1.2825648746922127,0.8777013869923834,-0.40486348769982927,/home/ext_csv/mpi_sweep_lab/results_mpi2/hopper-medium-v2_tau10_mpi2_seed1
historical_score_grid_s01,2,implicit,hopper-medium-v2,12,0,hopper-medium-v2_tau12_mpi2_seed0,d4rl_pi2,1.1396453544037088,0.7388740267954632,-0.40077132760824563,/home/ext_csv/mpi_sweep_lab/results_mpi2/hopper-medium-v2_tau12_mpi2_seed0
historical_score_grid_s01,2,implicit,hopper-medium-v2,12,1,hopper-medium-v2_tau12_mpi2_seed1,d4rl_pi2,1.9662046951063907,0.7070688742478267,-1.259135820858564,/home/ext_csv/mpi_sweep_lab/results_mpi2/hopper-medium-v2_tau12_mpi2_seed1
historical_score_grid_s01,2,implicit,hopper-medium-v2,14,0,hopper-medium-v2_tau14_mpi2_seed0,d4rl_pi2,0.6196651666550611,0.5808310974709244,-0.03883406918413668,/home/ext_csv/mpi_sweep_lab/results_mpi2/hopper-medium-v2_tau14_mpi2_seed0
historical_score_grid_s01,2,implicit,hopper-medium-v2,14,1,hopper-medium-v2_tau14_mpi2_seed1,d4rl_pi2,76.79917895805504,100.6182840931881,23.819105135133057,/home/ext_csv/mpi_sweep_lab/results_mpi2/hopper-medium-v2_tau14_mpi2_seed1
historical_score_grid_s01,2,implicit,hopper-medium-v2,17,0,hopper-medium-v2_tau17_mpi2_seed0,d4rl_pi2,0.5688281191690222,0.5700563658210873,0.0012282466520651125,/home/ext_csv/mpi_sweep_lab/results_mpi2/hopper-medium-v2_tau17_mpi2_seed0
historical_score_grid_s01,2,implicit,hopper-medium-v2,17,1,hopper-medium-v2_tau17_mpi2_seed1,d4rl_pi2,0.5851283329868278,0.5822159255596643,-0.002912407427163477,/home/ext_csv/mpi_sweep_lab/results_mpi2/hopper-medium-v2_tau17_mpi2_seed1
historical_score_grid_s01,2,implicit,hopper-medium-v2,20,0,hopper-medium-v2_tau20_mpi2_seed0,d4rl_pi2,0.5811757618927785,0.5811757628824449,9.89666348871765e-10,/home/ext_csv/mpi_sweep_lab/results_mpi2/hopper-medium-v2_tau20_mpi2_seed0
historical_score_grid_s01,2,implicit,hopper-medium-v2,20,1,hopper-medium-v2_tau20_mpi2_seed1,d4rl_pi2,0.5761532206406565,0.7446291720255115,0.16847595138485494,/home/ext_csv/mpi_sweep_lab/results_mpi2/hopper-medium-v2_tau20_mpi2_seed1
historical_score_grid_s01,2,implicit,hopper-medium-replay-v2,0.05,0,hopper-medium-replay-v2_tau0.05_mpi2_seed0,d4rl_pi2,16.544202116761753,15.5547744677861,-0.9894276489756528,/home/ext_csv/mpi_sweep_lab/results_mpi2/hopper-medium-replay-v2_tau0.05_mpi2_seed0
historical_score_grid_s01,2,implicit,hopper-medium-replay-v2,0.05,1,hopper-medium-replay-v2_tau0.05_mpi2_seed1,d4rl_pi2,22.825309627933603,19.383552406729965,-3.4417572212036376,/home/ext_csv/mpi_sweep_lab/results_mpi2/hopper-medium-replay-v2_tau0.05_mpi2_seed1
historical_score_grid_s01,2,implicit,hopper-medium-replay-v2,0.1,0,hopper-medium-replay-v2_tau0.1_mpi2_seed0,d4rl_pi2,23.022906949798834,19.737790021469262,-3.285116928329572,/home/ext_csv/mpi_sweep_lab/results_mpi2/hopper-medium-replay-v2_tau0.1_mpi2_seed0
historical_score_grid_s01,2,implicit,hopper-medium-replay-v2,0.1,1,hopper-medium-replay-v2_tau0.1_mpi2_seed1,d4rl_pi2,22.25486859833992,39.54689780179659,17.292029203456668,/home/ext_csv/mpi_sweep_lab/results_mpi2/hopper-medium-replay-v2_tau0.1_mpi2_seed1
historical_score_grid_s01,2,implicit,hopper-medium-replay-v2,0.2,0,hopper-medium-replay-v2_tau0.2_mpi2_seed0,d4rl_pi2,24.09323020689467,23.386767328785307,-0.7064628781093631,/home/ext_csv/mpi_sweep_lab/results_mpi2/hopper-medium-replay-v2_tau0.2_mpi2_seed0
historical_score_grid_s01,2,implicit,hopper-medium-replay-v2,0.2,1,hopper-medium-replay-v2_tau0.2_mpi2_seed1,d4rl_pi2,18.96270462726074,47.374527363893435,28.411822736632693,/home/ext_csv/mpi_sweep_lab/results_mpi2/hopper-medium-replay-v2_tau0.2_mpi2_seed1
historical_score_grid_s01,2,implicit,hopper-medium-replay-v2,0.4,0,hopper-medium-replay-v2_tau0.4_mpi2_seed0,d4rl_pi2,33.12978341435426,46.20688162836187,13.077098214007613,/home/ext_csv/mpi_sweep_lab/results_mpi2/hopper-medium-replay-v2_tau0.4_mpi2_seed0
historical_score_grid_s01,2,implicit,hopper-medium-replay-v2,0.4,1,hopper-medium-replay-v2_tau0.4_mpi2_seed1,d4rl_pi2,18.35637092991934,53.9929970454285,35.63662611550916,/home/ext_csv/mpi_sweep_lab/results_mpi2/hopper-medium-replay-v2_tau0.4_mpi2_seed1
historical_score_grid_s01,2,implicit,hopper-medium-replay-v2,0.7,0,hopper-medium-replay-v2_tau0.7_mpi2_seed0,d4rl_pi2,50.44680315884479,65.1360433453575,14.68924018651272,/home/ext_csv/mpi_sweep_lab/results_mpi2/hopper-medium-replay-v2_tau0.7_mpi2_seed0
historical_score_grid_s01,2,implicit,hopper-medium-replay-v2,0.7,1,hopper-medium-replay-v2_tau0.7_mpi2_seed1,d4rl_pi2,20.699868117836623,60.20712282296428,39.50725470512766,/home/ext_csv/mpi_sweep_lab/results_mpi2/hopper-medium-replay-v2_tau0.7_mpi2_seed1
historical_score_grid_s01,2,implicit,hopper-medium-replay-v2,1.5,0,hopper-medium-replay-v2_tau1.5_mpi2_seed0,d4rl_pi2,47.73932351676789,97.96543827169077,50.22611475492288,/home/ext_csv/mpi_sweep_lab/results_mpi2/hopper-medium-replay-v2_tau1.5_mpi2_seed0
historical_score_grid_s01,2,implicit,hopper-medium-replay-v2,1.5,1,hopper-medium-replay-v2_tau1.5_mpi2_seed1,d4rl_pi2,33.24238496638387,91.16544603656362,57.923061070179756,/home/ext_csv/mpi_sweep_lab/results_mpi2/hopper-medium-replay-v2_tau1.5_mpi2_seed1
historical_score_grid_s01,2,implicit,hopper-medium-replay-v2,2.5,0,hopper-medium-replay-v2_tau2.5_mpi2_seed0,d4rl_pi2,43.78874696878658,98.69652272370504,54.90777575491846,/home/ext_csv/mpi_sweep_lab/results_mpi2/hopper-medium-replay-v2_tau2.5_mpi2_seed0
historical_score_grid_s01,2,implicit,hopper-medium-replay-v2,2.5,1,hopper-medium-replay-v2_tau2.5_mpi2_seed1,d4rl_pi2,31.72572286660305,97.52345077503062,65.79772790842758,/home/ext_csv/mpi_sweep_lab/results_mpi2/hopper-medium-replay-v2_tau2.5_mpi2_seed1
historical_score_grid_s01,2,implicit,hopper-medium-replay-v2,4,0,hopper-medium-replay-v2_tau4_mpi2_seed0,d4rl_pi2,94.05330410698907,98.62117710179572,4.567872994806649,/home/ext_csv/mpi_sweep_lab/results_mpi2/hopper-medium-replay-v2_tau4_mpi2_seed0
historical_score_grid_s01,2,implicit,hopper-medium-replay-v2,4,1,hopper-medium-replay-v2_tau4_mpi2_seed1,d4rl_pi2,29.135751706851217,99.1298822128758,69.99413050602459,/home/ext_csv/mpi_sweep_lab/results_mpi2/hopper-medium-replay-v2_tau4_mpi2_seed1
historical_score_grid_s01,2,implicit,hopper-medium-replay-v2,7,0,hopper-medium-replay-v2_tau7_mpi2_seed0,d4rl_pi2,38.811008636198416,101.23930272180854,62.428294085610126,/home/ext_csv/mpi_sweep_lab/results_mpi2/hopper-medium-replay-v2_tau7_mpi2_seed0
historical_score_grid_s01,2,implicit,hopper-medium-replay-v2,7,1,hopper-medium-replay-v2_tau7_mpi2_seed1,d4rl_pi2,91.76318246369281,99.64178300980952,7.878600546116701,/home/ext_csv/mpi_sweep_lab/results_mpi2/hopper-medium-replay-v2_tau7_mpi2_seed1
historical_score_grid_s01,2,implicit,hopper-medium-replay-v2,10,0,hopper-medium-replay-v2_tau10_mpi2_seed0,d4rl_pi2,93.78796789758555,99.19416291686012,5.406195019274577,/home/ext_csv/mpi_sweep_lab/results_mpi2/hopper-medium-replay-v2_tau10_mpi2_seed0
historical_score_grid_s01,2,implicit,hopper-medium-replay-v2,10,1,hopper-medium-replay-v2_tau10_mpi2_seed1,d4rl_pi2,23.851433134352042,99.14608499889266,75.29465186454061,/home/ext_csv/mpi_sweep_lab/results_mpi2/hopper-medium-replay-v2_tau10_mpi2_seed1
historical_score_grid_s01,2,implicit,hopper-medium-replay-v2,12,0,hopper-medium-replay-v2_tau12_mpi2_seed0,d4rl_pi2,26.93358983966126,100.52000919838918,73.58641935872791,/home/ext_csv/mpi_sweep_lab/results_mpi2/hopper-medium-replay-v2_tau12_mpi2_seed0
historical_score_grid_s01,2,implicit,hopper-medium-replay-v2,12,1,hopper-medium-replay-v2_tau12_mpi2_seed1,d4rl_pi2,28.080223630667362,101.32482347629038,73.24459984562301,/home/ext_csv/mpi_sweep_lab/results_mpi2/hopper-medium-replay-v2_tau12_mpi2_seed1
historical_score_grid_s01,2,implicit,hopper-medium-replay-v2,14,0,hopper-medium-replay-v2_tau14_mpi2_seed0,d4rl_pi2,86.60760721607568,101.71993324985573,15.11232603378005,/home/ext_csv/mpi_sweep_lab/results_mpi2/hopper-medium-replay-v2_tau14_mpi2_seed0
historical_score_grid_s01,2,implicit,hopper-medium-replay-v2,14,1,hopper-medium-replay-v2_tau14_mpi2_seed1,d4rl_pi2,73.83199049993337,67.54142728784716,-6.290563212086212,/home/ext_csv/mpi_sweep_lab/results_mpi2/hopper-medium-replay-v2_tau14_mpi2_seed1
historical_score_grid_s01,2,implicit,hopper-medium-replay-v2,17,0,hopper-medium-replay-v2_tau17_mpi2_seed0,d4rl_pi2,32.07945161801577,70.0654623915724,37.98601077355663,/home/ext_csv/mpi_sweep_lab/results_mpi2/hopper-medium-replay-v2_tau17_mpi2_seed0
historical_score_grid_s01,2,implicit,hopper-medium-replay-v2,17,1,hopper-medium-replay-v2_tau17_mpi2_seed1,d4rl_pi2,34.12311616542939,101.13350556537041,67.01038939994103,/home/ext_csv/mpi_sweep_lab/results_mpi2/hopper-medium-replay-v2_tau17_mpi2_seed1
historical_score_grid_s01,2,implicit,hopper-medium-replay-v2,20,0,hopper-medium-replay-v2_tau20_mpi2_seed0,d4rl_pi2,86.60506019760363,96.44617335362732,9.841113156023681,/home/ext_csv/mpi_sweep_lab/results_mpi2/hopper-medium-replay-v2_tau20_mpi2_seed0
historical_score_grid_s01,2,implicit,hopper-medium-replay-v2,20,1,hopper-medium-replay-v2_tau20_mpi2_seed1,d4rl_pi2,31.26244350519884,33.02416722402576,1.7617237188269215,/home/ext_csv/mpi_sweep_lab/results_mpi2/hopper-medium-replay-v2_tau20_mpi2_seed1
historical_score_grid_s01,2,implicit,hopper-expert-v2,0.05,0,hopper-expert-v2_tau0.05_mpi2_seed0,d4rl_pi2,104.48051466054483,103.7120586441628,-0.7684560163820322,/home/ext_csv/mpi_sweep_lab/results_mpi2/hopper-expert-v2_tau0.05_mpi2_seed0
historical_score_grid_s01,2,implicit,hopper-expert-v2,0.05,1,hopper-expert-v2_tau0.05_mpi2_seed1,d4rl_pi2,100.72644648574935,93.02923796319912,-7.697208522550227,/home/ext_csv/mpi_sweep_lab/results_mpi2/hopper-expert-v2_tau0.05_mpi2_seed1
historical_score_grid_s01,2,implicit,hopper-expert-v2,0.1,0,hopper-expert-v2_tau0.1_mpi2_seed0,d4rl_pi2,105.69166660867975,106.22901129084423,0.5373446821644734,/home/ext_csv/mpi_sweep_lab/results_mpi2/hopper-expert-v2_tau0.1_mpi2_seed0
historical_score_grid_s01,2,implicit,hopper-expert-v2,0.1,1,hopper-expert-v2_tau0.1_mpi2_seed1,d4rl_pi2,101.1540645133247,105.98615117818866,4.832086664863965,/home/ext_csv/mpi_sweep_lab/results_mpi2/hopper-expert-v2_tau0.1_mpi2_seed1
historical_score_grid_s01,2,implicit,hopper-expert-v2,0.2,0,hopper-expert-v2_tau0.2_mpi2_seed0,d4rl_pi2,101.58129834621015,109.21865150045262,7.637353154242476,/home/ext_csv/mpi_sweep_lab/results_mpi2/hopper-expert-v2_tau0.2_mpi2_seed0
historical_score_grid_s01,2,implicit,hopper-expert-v2,0.2,1,hopper-expert-v2_tau0.2_mpi2_seed1,d4rl_pi2,100.77885828202862,94.55293708285912,-6.225921199169505,/home/ext_csv/mpi_sweep_lab/results_mpi2/hopper-expert-v2_tau0.2_mpi2_seed1
historical_score_grid_s01,2,implicit,hopper-expert-v2,0.4,0,hopper-expert-v2_tau0.4_mpi2_seed0,d4rl_pi2,105.462917341898,107.24893963465576,1.7860222927577496,/home/ext_csv/mpi_sweep_lab/results_mpi2/hopper-expert-v2_tau0.4_mpi2_seed0
historical_score_grid_s01,2,implicit,hopper-expert-v2,0.4,1,hopper-expert-v2_tau0.4_mpi2_seed1,d4rl_pi2,110.26239999526777,100.13937478641792,-10.123025208849853,/home/ext_csv/mpi_sweep_lab/results_mpi2/hopper-expert-v2_tau0.4_mpi2_seed1
historical_score_grid_s01,2,implicit,hopper-expert-v2,0.7,0,hopper-expert-v2_tau0.7_mpi2_seed0,d4rl_pi2,105.61818523895288,103.29521724497523,-2.3229679939776418,/home/ext_csv/mpi_sweep_lab/results_mpi2/hopper-expert-v2_tau0.7_mpi2_seed0
historical_score_grid_s01,2,implicit,hopper-expert-v2,0.7,1,hopper-expert-v2_tau0.7_mpi2_seed1,d4rl_pi2,104.63452157206996,100.70443538479262,-3.9300861872773396,/home/ext_csv/mpi_sweep_lab/results_mpi2/hopper-expert-v2_tau0.7_mpi2_seed1
historical_score_grid_s01,2,implicit,hopper-expert-v2,1.5,0,hopper-expert-v2_tau1.5_mpi2_seed0,d4rl_pi2,109.11749828020906,109.81358249118873,0.696084210979663,/home/ext_csv/mpi_sweep_lab/results_mpi2/hopper-expert-v2_tau1.5_mpi2_seed0
historical_score_grid_s01,2,implicit,hopper-expert-v2,1.5,1,hopper-expert-v2_tau1.5_mpi2_seed1,d4rl_pi2,101.03066588497636,90.60288664182009,-10.427779243156266,/home/ext_csv/mpi_sweep_lab/results_mpi2/hopper-expert-v2_tau1.5_mpi2_seed1
historical_score_grid_s01,2,implicit,hopper-expert-v2,2.5,0,hopper-expert-v2_tau2.5_mpi2_seed0,d4rl_pi2,104.74401258405616,109.7936924901718,5.049679906115628,/home/ext_csv/mpi_sweep_lab/results_mpi2/hopper-expert-v2_tau2.5_mpi2_seed0
historical_score_grid_s01,2,implicit,hopper-expert-v2,2.5,1,hopper-expert-v2_tau2.5_mpi2_seed1,d4rl_pi2,103.95334776745233,96.49267702412729,-7.460670743325039,/home/ext_csv/mpi_sweep_lab/results_mpi2/hopper-expert-v2_tau2.5_mpi2_seed1
historical_score_grid_s01,2,implicit,hopper-expert-v2,4,0,hopper-expert-v2_tau4_mpi2_seed0,d4rl_pi2,104.54968130201274,99.55971176369862,-4.989969538314128,/home/ext_csv/mpi_sweep_lab/results_mpi2/hopper-expert-v2_tau4_mpi2_seed0
historical_score_grid_s01,2,implicit,hopper-expert-v2,4,1,hopper-expert-v2_tau4_mpi2_seed1,d4rl_pi2,109.9175721342104,104.32904370716949,-5.588528427040913,/home/ext_csv/mpi_sweep_lab/results_mpi2/hopper-expert-v2_tau4_mpi2_seed1
historical_score_grid_s01,2,implicit,hopper-expert-v2,7,0,hopper-expert-v2_tau7_mpi2_seed0,d4rl_pi2,21.390678656306843,6.703025897075967,-14.687652759230875,/home/ext_csv/mpi_sweep_lab/results_mpi2/hopper-expert-v2_tau7_mpi2_seed0
historical_score_grid_s01,2,implicit,hopper-expert-v2,7,1,hopper-expert-v2_tau7_mpi2_seed1,d4rl_pi2,28.529096572297952,15.454099020081062,-13.07499755221689,/home/ext_csv/mpi_sweep_lab/results_mpi2/hopper-expert-v2_tau7_mpi2_seed1
historical_score_grid_s01,2,implicit,hopper-expert-v2,10,0,hopper-expert-v2_tau10_mpi2_seed0,d4rl_pi2,23.52168197160258,3.6337274219851694,-19.887954549617408,/home/ext_csv/mpi_sweep_lab/results_mpi2/hopper-expert-v2_tau10_mpi2_seed0
historical_score_grid_s01,2,implicit,hopper-expert-v2,10,1,hopper-expert-v2_tau10_mpi2_seed1,d4rl_pi2,1.819903610444258,1.819903610444258,0.0,/home/ext_csv/mpi_sweep_lab/results_mpi2/hopper-expert-v2_tau10_mpi2_seed1
historical_score_grid_s01,2,implicit,hopper-expert-v2,12,0,hopper-expert-v2_tau12_mpi2_seed0,d4rl_pi2,1.8196078126231339,1.8196078126231339,0.0,/home/ext_csv/mpi_sweep_lab/results_mpi2/hopper-expert-v2_tau12_mpi2_seed0
historical_score_grid_s01,2,implicit,hopper-expert-v2,12,1,hopper-expert-v2_tau12_mpi2_seed1,d4rl_pi2,1.8197263682307987,1.819903610444258,0.00017724221345938318,/home/ext_csv/mpi_sweep_lab/results_mpi2/hopper-expert-v2_tau12_mpi2_seed1
historical_score_grid_s01,2,implicit,hopper-expert-v2,14,0,hopper-expert-v2_tau14_mpi2_seed0,d4rl_pi2,14.248631383693278,0.6810438912339154,-13.567587492459362,/home/ext_csv/mpi_sweep_lab/results_mpi2/hopper-expert-v2_tau14_mpi2_seed0
historical_score_grid_s01,2,implicit,hopper-expert-v2,14,1,hopper-expert-v2_tau14_mpi2_seed1,d4rl_pi2,1.819903610444258,1.819903610444258,0.0,/home/ext_csv/mpi_sweep_lab/results_mpi2/hopper-expert-v2_tau14_mpi2_seed1
historical_score_grid_s01,2,implicit,hopper-expert-v2,17,0,hopper-expert-v2_tau17_mpi2_seed0,d4rl_pi2,1.8196078126231339,1.8196078126231339,0.0,/home/ext_csv/mpi_sweep_lab/results_mpi2/hopper-expert-v2_tau17_mpi2_seed0
historical_score_grid_s01,2,implicit,hopper-expert-v2,17,1,hopper-expert-v2_tau17_mpi2_seed1,d4rl_pi2,1.819903610444258,1.819903610444258,0.0,/home/ext_csv/mpi_sweep_lab/results_mpi2/hopper-expert-v2_tau17_mpi2_seed1
historical_score_grid_s01,2,implicit,hopper-expert-v2,20,0,hopper-expert-v2_tau20_mpi2_seed0,d4rl_pi2,2.8399291445941404,1.819475379420247,-1.0204537651738934,/home/ext_csv/mpi_sweep_lab/results_mpi2/hopper-expert-v2_tau20_mpi2_seed0
historical_score_grid_s01,2,implicit,hopper-expert-v2,20,1,hopper-expert-v2_tau20_mpi2_seed1,d4rl_pi2,1.819903610444258,1.819903610444258,0.0,/home/ext_csv/mpi_sweep_lab/results_mpi2/hopper-expert-v2_tau20_mpi2_seed1
historical_score_grid_s01,2,implicit,halfcheetah-medium-v2,0.05,0,halfcheetah-medium-v2_tau0.05_mpi2_seed0,d4rl_pi2,42.92667654281871,42.89475964725476,-0.03191689556395261,/home/ext_csv/mpi_sweep_lab/results_mpi2/halfcheetah-medium-v2_tau0.05_mpi2_seed0
historical_score_grid_s01,2,implicit,halfcheetah-medium-v2,0.05,1,halfcheetah-medium-v2_tau0.05_mpi2_seed1,d4rl_pi2,43.12809824201761,42.768944023140975,-0.35915421887663257,/home/ext_csv/mpi_sweep_lab/results_mpi2/halfcheetah-medium-v2_tau0.05_mpi2_seed1
historical_score_grid_s01,2,implicit,halfcheetah-medium-v2,0.1,0,halfcheetah-medium-v2_tau0.1_mpi2_seed0,d4rl_pi2,43.43003504574799,43.850197942470786,0.4201628967227933,/home/ext_csv/mpi_sweep_lab/results_mpi2/halfcheetah-medium-v2_tau0.1_mpi2_seed0
historical_score_grid_s01,2,implicit,halfcheetah-medium-v2,0.1,1,halfcheetah-medium-v2_tau0.1_mpi2_seed1,d4rl_pi2,43.27583885191782,43.82355561589333,0.5477167639755152,/home/ext_csv/mpi_sweep_lab/results_mpi2/halfcheetah-medium-v2_tau0.1_mpi2_seed1
historical_score_grid_s01,2,implicit,halfcheetah-medium-v2,0.2,0,halfcheetah-medium-v2_tau0.2_mpi2_seed0,d4rl_pi2,43.57902770516082,44.37962412742654,0.8005964222657198,/home/ext_csv/mpi_sweep_lab/results_mpi2/halfcheetah-medium-v2_tau0.2_mpi2_seed0
historical_score_grid_s01,2,implicit,halfcheetah-medium-v2,0.2,1,halfcheetah-medium-v2_tau0.2_mpi2_seed1,d4rl_pi2,44.08281929956457,44.38242582072306,0.29960652115848774,/home/ext_csv/mpi_sweep_lab/results_mpi2/halfcheetah-medium-v2_tau0.2_mpi2_seed1
historical_score_grid_s01,2,implicit,halfcheetah-medium-v2,0.4,0,halfcheetah-medium-v2_tau0.4_mpi2_seed0,d4rl_pi2,44.34702155695669,45.06186668606636,0.7148451291096691,/home/ext_csv/mpi_sweep_lab/results_mpi2/halfcheetah-medium-v2_tau0.4_mpi2_seed0
historical_score_grid_s01,2,implicit,halfcheetah-medium-v2,0.4,1,halfcheetah-medium-v2_tau0.4_mpi2_seed1,d4rl_pi2,44.08716045143914,45.61157832939165,1.5244178779525086,/home/ext_csv/mpi_sweep_lab/results_mpi2/halfcheetah-medium-v2_tau0.4_mpi2_seed1
historical_score_grid_s01,2,implicit,halfcheetah-medium-v2,0.7,0,halfcheetah-medium-v2_tau0.7_mpi2_seed0,d4rl_pi2,45.308898428241626,46.83021326032264,1.5213148320810106,/home/ext_csv/mpi_sweep_lab/results_mpi2/halfcheetah-medium-v2_tau0.7_mpi2_seed0
historical_score_grid_s01,2,implicit,halfcheetah-medium-v2,0.7,1,halfcheetah-medium-v2_tau0.7_mpi2_seed1,d4rl_pi2,45.6190028826352,46.75166636761197,1.1326634849767672,/home/ext_csv/mpi_sweep_lab/results_mpi2/halfcheetah-medium-v2_tau0.7_mpi2_seed1
historical_score_grid_s01,2,implicit,halfcheetah-medium-v2,1.5,0,halfcheetah-medium-v2_tau1.5_mpi2_seed0,d4rl_pi2,47.22349745163507,49.180152937127794,1.9566554854927247,/home/ext_csv/mpi_sweep_lab/results_mpi2/halfcheetah-medium-v2_tau1.5_mpi2_seed0
historical_score_grid_s01,2,implicit,halfcheetah-medium-v2,1.5,1,halfcheetah-medium-v2_tau1.5_mpi2_seed1,d4rl_pi2,47.27266252296726,49.46279884606576,2.1901363230985,/home/ext_csv/mpi_sweep_lab/results_mpi2/halfcheetah-medium-v2_tau1.5_mpi2_seed1
historical_score_grid_s01,2,implicit,halfcheetah-medium-v2,2.5,0,halfcheetah-medium-v2_tau2.5_mpi2_seed0,d4rl_pi2,48.209595325628655,51.1874922408016,2.9778969151729484,/home/ext_csv/mpi_sweep_lab/results_mpi2/halfcheetah-medium-v2_tau2.5_mpi2_seed0
historical_score_grid_s01,2,implicit,halfcheetah-medium-v2,2.5,1,halfcheetah-medium-v2_tau2.5_mpi2_seed1,d4rl_pi2,47.92658068731884,51.21169848712878,3.285117799809939,/home/ext_csv/mpi_sweep_lab/results_mpi2/halfcheetah-medium-v2_tau2.5_mpi2_seed1
historical_score_grid_s01,2,implicit,halfcheetah-medium-v2,4,0,halfcheetah-medium-v2_tau4_mpi2_seed0,d4rl_pi2,49.57648423713977,52.23684123647537,2.6603569993355975,/home/ext_csv/mpi_sweep_lab/results_mpi2/halfcheetah-medium-v2_tau4_mpi2_seed0
historical_score_grid_s01,2,implicit,halfcheetah-medium-v2,4,1,halfcheetah-medium-v2_tau4_mpi2_seed1,d4rl_pi2,50.16869454747269,55.93803171326817,5.769337165795477,/home/ext_csv/mpi_sweep_lab/results_mpi2/halfcheetah-medium-v2_tau4_mpi2_seed1
historical_score_grid_s01,2,implicit,halfcheetah-medium-v2,7,0,halfcheetah-medium-v2_tau7_mpi2_seed0,d4rl_pi2,52.504836493894416,56.772331417694296,4.26749492379988,/home/ext_csv/mpi_sweep_lab/results_mpi2/halfcheetah-medium-v2_tau7_mpi2_seed0
historical_score_grid_s01,2,implicit,halfcheetah-medium-v2,7,1,halfcheetah-medium-v2_tau7_mpi2_seed1,d4rl_pi2,53.056102003684856,57.44093148495861,4.384829481273755,/home/ext_csv/mpi_sweep_lab/results_mpi2/halfcheetah-medium-v2_tau7_mpi2_seed1
historical_score_grid_s01,2,implicit,halfcheetah-medium-v2,10,0,halfcheetah-medium-v2_tau10_mpi2_seed0,d4rl_pi2,53.30078457328066,58.00806470122869,4.707280127948032,/home/ext_csv/mpi_sweep_lab/results_mpi2/halfcheetah-medium-v2_tau10_mpi2_seed0
historical_score_grid_s01,2,implicit,halfcheetah-medium-v2,10,1,halfcheetah-medium-v2_tau10_mpi2_seed1,d4rl_pi2,54.28296381452184,58.30389896668813,4.020935152166288,/home/ext_csv/mpi_sweep_lab/results_mpi2/halfcheetah-medium-v2_tau10_mpi2_seed1
historical_score_grid_s01,2,implicit,halfcheetah-medium-v2,12,0,halfcheetah-medium-v2_tau12_mpi2_seed0,d4rl_pi2,54.60807056319587,58.071717807453105,3.4636472442572384,/home/ext_csv/mpi_sweep_lab/results_mpi2/halfcheetah-medium-v2_tau12_mpi2_seed0
historical_score_grid_s01,2,implicit,halfcheetah-medium-v2,12,1,halfcheetah-medium-v2_tau12_mpi2_seed1,d4rl_pi2,56.3520799910462,62.11036344792408,5.7582834568778765,/home/ext_csv/mpi_sweep_lab/results_mpi2/halfcheetah-medium-v2_tau12_mpi2_seed1
historical_score_grid_s01,2,implicit,halfcheetah-medium-v2,14,0,halfcheetah-medium-v2_tau14_mpi2_seed0,d4rl_pi2,55.710842204461194,61.167643783172046,5.456801578710852,/home/ext_csv/mpi_sweep_lab/results_mpi2/halfcheetah-medium-v2_tau14_mpi2_seed0
historical_score_grid_s01,2,implicit,halfcheetah-medium-v2,14,1,halfcheetah-medium-v2_tau14_mpi2_seed1,d4rl_pi2,57.13155257949934,59.90783117530639,2.7762785958070495,/home/ext_csv/mpi_sweep_lab/results_mpi2/halfcheetah-medium-v2_tau14_mpi2_seed1
historical_score_grid_s01,2,implicit,halfcheetah-medium-v2,17,0,halfcheetah-medium-v2_tau17_mpi2_seed0,d4rl_pi2,56.34675498663343,61.340326522523,4.993571535889572,/home/ext_csv/mpi_sweep_lab/results_mpi2/halfcheetah-medium-v2_tau17_mpi2_seed0
historical_score_grid_s01,2,implicit,halfcheetah-medium-v2,17,1,halfcheetah-medium-v2_tau17_mpi2_seed1,d4rl_pi2,58.57388016508964,62.23943533412216,3.6655551690325225,/home/ext_csv/mpi_sweep_lab/results_mpi2/halfcheetah-medium-v2_tau17_mpi2_seed1
historical_score_grid_s01,2,implicit,halfcheetah-medium-v2,20,0,halfcheetah-medium-v2_tau20_mpi2_seed0,d4rl_pi2,58.24853475427678,61.55777396316084,3.3092392088840583,/home/ext_csv/mpi_sweep_lab/results_mpi2/halfcheetah-medium-v2_tau20_mpi2_seed0
historical_score_grid_s01,2,implicit,halfcheetah-medium-v2,20,1,halfcheetah-medium-v2_tau20_mpi2_seed1,d4rl_pi2,58.61659887744277,61.949621447087765,3.3330225696449958,/home/ext_csv/mpi_sweep_lab/results_mpi2/halfcheetah-medium-v2_tau20_mpi2_seed1
historical_score_grid_s01,2,implicit,halfcheetah-medium-replay-v2,0.05,0,halfcheetah-medium-replay-v2_tau0.05_mpi2_seed0,d4rl_pi2,40.22009981488274,37.31760346740382,-2.902496347478916,/home/ext_csv/mpi_sweep_lab/results_mpi2/halfcheetah-medium-replay-v2_tau0.05_mpi2_seed0
historical_score_grid_s01,2,implicit,halfcheetah-medium-replay-v2,0.05,1,halfcheetah-medium-replay-v2_tau0.05_mpi2_seed1,d4rl_pi2,38.92826792558734,41.19460393189541,2.266336006308066,/home/ext_csv/mpi_sweep_lab/results_mpi2/halfcheetah-medium-replay-v2_tau0.05_mpi2_seed1
historical_score_grid_s01,2,implicit,halfcheetah-medium-replay-v2,0.1,0,halfcheetah-medium-replay-v2_tau0.1_mpi2_seed0,d4rl_pi2,40.16034887845992,41.624903448580724,1.4645545701208036,/home/ext_csv/mpi_sweep_lab/results_mpi2/halfcheetah-medium-replay-v2_tau0.1_mpi2_seed0
historical_score_grid_s01,2,implicit,halfcheetah-medium-replay-v2,0.1,1,halfcheetah-medium-replay-v2_tau0.1_mpi2_seed1,d4rl_pi2,40.42604491355048,41.603125276541405,1.177080362990928,/home/ext_csv/mpi_sweep_lab/results_mpi2/halfcheetah-medium-replay-v2_tau0.1_mpi2_seed1
historical_score_grid_s01,2,implicit,halfcheetah-medium-replay-v2,0.2,0,halfcheetah-medium-replay-v2_tau0.2_mpi2_seed0,d4rl_pi2,41.12767151182214,42.32330955129186,1.1956380394697135,/home/ext_csv/mpi_sweep_lab/results_mpi2/halfcheetah-medium-replay-v2_tau0.2_mpi2_seed0
historical_score_grid_s01,2,implicit,halfcheetah-medium-replay-v2,0.2,1,halfcheetah-medium-replay-v2_tau0.2_mpi2_seed1,d4rl_pi2,40.11602749670357,42.31879581896032,2.2027683222567447,/home/ext_csv/mpi_sweep_lab/results_mpi2/halfcheetah-medium-replay-v2_tau0.2_mpi2_seed1
historical_score_grid_s01,2,implicit,halfcheetah-medium-replay-v2,0.4,0,halfcheetah-medium-replay-v2_tau0.4_mpi2_seed0,d4rl_pi2,41.157221723109004,43.74311566974261,2.585893946633604,/home/ext_csv/mpi_sweep_lab/results_mpi2/halfcheetah-medium-replay-v2_tau0.4_mpi2_seed0
historical_score_grid_s01,2,implicit,halfcheetah-medium-replay-v2,0.4,1,halfcheetah-medium-replay-v2_tau0.4_mpi2_seed1,d4rl_pi2,41.341391030363596,43.059127441595955,1.7177364112323588,/home/ext_csv/mpi_sweep_lab/results_mpi2/halfcheetah-medium-replay-v2_tau0.4_mpi2_seed1
historical_score_grid_s01,2,implicit,halfcheetah-medium-replay-v2,0.7,0,halfcheetah-medium-replay-v2_tau0.7_mpi2_seed0,d4rl_pi2,42.00080051555054,44.11835077775988,2.117550262209342,/home/ext_csv/mpi_sweep_lab/results_mpi2/halfcheetah-medium-replay-v2_tau0.7_mpi2_seed0
historical_score_grid_s01,2,implicit,halfcheetah-medium-replay-v2,0.7,1,halfcheetah-medium-replay-v2_tau0.7_mpi2_seed1,d4rl_pi2,42.18829379528506,44.470321716417324,2.2820279211322614,/home/ext_csv/mpi_sweep_lab/results_mpi2/halfcheetah-medium-replay-v2_tau0.7_mpi2_seed1
historical_score_grid_s01,2,implicit,halfcheetah-medium-replay-v2,1.5,0,halfcheetah-medium-replay-v2_tau1.5_mpi2_seed0,d4rl_pi2,43.00290341782155,46.07225024409208,3.0693468262705323,/home/ext_csv/mpi_sweep_lab/results_mpi2/halfcheetah-medium-replay-v2_tau1.5_mpi2_seed0
historical_score_grid_s01,2,implicit,halfcheetah-medium-replay-v2,1.5,1,halfcheetah-medium-replay-v2_tau1.5_mpi2_seed1,d4rl_pi2,43.034981625940546,45.72900422334189,2.694022597401343,/home/ext_csv/mpi_sweep_lab/results_mpi2/halfcheetah-medium-replay-v2_tau1.5_mpi2_seed1
historical_score_grid_s01,2,implicit,halfcheetah-medium-replay-v2,2.5,0,halfcheetah-medium-replay-v2_tau2.5_mpi2_seed0,d4rl_pi2,44.59743368240305,48.39409964250258,3.7966659600995314,/home/ext_csv/mpi_sweep_lab/results_mpi2/halfcheetah-medium-replay-v2_tau2.5_mpi2_seed0
historical_score_grid_s01,2,implicit,halfcheetah-medium-replay-v2,2.5,1,halfcheetah-medium-replay-v2_tau2.5_mpi2_seed1,d4rl_pi2,44.34164239162378,47.56461185063597,3.222969459012191,/home/ext_csv/mpi_sweep_lab/results_mpi2/halfcheetah-medium-replay-v2_tau2.5_mpi2_seed1
historical_score_grid_s01,2,implicit,halfcheetah-medium-replay-v2,4,0,halfcheetah-medium-replay-v2_tau4_mpi2_seed0,d4rl_pi2,45.034602742402015,49.85010683760026,4.815504095198243,/home/ext_csv/mpi_sweep_lab/results_mpi2/halfcheetah-medium-replay-v2_tau4_mpi2_seed0
historical_score_grid_s01,2,implicit,halfcheetah-medium-replay-v2,4,1,halfcheetah-medium-replay-v2_tau4_mpi2_seed1,d4rl_pi2,46.60388802986918,49.5710270473826,2.967139017513418,/home/ext_csv/mpi_sweep_lab/results_mpi2/halfcheetah-medium-replay-v2_tau4_mpi2_seed1
historical_score_grid_s01,2,implicit,halfcheetah-medium-replay-v2,7,0,halfcheetah-medium-replay-v2_tau7_mpi2_seed0,d4rl_pi2,47.97150859129407,52.134248223409195,4.162739632115127,/home/ext_csv/mpi_sweep_lab/results_mpi2/halfcheetah-medium-replay-v2_tau7_mpi2_seed0
historical_score_grid_s01,2,implicit,halfcheetah-medium-replay-v2,7,1,halfcheetah-medium-replay-v2_tau7_mpi2_seed1,d4rl_pi2,47.038949467212134,51.20294655736242,4.163997090150282,/home/ext_csv/mpi_sweep_lab/results_mpi2/halfcheetah-medium-replay-v2_tau7_mpi2_seed1
historical_score_grid_s01,2,implicit,halfcheetah-medium-replay-v2,10,0,halfcheetah-medium-replay-v2_tau10_mpi2_seed0,d4rl_pi2,48.91118382350565,53.44553645469274,4.53435263118709,/home/ext_csv/mpi_sweep_lab/results_mpi2/halfcheetah-medium-replay-v2_tau10_mpi2_seed0
historical_score_grid_s01,2,implicit,halfcheetah-medium-replay-v2,10,1,halfcheetah-medium-replay-v2_tau10_mpi2_seed1,d4rl_pi2,49.590215365657016,52.793863732197934,3.203648366540918,/home/ext_csv/mpi_sweep_lab/results_mpi2/halfcheetah-medium-replay-v2_tau10_mpi2_seed1
historical_score_grid_s01,2,implicit,halfcheetah-medium-replay-v2,12,0,halfcheetah-medium-replay-v2_tau12_mpi2_seed0,d4rl_pi2,50.29283173925078,53.73831033566194,3.4454785964111636,/home/ext_csv/mpi_sweep_lab/results_mpi2/halfcheetah-medium-replay-v2_tau12_mpi2_seed0
historical_score_grid_s01,2,implicit,halfcheetah-medium-replay-v2,12,1,halfcheetah-medium-replay-v2_tau12_mpi2_seed1,d4rl_pi2,49.74821912802023,52.68275484062374,2.9345357126035054,/home/ext_csv/mpi_sweep_lab/results_mpi2/halfcheetah-medium-replay-v2_tau12_mpi2_seed1
historical_score_grid_s01,2,implicit,halfcheetah-medium-replay-v2,14,0,halfcheetah-medium-replay-v2_tau14_mpi2_seed0,d4rl_pi2,48.49148228371686,53.4693234120779,4.977841128361035,/home/ext_csv/mpi_sweep_lab/results_mpi2/halfcheetah-medium-replay-v2_tau14_mpi2_seed0
historical_score_grid_s01,2,implicit,halfcheetah-medium-replay-v2,14,1,halfcheetah-medium-replay-v2_tau14_mpi2_seed1,d4rl_pi2,49.99132739344113,51.637280733101235,1.6459533396601032,/home/ext_csv/mpi_sweep_lab/results_mpi2/halfcheetah-medium-replay-v2_tau14_mpi2_seed1
historical_score_grid_s01,2,implicit,halfcheetah-medium-replay-v2,17,0,halfcheetah-medium-replay-v2_tau17_mpi2_seed0,d4rl_pi2,52.86584517150946,53.409573786259756,0.5437286147502931,/home/ext_csv/mpi_sweep_lab/results_mpi2/halfcheetah-medium-replay-v2_tau17_mpi2_seed0
historical_score_grid_s01,2,implicit,halfcheetah-medium-replay-v2,17,1,halfcheetah-medium-replay-v2_tau17_mpi2_seed1,d4rl_pi2,51.337840696790934,53.68703234362472,2.3491916468337877,/home/ext_csv/mpi_sweep_lab/results_mpi2/halfcheetah-medium-replay-v2_tau17_mpi2_seed1
historical_score_grid_s01,2,implicit,halfcheetah-medium-replay-v2,20,0,halfcheetah-medium-replay-v2_tau20_mpi2_seed0,d4rl_pi2,53.13515247014758,54.22534531854978,1.0901928484021965,/home/ext_csv/mpi_sweep_lab/results_mpi2/halfcheetah-medium-replay-v2_tau20_mpi2_seed0
historical_score_grid_s01,2,implicit,halfcheetah-medium-replay-v2,20,1,halfcheetah-medium-replay-v2_tau20_mpi2_seed1,d4rl_pi2,51.704738465328795,54.06338495435655,2.3586464890277554,/home/ext_csv/mpi_sweep_lab/results_mpi2/halfcheetah-medium-replay-v2_tau20_mpi2_seed1
historical_score_grid_s01,2,implicit,halfcheetah-expert-v2,0.05,0,halfcheetah-expert-v2_tau0.05_mpi2_seed0,d4rl_pi2,92.77644581531099,91.19341990329647,-1.58302591201452,/home/ext_csv/mpi_sweep_lab/results_mpi2/halfcheetah-expert-v2_tau0.05_mpi2_seed0
historical_score_grid_s01,2,implicit,halfcheetah-expert-v2,0.05,1,halfcheetah-expert-v2_tau0.05_mpi2_seed1,d4rl_pi2,92.4192113160593,92.9256006201313,0.5063893040720018,/home/ext_csv/mpi_sweep_lab/results_mpi2/halfcheetah-expert-v2_tau0.05_mpi2_seed1
historical_score_grid_s01,2,implicit,halfcheetah-expert-v2,0.1,0,halfcheetah-expert-v2_tau0.1_mpi2_seed0,d4rl_pi2,93.47925151568178,91.6702815758052,-1.808969939876576,/home/ext_csv/mpi_sweep_lab/results_mpi2/halfcheetah-expert-v2_tau0.1_mpi2_seed0
historical_score_grid_s01,2,implicit,halfcheetah-expert-v2,0.1,1,halfcheetah-expert-v2_tau0.1_mpi2_seed1,d4rl_pi2,93.11844046197321,93.19322903354444,0.07478857157123286,/home/ext_csv/mpi_sweep_lab/results_mpi2/halfcheetah-expert-v2_tau0.1_mpi2_seed1
historical_score_grid_s01,2,implicit,halfcheetah-expert-v2,0.2,0,halfcheetah-expert-v2_tau0.2_mpi2_seed0,d4rl_pi2,93.16845606632451,92.05992711509785,-1.1085289512266598,/home/ext_csv/mpi_sweep_lab/results_mpi2/halfcheetah-expert-v2_tau0.2_mpi2_seed0
historical_score_grid_s01,2,implicit,halfcheetah-expert-v2,0.2,1,halfcheetah-expert-v2_tau0.2_mpi2_seed1,d4rl_pi2,92.56126599080577,93.99071829982726,1.4294523090214994,/home/ext_csv/mpi_sweep_lab/results_mpi2/halfcheetah-expert-v2_tau0.2_mpi2_seed1
historical_score_grid_s01,2,implicit,halfcheetah-expert-v2,0.4,0,halfcheetah-expert-v2_tau0.4_mpi2_seed0,d4rl_pi2,94.45774767392021,86.23690674241531,-8.220840931504895,/home/ext_csv/mpi_sweep_lab/results_mpi2/halfcheetah-expert-v2_tau0.4_mpi2_seed0
historical_score_grid_s01,2,implicit,halfcheetah-expert-v2,0.4,1,halfcheetah-expert-v2_tau0.4_mpi2_seed1,d4rl_pi2,93.2074038895523,95.22863112772862,2.0212272381763228,/home/ext_csv/mpi_sweep_lab/results_mpi2/halfcheetah-expert-v2_tau0.4_mpi2_seed1
historical_score_grid_s01,2,implicit,halfcheetah-expert-v2,0.7,0,halfcheetah-expert-v2_tau0.7_mpi2_seed0,d4rl_pi2,95.00649029885918,94.68008175535087,-0.3264085435083075,/home/ext_csv/mpi_sweep_lab/results_mpi2/halfcheetah-expert-v2_tau0.7_mpi2_seed0
historical_score_grid_s01,2,implicit,halfcheetah-expert-v2,0.7,1,halfcheetah-expert-v2_tau0.7_mpi2_seed1,d4rl_pi2,94.03660993024474,96.64857682579431,2.611966895549571,/home/ext_csv/mpi_sweep_lab/results_mpi2/halfcheetah-expert-v2_tau0.7_mpi2_seed1
historical_score_grid_s01,2,implicit,halfcheetah-expert-v2,1.5,0,halfcheetah-expert-v2_tau1.5_mpi2_seed0,d4rl_pi2,95.97099357072935,96.4118352922262,0.4408417214968523,/home/ext_csv/mpi_sweep_lab/results_mpi2/halfcheetah-expert-v2_tau1.5_mpi2_seed0
historical_score_grid_s01,2,implicit,halfcheetah-expert-v2,1.5,1,halfcheetah-expert-v2_tau1.5_mpi2_seed1,d4rl_pi2,96.3593897396564,97.2412578767749,0.8818681371185022,/home/ext_csv/mpi_sweep_lab/results_mpi2/halfcheetah-expert-v2_tau1.5_mpi2_seed1
historical_score_grid_s01,2,implicit,halfcheetah-expert-v2,2.5,0,halfcheetah-expert-v2_tau2.5_mpi2_seed0,d4rl_pi2,97.53202523791633,94.50148858917925,-3.0305366487370833,/home/ext_csv/mpi_sweep_lab/results_mpi2/halfcheetah-expert-v2_tau2.5_mpi2_seed0
historical_score_grid_s01,2,implicit,halfcheetah-expert-v2,2.5,1,halfcheetah-expert-v2_tau2.5_mpi2_seed1,d4rl_pi2,96.18242870590751,90.51122504803465,-5.671203657872866,/home/ext_csv/mpi_sweep_lab/results_mpi2/halfcheetah-expert-v2_tau2.5_mpi2_seed1
historical_score_grid_s01,2,implicit,halfcheetah-expert-v2,4,0,halfcheetah-expert-v2_tau4_mpi2_seed0,d4rl_pi2,97.56186435869756,73.1934480052107,-24.368416353486865,/home/ext_csv/mpi_sweep_lab/results_mpi2/halfcheetah-expert-v2_tau4_mpi2_seed0
historical_score_grid_s01,2,implicit,halfcheetah-expert-v2,4,1,halfcheetah-expert-v2_tau4_mpi2_seed1,d4rl_pi2,97.96791152758108,69.72857299916654,-28.239338528414535,/home/ext_csv/mpi_sweep_lab/results_mpi2/halfcheetah-expert-v2_tau4_mpi2_seed1
historical_score_grid_s01,2,implicit,halfcheetah-expert-v2,7,0,halfcheetah-expert-v2_tau7_mpi2_seed0,d4rl_pi2,67.88977940160575,44.18664980849557,-23.703129593110184,/home/ext_csv/mpi_sweep_lab/results_mpi2/halfcheetah-expert-v2_tau7_mpi2_seed0
historical_score_grid_s01,2,implicit,halfcheetah-expert-v2,7,1,halfcheetah-expert-v2_tau7_mpi2_seed1,d4rl_pi2,85.58014104700982,51.47438427980925,-34.10575676720057,/home/ext_csv/mpi_sweep_lab/results_mpi2/halfcheetah-expert-v2_tau7_mpi2_seed1
historical_score_grid_s01,2,implicit,halfcheetah-expert-v2,10,0,halfcheetah-expert-v2_tau10_mpi2_seed0,d4rl_pi2,44.86551708591957,34.10066369410213,-10.76485339181744,/home/ext_csv/mpi_sweep_lab/results_mpi2/halfcheetah-expert-v2_tau10_mpi2_seed0
historical_score_grid_s01,2,implicit,halfcheetah-expert-v2,10,1,halfcheetah-expert-v2_tau10_mpi2_seed1,d4rl_pi2,40.32928414726391,25.264524757871815,-15.064759389392098,/home/ext_csv/mpi_sweep_lab/results_mpi2/halfcheetah-expert-v2_tau10_mpi2_seed1
historical_score_grid_s01,2,implicit,halfcheetah-expert-v2,12,0,halfcheetah-expert-v2_tau12_mpi2_seed0,d4rl_pi2,5.228696972909518,1.4389608274348755,-3.789736145474642,/home/ext_csv/mpi_sweep_lab/results_mpi2/halfcheetah-expert-v2_tau12_mpi2_seed0
historical_score_grid_s01,2,implicit,halfcheetah-expert-v2,12,1,halfcheetah-expert-v2_tau12_mpi2_seed1,d4rl_pi2,44.860487521088,24.632946203622183,-20.227541317465814,/home/ext_csv/mpi_sweep_lab/results_mpi2/halfcheetah-expert-v2_tau12_mpi2_seed1
historical_score_grid_s01,2,implicit,halfcheetah-expert-v2,14,0,halfcheetah-expert-v2_tau14_mpi2_seed0,d4rl_pi2,14.120285039574988,3.824544202286786,-10.295740837288202,/home/ext_csv/mpi_sweep_lab/results_mpi2/halfcheetah-expert-v2_tau14_mpi2_seed0
historical_score_grid_s01,2,implicit,halfcheetah-expert-v2,14,1,halfcheetah-expert-v2_tau14_mpi2_seed1,d4rl_pi2,55.31727726807678,7.344029048863613,-47.97324821921317,/home/ext_csv/mpi_sweep_lab/results_mpi2/halfcheetah-expert-v2_tau14_mpi2_seed1
historical_score_grid_s01,2,implicit,halfcheetah-expert-v2,17,0,halfcheetah-expert-v2_tau17_mpi2_seed0,d4rl_pi2,2.583511898326987,0.5433308524598863,-2.040181045867101,/home/ext_csv/mpi_sweep_lab/results_mpi2/halfcheetah-expert-v2_tau17_mpi2_seed0
historical_score_grid_s01,2,implicit,halfcheetah-expert-v2,17,1,halfcheetah-expert-v2_tau17_mpi2_seed1,d4rl_pi2,1.0624180787415713,0.06892618306731813,-0.9934918956742532,/home/ext_csv/mpi_sweep_lab/results_mpi2/halfcheetah-expert-v2_tau17_mpi2_seed1
historical_score_grid_s01,2,implicit,halfcheetah-expert-v2,20,0,halfcheetah-expert-v2_tau20_mpi2_seed0,d4rl_pi2,14.18085452660879,9.284681432617518,-4.896173093991273,/home/ext_csv/mpi_sweep_lab/results_mpi2/halfcheetah-expert-v2_tau20_mpi2_seed0
historical_score_grid_s01,2,implicit,halfcheetah-expert-v2,20,1,halfcheetah-expert-v2_tau20_mpi2_seed1,d4rl_pi2,4.819384219011589,-1.5404724834741086,-6.359856702485697,/home/ext_csv/mpi_sweep_lab/results_mpi2/halfcheetah-expert-v2_tau20_mpi2_seed1
historical_score_grid_s01,2,implicit,walker2d-medium-v2,0.05,0,walker2d-medium-v2_tau0.05_mpi2_seed0,d4rl_pi2,71.34836251951204,78.7101317174596,7.361769197947567,/home/ext_csv/mpi_sweep_lab/results_mpi2/walker2d-medium-v2_tau0.05_mpi2_seed0
historical_score_grid_s01,2,implicit,walker2d-medium-v2,0.05,1,walker2d-medium-v2_tau0.05_mpi2_seed1,d4rl_pi2,76.16831152540468,77.00529813037859,0.8369866049739159,/home/ext_csv/mpi_sweep_lab/results_mpi2/walker2d-medium-v2_tau0.05_mpi2_seed1
historical_score_grid_s01,2,implicit,walker2d-medium-v2,0.1,0,walker2d-medium-v2_tau0.1_mpi2_seed0,d4rl_pi2,75.40670603205824,80.02377435028933,4.617068318231091,/home/ext_csv/mpi_sweep_lab/results_mpi2/walker2d-medium-v2_tau0.1_mpi2_seed0
historical_score_grid_s01,2,implicit,walker2d-medium-v2,0.1,1,walker2d-medium-v2_tau0.1_mpi2_seed1,d4rl_pi2,64.92582262690382,71.64913297987151,6.723310352967687,/home/ext_csv/mpi_sweep_lab/results_mpi2/walker2d-medium-v2_tau0.1_mpi2_seed1
historical_score_grid_s01,2,implicit,walker2d-medium-v2,0.2,0,walker2d-medium-v2_tau0.2_mpi2_seed0,d4rl_pi2,76.16610430968267,82.97413049158844,6.808026181905774,/home/ext_csv/mpi_sweep_lab/results_mpi2/walker2d-medium-v2_tau0.2_mpi2_seed0
historical_score_grid_s01,2,implicit,walker2d-medium-v2,0.2,1,walker2d-medium-v2_tau0.2_mpi2_seed1,d4rl_pi2,77.75404081841792,68.23224357175141,-9.521797246666509,/home/ext_csv/mpi_sweep_lab/results_mpi2/walker2d-medium-v2_tau0.2_mpi2_seed1
historical_score_grid_s01,2,implicit,walker2d-medium-v2,0.4,0,walker2d-medium-v2_tau0.4_mpi2_seed0,d4rl_pi2,79.56602306211114,83.23479389150464,3.6687708293934946,/home/ext_csv/mpi_sweep_lab/results_mpi2/walker2d-medium-v2_tau0.4_mpi2_seed0
historical_score_grid_s01,2,implicit,walker2d-medium-v2,0.4,1,walker2d-medium-v2_tau0.4_mpi2_seed1,d4rl_pi2,79.7175042549865,74.3996617498899,-5.317842505096593,/home/ext_csv/mpi_sweep_lab/results_mpi2/walker2d-medium-v2_tau0.4_mpi2_seed1
historical_score_grid_s01,2,implicit,walker2d-medium-v2,0.7,0,walker2d-medium-v2_tau0.7_mpi2_seed0,d4rl_pi2,78.72168499187303,83.77839789988445,5.05671290801142,/home/ext_csv/mpi_sweep_lab/results_mpi2/walker2d-medium-v2_tau0.7_mpi2_seed0
historical_score_grid_s01,2,implicit,walker2d-medium-v2,0.7,1,walker2d-medium-v2_tau0.7_mpi2_seed1,d4rl_pi2,82.20200740164199,83.52742632766184,1.3254189260198501,/home/ext_csv/mpi_sweep_lab/results_mpi2/walker2d-medium-v2_tau0.7_mpi2_seed1
historical_score_grid_s01,2,implicit,walker2d-medium-v2,1.5,0,walker2d-medium-v2_tau1.5_mpi2_seed0,d4rl_pi2,84.49067159423815,74.6200489625788,-9.870622631659344,/home/ext_csv/mpi_sweep_lab/results_mpi2/walker2d-medium-v2_tau1.5_mpi2_seed0
historical_score_grid_s01,2,implicit,walker2d-medium-v2,1.5,1,walker2d-medium-v2_tau1.5_mpi2_seed1,d4rl_pi2,84.49936676404829,78.44734160814511,-6.052025155903181,/home/ext_csv/mpi_sweep_lab/results_mpi2/walker2d-medium-v2_tau1.5_mpi2_seed1
historical_score_grid_s01,2,implicit,walker2d-medium-v2,2.5,0,walker2d-medium-v2_tau2.5_mpi2_seed0,d4rl_pi2,86.17662498264916,80.47895745010571,-5.6976675325434485,/home/ext_csv/mpi_sweep_lab/results_mpi2/walker2d-medium-v2_tau2.5_mpi2_seed0
historical_score_grid_s01,2,implicit,walker2d-medium-v2,2.5,1,walker2d-medium-v2_tau2.5_mpi2_seed1,d4rl_pi2,80.24211325513797,87.256742426911,7.014629171773038,/home/ext_csv/mpi_sweep_lab/results_mpi2/walker2d-medium-v2_tau2.5_mpi2_seed1
historical_score_grid_s01,2,implicit,walker2d-medium-v2,4,0,walker2d-medium-v2_tau4_mpi2_seed0,d4rl_pi2,3.387308014264895,2.3936461075606172,-0.9936619067042778,/home/ext_csv/mpi_sweep_lab/results_mpi2/walker2d-medium-v2_tau4_mpi2_seed0
historical_score_grid_s01,2,implicit,walker2d-medium-v2,4,1,walker2d-medium-v2_tau4_mpi2_seed1,d4rl_pi2,88.35813038851308,90.14654894448363,1.7884185559705514,/home/ext_csv/mpi_sweep_lab/results_mpi2/walker2d-medium-v2_tau4_mpi2_seed1
historical_score_grid_s01,2,implicit,walker2d-medium-v2,7,0,walker2d-medium-v2_tau7_mpi2_seed0,d4rl_pi2,82.81523668809845,92.1002778933033,9.285041205204848,/home/ext_csv/mpi_sweep_lab/results_mpi2/walker2d-medium-v2_tau7_mpi2_seed0
historical_score_grid_s01,2,implicit,walker2d-medium-v2,7,1,walker2d-medium-v2_tau7_mpi2_seed1,d4rl_pi2,44.909752888760444,74.71336422411258,29.803611335352137,/home/ext_csv/mpi_sweep_lab/results_mpi2/walker2d-medium-v2_tau7_mpi2_seed1
historical_score_grid_s01,2,implicit,walker2d-medium-v2,10,0,walker2d-medium-v2_tau10_mpi2_seed0,d4rl_pi2,1.9596677628562837,0.8882279873156087,-1.071439775540675,/home/ext_csv/mpi_sweep_lab/results_mpi2/walker2d-medium-v2_tau10_mpi2_seed0
historical_score_grid_s01,2,implicit,walker2d-medium-v2,10,1,walker2d-medium-v2_tau10_mpi2_seed1,d4rl_pi2,52.703711298682535,32.661782490046825,-20.04192880863571,/home/ext_csv/mpi_sweep_lab/results_mpi2/walker2d-medium-v2_tau10_mpi2_seed1
historical_score_grid_s01,2,implicit,walker2d-medium-v2,12,0,walker2d-medium-v2_tau12_mpi2_seed0,d4rl_pi2,2.3021822444127196,2.3018707417014848,-0.0003115027112348123,/home/ext_csv/mpi_sweep_lab/results_mpi2/walker2d-medium-v2_tau12_mpi2_seed0
historical_score_grid_s01,2,implicit,walker2d-medium-v2,12,1,walker2d-medium-v2_tau12_mpi2_seed1,d4rl_pi2,2.4098251131357027,2.368422904146782,-0.04140220898892055,/home/ext_csv/mpi_sweep_lab/results_mpi2/walker2d-medium-v2_tau12_mpi2_seed1
historical_score_grid_s01,2,implicit,walker2d-medium-v2,14,0,walker2d-medium-v2_tau14_mpi2_seed0,d4rl_pi2,2.3018876624502544,2.3018707417014848,-1.6920748769688743e-05,/home/ext_csv/mpi_sweep_lab/results_mpi2/walker2d-medium-v2_tau14_mpi2_seed0
historical_score_grid_s01,2,implicit,walker2d-medium-v2,14,1,walker2d-medium-v2_tau14_mpi2_seed1,d4rl_pi2,2.368422904146782,2.368422904146782,0.0,/home/ext_csv/mpi_sweep_lab/results_mpi2/walker2d-medium-v2_tau14_mpi2_seed1
historical_score_grid_s01,2,implicit,walker2d-medium-v2,17,0,walker2d-medium-v2_tau17_mpi2_seed0,d4rl_pi2,2.3018707434895354,2.3018707417014848,-1.7880505964740223e-09,/home/ext_csv/mpi_sweep_lab/results_mpi2/walker2d-medium-v2_tau17_mpi2_seed0
historical_score_grid_s01,2,implicit,walker2d-medium-v2,17,1,walker2d-medium-v2_tau17_mpi2_seed1,d4rl_pi2,2.368422904146782,2.368422904146782,0.0,/home/ext_csv/mpi_sweep_lab/results_mpi2/walker2d-medium-v2_tau17_mpi2_seed1
historical_score_grid_s01,2,implicit,walker2d-medium-v2,20,0,walker2d-medium-v2_tau20_mpi2_seed0,d4rl_pi2,6.0109481694761335,3.1756827951423006,-2.835265374333833,/home/ext_csv/mpi_sweep_lab/results_mpi2/walker2d-medium-v2_tau20_mpi2_seed0
historical_score_grid_s01,2,implicit,walker2d-medium-v2,20,1,walker2d-medium-v2_tau20_mpi2_seed1,d4rl_pi2,50.96612103514019,30.143353475024597,-20.822767560115594,/home/ext_csv/mpi_sweep_lab/results_mpi2/walker2d-medium-v2_tau20_mpi2_seed1
historical_score_grid_s01,2,implicit,walker2d-medium-replay-v2,0.05,0,walker2d-medium-replay-v2_tau0.05_mpi2_seed0,d4rl_pi2,11.20302413492373,21.130989687318745,9.927965552395015,/home/ext_csv/mpi_sweep_lab/results_mpi2/walker2d-medium-replay-v2_tau0.05_mpi2_seed0
historical_score_grid_s01,2,implicit,walker2d-medium-replay-v2,0.05,1,walker2d-medium-replay-v2_tau0.05_mpi2_seed1,d4rl_pi2,14.397802023837455,33.895383288232075,19.49758126439462,/home/ext_csv/mpi_sweep_lab/results_mpi2/walker2d-medium-replay-v2_tau0.05_mpi2_seed1
historical_score_grid_s01,2,implicit,walker2d-medium-replay-v2,0.1,0,walker2d-medium-replay-v2_tau0.1_mpi2_seed0,d4rl_pi2,9.200692682977067,61.68025158869366,52.47955890571659,/home/ext_csv/mpi_sweep_lab/results_mpi2/walker2d-medium-replay-v2_tau0.1_mpi2_seed0
historical_score_grid_s01,2,implicit,walker2d-medium-replay-v2,0.1,1,walker2d-medium-replay-v2_tau0.1_mpi2_seed1,d4rl_pi2,19.487857123781904,38.561790359529034,19.07393323574713,/home/ext_csv/mpi_sweep_lab/results_mpi2/walker2d-medium-replay-v2_tau0.1_mpi2_seed1
historical_score_grid_s01,2,implicit,walker2d-medium-replay-v2,0.2,0,walker2d-medium-replay-v2_tau0.2_mpi2_seed0,d4rl_pi2,9.609472071968394,67.66751380658967,58.05804173462127,/home/ext_csv/mpi_sweep_lab/results_mpi2/walker2d-medium-replay-v2_tau0.2_mpi2_seed0
historical_score_grid_s01,2,implicit,walker2d-medium-replay-v2,0.2,1,walker2d-medium-replay-v2_tau0.2_mpi2_seed1,d4rl_pi2,12.910792902681026,73.56915568851625,60.65836278583522,/home/ext_csv/mpi_sweep_lab/results_mpi2/walker2d-medium-replay-v2_tau0.2_mpi2_seed1
historical_score_grid_s01,2,implicit,walker2d-medium-replay-v2,0.4,0,walker2d-medium-replay-v2_tau0.4_mpi2_seed0,d4rl_pi2,10.440975829589954,71.09802520370326,60.657049374113306,/home/ext_csv/mpi_sweep_lab/results_mpi2/walker2d-medium-replay-v2_tau0.4_mpi2_seed0
historical_score_grid_s01,2,implicit,walker2d-medium-replay-v2,0.4,1,walker2d-medium-replay-v2_tau0.4_mpi2_seed1,d4rl_pi2,60.4815663152078,51.66992197559877,-8.811644339609032,/home/ext_csv/mpi_sweep_lab/results_mpi2/walker2d-medium-replay-v2_tau0.4_mpi2_seed1
historical_score_grid_s01,2,implicit,walker2d-medium-replay-v2,0.7,0,walker2d-medium-replay-v2_tau0.7_mpi2_seed0,d4rl_pi2,12.125764403525459,75.93849949693212,63.812735093406665,/home/ext_csv/mpi_sweep_lab/results_mpi2/walker2d-medium-replay-v2_tau0.7_mpi2_seed0
historical_score_grid_s01,2,implicit,walker2d-medium-replay-v2,0.7,1,walker2d-medium-replay-v2_tau0.7_mpi2_seed1,d4rl_pi2,67.8200152150852,85.39914566788278,17.57913045279757,/home/ext_csv/mpi_sweep_lab/results_mpi2/walker2d-medium-replay-v2_tau0.7_mpi2_seed1
historical_score_grid_s01,2,implicit,walker2d-medium-replay-v2,1.5,0,walker2d-medium-replay-v2_tau1.5_mpi2_seed0,d4rl_pi2,29.31707350661971,86.24668040302294,56.92960689640323,/home/ext_csv/mpi_sweep_lab/results_mpi2/walker2d-medium-replay-v2_tau1.5_mpi2_seed0
historical_score_grid_s01,2,implicit,walker2d-medium-replay-v2,1.5,1,walker2d-medium-replay-v2_tau1.5_mpi2_seed1,d4rl_pi2,63.82830992705739,86.89396402623014,23.065654099172747,/home/ext_csv/mpi_sweep_lab/results_mpi2/walker2d-medium-replay-v2_tau1.5_mpi2_seed1
historical_score_grid_s01,2,implicit,walker2d-medium-replay-v2,2.5,0,walker2d-medium-replay-v2_tau2.5_mpi2_seed0,d4rl_pi2,36.123240565095784,84.69724061535172,48.57400005025593,/home/ext_csv/mpi_sweep_lab/results_mpi2/walker2d-medium-replay-v2_tau2.5_mpi2_seed0
historical_score_grid_s01,2,implicit,walker2d-medium-replay-v2,2.5,1,walker2d-medium-replay-v2_tau2.5_mpi2_seed1,d4rl_pi2,50.542494236840405,90.4858121048678,39.9433178680274,/home/ext_csv/mpi_sweep_lab/results_mpi2/walker2d-medium-replay-v2_tau2.5_mpi2_seed1
historical_score_grid_s01,2,implicit,walker2d-medium-replay-v2,4,0,walker2d-medium-replay-v2_tau4_mpi2_seed0,d4rl_pi2,48.82343171360016,17.748801516264127,-31.07463019733603,/home/ext_csv/mpi_sweep_lab/results_mpi2/walker2d-medium-replay-v2_tau4_mpi2_seed0
historical_score_grid_s01,2,implicit,walker2d-medium-replay-v2,4,1,walker2d-medium-replay-v2_tau4_mpi2_seed1,d4rl_pi2,71.67985962882331,92.85468964626934,21.174830017446027,/home/ext_csv/mpi_sweep_lab/results_mpi2/walker2d-medium-replay-v2_tau4_mpi2_seed1
historical_score_grid_s01,2,implicit,walker2d-medium-replay-v2,7,0,walker2d-medium-replay-v2_tau7_mpi2_seed0,d4rl_pi2,89.17962266468275,78.22050893691454,-10.959113727768212,/home/ext_csv/mpi_sweep_lab/results_mpi2/walker2d-medium-replay-v2_tau7_mpi2_seed0
historical_score_grid_s01,2,implicit,walker2d-medium-replay-v2,7,1,walker2d-medium-replay-v2_tau7_mpi2_seed1,d4rl_pi2,93.88956217232308,94.54401707264431,0.6544549003212268,/home/ext_csv/mpi_sweep_lab/results_mpi2/walker2d-medium-replay-v2_tau7_mpi2_seed1
historical_score_grid_s01,2,implicit,walker2d-medium-replay-v2,10,0,walker2d-medium-replay-v2_tau10_mpi2_seed0,d4rl_pi2,83.10308046742404,90.87105335229039,7.767972884866353,/home/ext_csv/mpi_sweep_lab/results_mpi2/walker2d-medium-replay-v2_tau10_mpi2_seed0
historical_score_grid_s01,2,implicit,walker2d-medium-replay-v2,10,1,walker2d-medium-replay-v2_tau10_mpi2_seed1,d4rl_pi2,83.69235318947318,92.34750451999804,8.655151330524859,/home/ext_csv/mpi_sweep_lab/results_mpi2/walker2d-medium-replay-v2_tau10_mpi2_seed1
historical_score_grid_s01,2,implicit,walker2d-medium-replay-v2,12,0,walker2d-medium-replay-v2_tau12_mpi2_seed0,d4rl_pi2,5.296827298119223,4.8884164147702895,-0.4084108833489335,/home/ext_csv/mpi_sweep_lab/results_mpi2/walker2d-medium-replay-v2_tau12_mpi2_seed0
historical_score_grid_s01,2,implicit,walker2d-medium-replay-v2,12,1,walker2d-medium-replay-v2_tau12_mpi2_seed1,d4rl_pi2,81.66738618312972,77.51280197966963,-4.1545842034600895,/home/ext_csv/mpi_sweep_lab/results_mpi2/walker2d-medium-replay-v2_tau12_mpi2_seed1
historical_score_grid_s01,2,implicit,walker2d-medium-replay-v2,14,0,walker2d-medium-replay-v2_tau14_mpi2_seed0,d4rl_pi2,11.620129877319059,9.264375362585008,-2.35575451473405,/home/ext_csv/mpi_sweep_lab/results_mpi2/walker2d-medium-replay-v2_tau14_mpi2_seed0
historical_score_grid_s01,2,implicit,walker2d-medium-replay-v2,14,1,walker2d-medium-replay-v2_tau14_mpi2_seed1,d4rl_pi2,46.89925411788179,29.39410910999586,-17.50514500788593,/home/ext_csv/mpi_sweep_lab/results_mpi2/walker2d-medium-replay-v2_tau14_mpi2_seed1
historical_score_grid_s01,2,implicit,walker2d-medium-replay-v2,17,0,walker2d-medium-replay-v2_tau17_mpi2_seed0,d4rl_pi2,21.261085447023508,4.365613548413464,-16.895471898610044,/home/ext_csv/mpi_sweep_lab/results_mpi2/walker2d-medium-replay-v2_tau17_mpi2_seed0
historical_score_grid_s01,2,implicit,walker2d-medium-replay-v2,17,1,walker2d-medium-replay-v2_tau17_mpi2_seed1,d4rl_pi2,8.15643175178589,6.336192859365449,-1.8202388924204413,/home/ext_csv/mpi_sweep_lab/results_mpi2/walker2d-medium-replay-v2_tau17_mpi2_seed1
historical_score_grid_s01,2,implicit,walker2d-medium-replay-v2,20,0,walker2d-medium-replay-v2_tau20_mpi2_seed0,d4rl_pi2,35.93867557408939,87.4868232980392,51.54814772394981,/home/ext_csv/mpi_sweep_lab/results_mpi2/walker2d-medium-replay-v2_tau20_mpi2_seed0
historical_score_grid_s01,2,implicit,walker2d-medium-replay-v2,20,1,walker2d-medium-replay-v2_tau20_mpi2_seed1,d4rl_pi2,0.8652899197535757,0.16635957082863584,-0.6989303489249399,/home/ext_csv/mpi_sweep_lab/results_mpi2/walker2d-medium-replay-v2_tau20_mpi2_seed1
historical_score_grid_s01,2,implicit,walker2d-expert-v2,0.05,0,walker2d-expert-v2_tau0.05_mpi2_seed0,d4rl_pi2,105.96095552122988,106.32183142375465,0.36087590252476787,/home/ext_csv/mpi_sweep_lab/results_mpi2/walker2d-expert-v2_tau0.05_mpi2_seed0
historical_score_grid_s01,2,implicit,walker2d-expert-v2,0.05,1,walker2d-expert-v2_tau0.05_mpi2_seed1,d4rl_pi2,106.66768796745392,106.58471330439012,-0.0829746630637942,/home/ext_csv/mpi_sweep_lab/results_mpi2/walker2d-expert-v2_tau0.05_mpi2_seed1
historical_score_grid_s01,2,implicit,walker2d-expert-v2,0.1,0,walker2d-expert-v2_tau0.1_mpi2_seed0,d4rl_pi2,106.45509208327746,106.75693780975936,0.30184572648190056,/home/ext_csv/mpi_sweep_lab/results_mpi2/walker2d-expert-v2_tau0.1_mpi2_seed0
historical_score_grid_s01,2,implicit,walker2d-expert-v2,0.1,1,walker2d-expert-v2_tau0.1_mpi2_seed1,d4rl_pi2,106.89543667810312,106.42139382837044,-0.4740428497326832,/home/ext_csv/mpi_sweep_lab/results_mpi2/walker2d-expert-v2_tau0.1_mpi2_seed1
historical_score_grid_s01,2,implicit,walker2d-expert-v2,0.2,0,walker2d-expert-v2_tau0.2_mpi2_seed0,d4rl_pi2,105.472660837301,99.72764653725883,-5.745014300042172,/home/ext_csv/mpi_sweep_lab/results_mpi2/walker2d-expert-v2_tau0.2_mpi2_seed0
historical_score_grid_s01,2,implicit,walker2d-expert-v2,0.2,1,walker2d-expert-v2_tau0.2_mpi2_seed1,d4rl_pi2,107.14384530112993,107.43502426526277,0.2911789641328397,/home/ext_csv/mpi_sweep_lab/results_mpi2/walker2d-expert-v2_tau0.2_mpi2_seed1
historical_score_grid_s01,2,implicit,walker2d-expert-v2,0.4,0,walker2d-expert-v2_tau0.4_mpi2_seed0,d4rl_pi2,98.93927119218776,107.93260400839502,8.993332816207257,/home/ext_csv/mpi_sweep_lab/results_mpi2/walker2d-expert-v2_tau0.4_mpi2_seed0
historical_score_grid_s01,2,implicit,walker2d-expert-v2,0.4,1,walker2d-expert-v2_tau0.4_mpi2_seed1,d4rl_pi2,106.09737955206269,107.63900468523147,1.541625133168779,/home/ext_csv/mpi_sweep_lab/results_mpi2/walker2d-expert-v2_tau0.4_mpi2_seed1
historical_score_grid_s01,2,implicit,walker2d-expert-v2,0.7,0,walker2d-expert-v2_tau0.7_mpi2_seed0,d4rl_pi2,107.63334366131949,108.41995872579268,0.786615064473196,/home/ext_csv/mpi_sweep_lab/results_mpi2/walker2d-expert-v2_tau0.7_mpi2_seed0
historical_score_grid_s01,2,implicit,walker2d-expert-v2,0.7,1,walker2d-expert-v2_tau0.7_mpi2_seed1,d4rl_pi2,106.93460440857467,108.18337163680877,1.248767228234101,/home/ext_csv/mpi_sweep_lab/results_mpi2/walker2d-expert-v2_tau0.7_mpi2_seed1
historical_score_grid_s01,2,implicit,walker2d-expert-v2,1.5,0,walker2d-expert-v2_tau1.5_mpi2_seed0,d4rl_pi2,108.45630436425968,109.68632448676496,1.2300201225052803,/home/ext_csv/mpi_sweep_lab/results_mpi2/walker2d-expert-v2_tau1.5_mpi2_seed0
historical_score_grid_s01,2,implicit,walker2d-expert-v2,1.5,1,walker2d-expert-v2_tau1.5_mpi2_seed1,d4rl_pi2,108.7415243493085,110.2143752864338,1.4728509371253011,/home/ext_csv/mpi_sweep_lab/results_mpi2/walker2d-expert-v2_tau1.5_mpi2_seed1
historical_score_grid_s01,2,implicit,walker2d-expert-v2,2.5,0,walker2d-expert-v2_tau2.5_mpi2_seed0,d4rl_pi2,109.50083569554208,110.71842410379512,1.217588408253036,/home/ext_csv/mpi_sweep_lab/results_mpi2/walker2d-expert-v2_tau2.5_mpi2_seed0
historical_score_grid_s01,2,implicit,walker2d-expert-v2,2.5,1,walker2d-expert-v2_tau2.5_mpi2_seed1,d4rl_pi2,109.48844449915156,111.052213046252,1.5637685471004517,/home/ext_csv/mpi_sweep_lab/results_mpi2/walker2d-expert-v2_tau2.5_mpi2_seed1
historical_score_grid_s01,2,implicit,walker2d-expert-v2,4,0,walker2d-expert-v2_tau4_mpi2_seed0,d4rl_pi2,109.99765759150262,111.67144302434893,1.6737854328463158,/home/ext_csv/mpi_sweep_lab/results_mpi2/walker2d-expert-v2_tau4_mpi2_seed0
historical_score_grid_s01,2,implicit,walker2d-expert-v2,4,1,walker2d-expert-v2_tau4_mpi2_seed1,d4rl_pi2,110.36765142166492,112.23713469488541,1.8694832732204958,/home/ext_csv/mpi_sweep_lab/results_mpi2/walker2d-expert-v2_tau4_mpi2_seed1
historical_score_grid_s01,2,implicit,walker2d-expert-v2,7,0,walker2d-expert-v2_tau7_mpi2_seed0,d4rl_pi2,10.268205876977513,6.984643921358905,-3.283561955618608,/home/ext_csv/mpi_sweep_lab/results_mpi2/walker2d-expert-v2_tau7_mpi2_seed0
historical_score_grid_s01,2,implicit,walker2d-expert-v2,7,1,walker2d-expert-v2_tau7_mpi2_seed1,d4rl_pi2,110.85907391938899,112.99476463009216,2.135690710703173,/home/ext_csv/mpi_sweep_lab/results_mpi2/walker2d-expert-v2_tau7_mpi2_seed1
historical_score_grid_s01,2,implicit,walker2d-expert-v2,10,0,walker2d-expert-v2_tau10_mpi2_seed0,d4rl_pi2,16.23598120833877,0.12907028780816368,-16.106910920530606,/home/ext_csv/mpi_sweep_lab/results_mpi2/walker2d-expert-v2_tau10_mpi2_seed0
historical_score_grid_s01,2,implicit,walker2d-expert-v2,10,1,walker2d-expert-v2_tau10_mpi2_seed1,d4rl_pi2,-0.06708811052011805,-0.26543414476063265,-0.1983460342405146,/home/ext_csv/mpi_sweep_lab/results_mpi2/walker2d-expert-v2_tau10_mpi2_seed1
historical_score_grid_s01,2,implicit,walker2d-expert-v2,12,0,walker2d-expert-v2_tau12_mpi2_seed0,d4rl_pi2,16.942736449647235,1.4158686283635276,-15.526867821283707,/home/ext_csv/mpi_sweep_lab/results_mpi2/walker2d-expert-v2_tau12_mpi2_seed0
historical_score_grid_s01,2,implicit,walker2d-expert-v2,12,1,walker2d-expert-v2_tau12_mpi2_seed1,d4rl_pi2,-0.7891398833464824,-0.2652952607684646,0.5238446225780178,/home/ext_csv/mpi_sweep_lab/results_mpi2/walker2d-expert-v2_tau12_mpi2_seed1
historical_score_grid_s01,2,implicit,walker2d-expert-v2,14,0,walker2d-expert-v2_tau14_mpi2_seed0,d4rl_pi2,8.261263176594468,-0.19889724774349873,-8.460160424337968,/home/ext_csv/mpi_sweep_lab/results_mpi2/walker2d-expert-v2_tau14_mpi2_seed0
historical_score_grid_s01,2,implicit,walker2d-expert-v2,14,1,walker2d-expert-v2_tau14_mpi2_seed1,d4rl_pi2,-0.2708408267502759,-0.2713346597061892,-0.0004938329559133203,/home/ext_csv/mpi_sweep_lab/results_mpi2/walker2d-expert-v2_tau14_mpi2_seed1
historical_score_grid_s01,2,implicit,walker2d-expert-v2,17,0,walker2d-expert-v2_tau17_mpi2_seed0,d4rl_pi2,7.229075808517373,7.157639491194965,-0.07143631732240774,/home/ext_csv/mpi_sweep_lab/results_mpi2/walker2d-expert-v2_tau17_mpi2_seed0
historical_score_grid_s01,2,implicit,walker2d-expert-v2,17,1,walker2d-expert-v2_tau17_mpi2_seed1,d4rl_pi2,-0.27119293293876984,2.368422904146782,2.639615837085552,/home/ext_csv/mpi_sweep_lab/results_mpi2/walker2d-expert-v2_tau17_mpi2_seed1
historical_score_grid_s01,2,implicit,walker2d-expert-v2,20,0,walker2d-expert-v2_tau20_mpi2_seed0,d4rl_pi2,9.888192496397679,2.3018707417014848,-7.586321754696193,/home/ext_csv/mpi_sweep_lab/results_mpi2/walker2d-expert-v2_tau20_mpi2_seed0
historical_score_grid_s01,2,implicit,walker2d-expert-v2,20,1,walker2d-expert-v2_tau20_mpi2_seed1,d4rl_pi2,-0.2713346597061892,-0.2713346597061892,0.0,/home/ext_csv/mpi_sweep_lab/results_mpi2/walker2d-expert-v2_tau20_mpi2_seed1
