environment,seed,integrator,s,t,total,pi_u_vs_continue_pi_s_rms,pi_u_vs_continue_pi_t_rms,relative_pi_u_vs_continue_mean,order_defect_rms,relative_order_defect,actor_gap_pi_s_to_pi_u_rms,actor_gap_aD_to_pi_u_rms,pi_s_vs_Phi_s_aD_rms,pi_u_vs_Phi_u_aD_rms,relative_pi_u_vs_Phi_u_aD,pi_u_vs_Phi_t_Phi_s_aD_rms,relative_pi_u_vs_Phi_t_Phi_s_aD,Phi_u_vs_Phi_t_Phi_s_aD_rms,relative_frozen_semigroup_from_aD,solver_converged_sample_fraction,all_solver_calls_converged,max_solver_iterations,max_fixed_point_residual,max_projection_fraction,all_numeric_outputs_finite,n_states
halfcheetah-medium-v2,2,explicit,0.05,0.05,0.1,0.07421576262659749,0.07421576262659749,0.3036243468975648,0.0,0.0,0.07406161303369715,0.24443284402234058,0.24062299451132413,0.24390087628852536,0.9978236650809226,0.24389857292450923,0.9978142417809346,0.0025146329754532344,0.010287623111824542,1.0,True,1,0.0,0.005859375,True,512
halfcheetah-medium-v2,2,implicit,0.05,0.05,0.1,0.07380544803330137,0.07380544803330137,0.29870277923609,0.0,0.0,0.07363206470859332,0.24708657958273195,0.24717570918067808,0.25154333083066366,0.9978627369407336,0.2515462679421681,0.9978743883493193,0.00045987399290837766,0.0018243024758240875,0.701171875,False,200,0.01257091760635376,0.005859375,True,512
halfcheetah-medium-v2,2,explicit,0.1,0.1,0.2,0.09162633576572175,0.09162633576572175,0.3645356607775054,0.0,0.0,0.09068037443085757,0.2513508159127564,0.24390087628852536,0.25022576029090776,0.9955239627221297,0.25029536780110945,0.9958008964171683,0.0027082355981640992,0.010774723719632265,1.0,True,1,0.0,0.01953125,True,512
halfcheetah-medium-v2,2,implicit,0.1,0.1,0.2,0.08969796929086345,0.08969796929086345,0.35053563800417115,0.0,0.0,0.08912012784066768,0.2558883022609989,0.27104352328027204,0.27682280792947356,0.9986990520755757,0.27682156698164595,0.9986945750838554,0.0005521940631331696,0.0019921613090253644,0.53125,False,200,0.060914576053619385,0.015625,True,512
halfcheetah-medium-v2,2,explicit,0.2,0.2,0.4,0.09634886478199951,0.09634886478199951,0.40062839577459514,0.0,0.0,0.09501681448406389,0.2404943478749522,0.25022576029090776,0.23905142488511336,0.9940001792034252,0.23861763046776838,0.9921964178211804,0.010874495842971515,0.04521726160743634,1.0,True,1,0.0,0.060546875,True,512
halfcheetah-medium-v2,2,implicit,0.2,0.2,0.4,0.10021367405125563,0.10021367405125563,0.4077421336698394,0.0,0.0,0.09952691790848998,0.2457770874677414,0.2950575395533984,0.27365836169435953,0.9944005879621047,0.2736630186050904,0.994417509918153,0.0022234619090017345,0.008079460155842336,0.396484375,False,200,0.03703686594963074,0.064453125,True,512
halfcheetah-medium-v2,2,explicit,1.5,2.5,4.0,0.1769398652100572,0.1354124357173521,0.5621635585507612,0.167162324231263,0.6017088189614597,0.1348149328216775,0.2778126544992022,0.2522582721238725,0.2762842880421024,0.9944985714928828,0.26744883047880613,0.9626949174108775,0.05795843890404247,0.2086241859951304,1.0,True,1,0.0,0.576171875,True,512
halfcheetah-medium-v2,2,implicit,1.5,2.5,4.0,0.17009626611931644,0.13048297469259798,0.3668908733391461,0.15924068031578995,0.3887424302115286,0.16147792190998833,0.40963030515897486,0.5329811779912099,0.5299522113566778,1.0211502185170855,0.5300902709016162,1.0214162416253227,0.009172225858342356,0.017673707626498687,0.03515625,False,200,0.5884442925453186,0.521484375,True,512
halfcheetah-medium-v2,2,explicit,4.0,10.0,14.0,0.34628540604617847,0.25942859021677467,0.8695519789566913,0.34582745274002324,0.9929271826734946,0.2231783341779538,0.3482908503006933,0.2762842880421024,0.3703814299688227,1.0289489196443704,0.3409562971268019,0.9472035722851955,0.20002151186314177,0.5556755870685467,1.0,True,1,0.0,0.74609375,True,512
halfcheetah-medium-v2,2,implicit,4.0,10.0,14.0,0.3803175472421052,0.4624865606006876,0.769800339767386,0.44954514419110575,0.821211006255897,0.3426105155462096,0.5474173394736788,0.5892668365870525,0.6196639403228075,1.1050601162739968,0.6195168984238109,1.1047978932730622,0.00048332622089761326,0.0008619261104416561,0.00390625,False,200,1.1650770902633667,0.732421875,True,512
halfcheetah-medium-v2,2,explicit,7.0,7.0,14.0,0.2866907342657034,0.2866907342657034,0.8231359911355465,0.0,0.0,0.21871289180329442,0.3482908503006933,0.2910255333370793,0.3703814299688227,1.0289489196443704,0.3334020827902837,0.9262173671156309,0.18129226470049667,0.5036442564605886,1.0,True,1,0.0,0.7265625,True,512
halfcheetah-medium-v2,2,implicit,7.0,7.0,14.0,0.3309877406651771,0.3309877406651771,0.6975019519992596,0.0,0.0,0.28663586462293833,0.4745330672071416,0.5792930754106157,0.6413336980701656,1.0207520980657008,0.6371118934156719,1.0140326383341047,0.039861966057622766,0.06344463983224309,0.013671875,False,200,0.8772262930870056,0.720703125,True,512
halfcheetah-medium-v2,2,explicit,7.0,10.0,17.0,0.341773110857834,0.3042965675204292,0.8799544144478132,0.3486664513358746,0.9497755220241861,0.23918190489873975,0.36710406117098876,0.2910255333370793,0.39298569210108986,0.994610817507502,0.3503318356634808,0.8866578108867292,0.23368908329554605,0.5914456807230851,1.0,True,1,0.0,0.77734375,True,512
halfcheetah-medium-v2,2,implicit,7.0,10.0,17.0,0.4515531442146819,0.5209990398514546,0.710824777022287,0.5022316190586408,0.7341481197200695,0.4132226675469678,0.6841012127772548,0.49786665679157316,0.6463171142231527,1.0553230626100736,0.6465531064390316,1.0557083967170202,0.013747723915021224,0.022447634120529723,0.021484375,False,200,1.0968601703643799,0.7421875,True,512
halfcheetah-medium-v2,2,explicit,10.0,10.0,20.0,0.3362715114882444,0.3362715114882444,0.8347886327648029,0.0,0.0,0.2559642535571717,0.402822341236871,0.33437828124113894,0.4515649092319648,0.9705867810901544,0.39448946167895127,0.8479096780043994,0.26559614682968796,0.5708683379756453,1.0,True,1,0.0,0.7421875,True,512
halfcheetah-medium-v2,2,implicit,10.0,10.0,20.0,0.40931329940611044,0.40931329940611044,0.7316092321374904,0.0,0.0,0.32283508330284133,0.5594698391247046,0.44907790035900463,0.8455161677914238,1.18886881646273,0.8451140816210838,1.1883034485517923,0.0005844385646975667,0.0008217711395420348,0.001953125,False,200,1.803466796875,0.73828125,True,512
halfcheetah-medium-v2,3,explicit,0.05,0.05,0.1,0.06816932569746341,0.06816932569746341,0.26933184215394707,0.0,0.0,0.06750940055417597,0.25310533337717483,0.2564347417678198,0.25255092477374225,0.9978095736030721,0.2525799727083651,0.9979243397924497,0.0023794506276268767,0.009401029191593703,1.0,True,1,0.0,0.017578125,True,512
halfcheetah-medium-v2,3,implicit,0.05,0.05,0.1,0.06897962275121015,0.06897962275121015,0.26550476621731717,0.0,0.0,0.06835930557861263,0.25980559119134583,0.27583101601062915,0.2720670685298792,0.9974227591417956,0.2720644617348234,0.997413202392678,0.00036099104804633233,0.0013234262019047643,0.677734375,False,200,0.05744361877441406,0.01953125,True,512
halfcheetah-medium-v2,3,explicit,0.1,0.1,0.2,0.0710370823346502,0.0710370823346502,0.2782823891861596,0.0,0.0,0.06989359628346392,0.2552697730618134,0.25255092477374225,0.2546280476254191,0.9974860892118279,0.254642231182199,0.9975416522211484,0.002516972845294905,0.009860050467806157,1.0,True,1,0.0,0.03125,True,512
halfcheetah-medium-v2,3,implicit,0.1,0.1,0.2,0.06975611982393694,0.06975611982393694,0.27260176732456126,0.0,0.0,0.0687794304804422,0.2558901965623902,0.27764985572421547,0.28059667785989684,1.0005042300930342,0.2806104976650529,1.000553506419551,0.0007476813855974402,0.0026659559719576184,0.544921875,False,200,0.046885669231414795,0.03125,True,512
halfcheetah-medium-v2,3,explicit,0.2,0.2,0.4,0.08557484203206939,0.08557484203206939,0.3383698045484591,0.0,0.0,0.08460009330021717,0.25290330544200174,0.2546280476254191,0.25132402272756577,0.9937553891924195,0.25139087959682704,0.9940197466279398,0.004562566913661105,0.01804075635028597,1.0,True,1,0.0,0.072265625,True,512
halfcheetah-medium-v2,3,implicit,0.2,0.2,0.4,0.08796295604141639,0.08796295604141639,0.3371165838833278,0.0,0.0,0.08734130381465341,0.26092740685773963,0.2973180730805529,0.288641700277122,0.9955618097734285,0.28869161905430235,0.99573398596316,0.0012740603179409093,0.00439439552452739,0.412109375,False,200,0.03901611268520355,0.072265625,True,512
halfcheetah-medium-v2,3,explicit,1.5,2.5,4.0,0.16264862160551433,0.1221307733072846,0.5128195273027913,0.15867219893999793,0.5714613031003891,0.11314891961956754,0.2776604436365901,0.2614291712939457,0.2799267365929046,1.0081621023384977,0.27225082950791046,0.9805171595282766,0.06651969461705935,0.23957209657174727,1.0,True,1,0.0,0.576171875,True,512
halfcheetah-medium-v2,3,implicit,1.5,2.5,4.0,0.16953302567620684,0.12985407973801583,0.3840998684402847,0.17188032844560489,0.44102909143055874,0.12974161553649946,0.3897256026537377,0.5140509827381557,0.5149358712981108,1.0168258282041,0.5145350875275322,1.0160344145307392,0.002436058229244537,0.004810398856581032,0.037109375,False,200,0.4112381041049957,0.55078125,True,512
halfcheetah-medium-v2,3,explicit,4.0,10.0,14.0,0.33578072858941765,0.2411561518608575,0.8186735468679422,0.32050388276832154,0.9095901454110753,0.21871045015589785,0.352360768622306,0.2799267365929046,0.3717827122610751,1.0551194836891375,0.3411157144241928,0.9680865317609558,0.1883959653854661,0.5346678238955908,1.0,True,1,0.0,0.78515625,True,512
halfcheetah-medium-v2,3,implicit,4.0,10.0,14.0,0.3601587957974948,0.3274523506010728,0.5573249763227607,0.3576346603041652,0.5797425758153261,0.28713937552494634,0.6168852784379387,0.6344284505005251,0.670995185036125,1.0418503984268168,0.6705977092162174,1.0412332399872768,0.002449673928650037,0.003803594743295247,0.005859375,False,200,1.1428570747375488,0.791015625,True,512
halfcheetah-medium-v2,3,explicit,7.0,7.0,14.0,0.31273047562499917,0.31273047562499917,0.8875292128795804,0.0,0.0,0.24189152069094141,0.352360768622306,0.3228737264152066,0.3717827122610751,1.0551194836891375,0.33329684907230084,0.9458965888156531,0.17935779434135407,0.5090174909159848,1.0,True,1,0.0,0.69921875,True,512
halfcheetah-medium-v2,3,implicit,7.0,7.0,14.0,0.334741069785266,0.334741069785266,0.8251499000846706,0.0,0.0,0.2982821833960726,0.40567304165087753,0.6515650879786516,0.7127344343393935,1.1379418704268904,0.7106317181048617,1.1345847029748677,0.013094254969005122,0.020906105098018733,0.0078125,False,200,1.6650108098983765,0.70703125,True,512
halfcheetah-medium-v2,3,explicit,7.0,10.0,17.0,0.3798324364144978,0.28890988139257967,0.8956551177344778,0.3502252728085846,0.9381223517589773,0.27450078844670595,0.37332579503293256,0.3228737264152066,0.3943212215933117,1.0359932134995966,0.3547602211594305,0.9320552925245348,0.20617009867027145,0.5416670758573402,1.0,True,1,0.0,0.759765625,True,512
halfcheetah-medium-v2,3,implicit,7.0,10.0,17.0,0.6262151089307765,0.48901892317942924,0.942298592030205,0.36609725365753104,0.6186556664072939,0.5896634943078202,0.5917625482743252,0.8270855882504489,0.9621473826471139,1.0958627818936968,0.9574911556094067,1.0905594510249563,0.013360004730337244,0.015216724811556332,0.00390625,False,200,1.2142311334609985,0.77734375,True,512
halfcheetah-medium-v2,3,explicit,10.0,10.0,20.0,0.3374399038237635,0.3374399038237635,0.8618797780638233,0.0,0.0,0.2522159675141326,0.3915162095829746,0.33340076426656845,0.42295106977977187,0.9998737859197349,0.369366508234401,0.8731976707674155,0.225465209731123,0.5330090616969679,1.0,True,1,0.0,0.76171875,True,512
halfcheetah-medium-v2,3,implicit,10.0,10.0,20.0,0.2960686230017631,0.2960686230017631,0.5750274156119796,0.0,0.0,0.26550876720298694,0.5148774040393685,0.626473043341808,0.8723954459697959,1.0435946014427562,0.8736531281557229,1.0450990915746425,0.03570867479440061,0.04271615631680143,0.0078125,False,200,1.5066715478897095,0.759765625,True,512
halfcheetah-medium-replay-v2,2,explicit,0.05,0.05,0.1,0.22358459656992116,0.22358459656992116,0.5356101829895165,0.0,0.0,0.22104075374638155,0.41743903247316977,0.41190166805855605,0.41725764450823205,0.9995654743547505,0.4169857921099526,0.9989142357854467,0.01982011465447125,0.04748026205657986,1.0,True,1,0.0,0.111328125,True,512
halfcheetah-medium-replay-v2,2,implicit,0.05,0.05,0.1,0.22804921496770933,0.22804921496770933,0.5266704288263389,0.0,0.0,0.22683436313502828,0.43300174546709724,0.5032471114507079,0.5060074414995802,0.9983451234128766,0.5060325701548213,0.998394701874299,0.001679288601951519,0.0033132113266806907,0.345703125,False,200,0.0571938157081604,0.111328125,True,512
halfcheetah-medium-replay-v2,2,explicit,0.1,0.1,0.2,0.23703653829809884,0.23703653829809884,0.5625038093609551,0.0,0.0,0.2291478465179904,0.4213954365347133,0.41725764450823205,0.42233755843762766,1.0022357192822537,0.419378504939633,0.9952136842969487,0.04086933263111459,0.0969857029473263,1.0,True,1,0.0,0.212890625,True,512
halfcheetah-medium-replay-v2,2,implicit,0.1,0.1,0.2,0.23915723429876834,0.23915723429876834,0.5163105957485179,0.0,0.0,0.23804459130908703,0.46320419582335265,0.5074484653572487,0.5099742669436775,0.9930101245065506,0.5099902717666146,0.9930412887284489,0.0009503287131040051,0.0018504581405198244,0.298828125,False,200,0.3079393804073334,0.203125,True,512
halfcheetah-medium-replay-v2,2,explicit,0.2,0.2,0.4,0.2558043666432575,0.2558043666432575,0.6070135317787303,0.0,0.0,0.2290583953332667,0.4214146032192636,0.42233755843762766,0.41948466091298436,0.9954203240904894,0.4178215943585951,0.9914739336671752,0.042038715427213776,0.09975619047387609,1.0,True,1,0.0,0.240234375,True,512
halfcheetah-medium-replay-v2,2,implicit,0.2,0.2,0.4,0.2529683393410897,0.2529683393410897,0.5187065978590014,0.0,0.0,0.24595473608338425,0.4876906142802783,0.5023154055522342,0.5177577402463399,0.9936802428404431,0.5177707207750877,0.9937051550608808,0.00018035942859659729,0.0003461456717598483,0.263671875,False,200,0.32934123277664185,0.240234375,True,512
halfcheetah-medium-replay-v2,2,explicit,1.5,2.5,4.0,0.38431768248320747,0.2977477210549504,0.7607134900718729,0.3851885540401434,0.8592083039532818,0.2702399817993215,0.44830636792947876,0.43856881801744935,0.4756843673459907,1.0610698428018284,0.44590627281128703,0.9946463059865139,0.19019150497563264,0.42424448676479853,1.0,True,1,0.0,0.5078125,True,512
halfcheetah-medium-replay-v2,2,implicit,1.5,2.5,4.0,0.2564273977132536,0.259779058654795,0.4916315112231744,0.25569638449103554,0.487046988160881,0.2571800245029003,0.5249932567216166,0.5349975459866959,0.5148935318353883,0.9771587831406612,0.514882135588701,0.9771371554800734,0.001330508237672336,0.0025250226116613436,0.142578125,False,200,1.5135135650634766,0.51171875,True,512
halfcheetah-medium-replay-v2,2,explicit,4.0,10.0,14.0,0.5488228379710074,0.38728820921325735,0.908291077170245,0.5693929471310618,1.1049426984937856,0.3225023742284364,0.5153144573987736,0.4756843673459907,0.5840284169404121,1.0214476427938333,0.527507020874308,0.922593468742523,0.4373121576050343,0.7648454417524055,1.0,True,1,0.0,0.619140625,True,512
halfcheetah-medium-replay-v2,2,implicit,4.0,10.0,14.0,0.26452201901647404,0.2806754421486261,0.47747973590069404,0.27493350543946216,0.48156929156254025,0.25063666142325886,0.5709116221829464,0.49161442376223663,0.5220810731430794,0.9602789694504666,0.5222144651726541,0.9605243213072612,0.004919051087086656,0.009047754365321006,0.05078125,False,200,1.7709709405899048,0.630859375,True,512
halfcheetah-medium-replay-v2,2,explicit,7.0,7.0,14.0,0.46472460772513,0.46472460772513,0.9018272261775593,0.0,0.0,0.3332075516990165,0.5153144573987736,0.5089215202682619,0.5840284169404121,1.0214476427938333,0.5122674244320922,0.8959398857806191,0.40203907665191047,0.7031539138257422,1.0,True,1,0.0,0.5859375,True,512
halfcheetah-medium-replay-v2,2,implicit,7.0,7.0,14.0,0.26071936724159483,0.26071936724159483,0.4741242027225059,0.0,0.0,0.2590148092154848,0.5498967691261016,0.5717446671169589,0.5394214898790254,0.9559129926103702,0.539856887271512,0.9566845636957565,0.0036295183204608818,0.006431897476357537,0.03125,False,200,1.5234203338623047,0.587890625,True,512
halfcheetah-medium-replay-v2,2,explicit,7.0,10.0,17.0,0.5399984993387896,0.4375863087612128,0.8892196181795915,0.5815484049478677,1.057962943605388,0.3543238900831274,0.5496869322908732,0.5089215202682619,0.6329121442539536,1.053874082857806,0.5615454820165624,0.9350400923981836,0.48362005224325494,0.8052849730198881,1.0,True,1,0.0,0.619140625,True,512
halfcheetah-medium-replay-v2,2,implicit,7.0,10.0,17.0,0.262810428439745,0.25062520782803765,0.4610546730067907,0.28601647455852897,0.5136738583660024,0.2599935244161824,0.5568055876317085,0.5312446974484958,0.5723824866385129,0.9802581618223818,0.5727750774065146,0.9809305099699464,0.013873037667371399,0.023758865304519136,0.01953125,False,200,1.602905511856079,0.611328125,True,512
halfcheetah-medium-replay-v2,2,explicit,10.0,10.0,20.0,0.5099204394676622,0.5099204394676622,0.90768572403157,0.0,0.0,0.35591575868695297,0.5617808300463331,0.5452359167160529,0.6542423223219476,1.0368606011921329,0.5773680360202902,0.9150281914084548,0.4990994603500806,0.7909860748180054,1.0,True,1,0.0,0.615234375,True,512
halfcheetah-medium-replay-v2,2,implicit,10.0,10.0,20.0,0.28015503444190776,0.28015503444190776,0.5061795887297635,0.0,0.0,0.2610802997176703,0.553469639392108,0.48825588562510086,0.5253682897029011,0.9886729938976005,0.5260373734221545,0.9899321201464584,0.006217674880581481,0.011700834176236073,0.02734375,False,200,1.5251750946044922,0.626953125,True,512
halfcheetah-medium-replay-v2,3,explicit,0.05,0.05,0.1,0.2234982724577924,0.2234982724577924,0.5401431252671527,0.0,0.0,0.22093832400709776,0.41377601973042055,0.4152480053344644,0.4138845408558309,1.0002622702144048,0.41275759399811257,0.9975387028639999,0.02162420883912274,0.05226066231003706,1.0,True,1,0.0,0.12109375,True,512
halfcheetah-medium-replay-v2,3,implicit,0.05,0.05,0.1,0.2219595754809771,0.2219595754809771,0.5096447522067186,0.0,0.0,0.22111958364639037,0.43551822032878973,0.5046183023804517,0.4987830962629154,0.9977356892339571,0.4984509471102549,0.9970712780575536,0.006361074422147468,0.012724310467619338,0.326171875,False,200,0.1778307408094406,0.115234375,True,512
halfcheetah-medium-replay-v2,3,explicit,0.1,0.1,0.2,0.2391649548451569,0.2391649548451569,0.5709181334733409,0.0,0.0,0.22458115742296691,0.41891287178098496,0.4138845408558309,0.4215510528634615,1.006297684459445,0.4206880194668377,1.0042375104835184,0.03108417997210082,0.07420201685364344,1.0,True,1,0.0,0.169921875,True,512
halfcheetah-medium-replay-v2,3,implicit,0.1,0.1,0.2,0.24375038639488145,0.24375038639488145,0.5330787025242912,0.0,0.0,0.23748330594087771,0.4572502807571351,0.503242054717403,0.5016154246401168,0.997971259794056,0.5016142727976424,0.9979689681865239,0.0020330001978205946,0.004044683773502773,0.30078125,False,200,0.28957682847976685,0.158203125,True,512
halfcheetah-medium-replay-v2,3,explicit,0.2,0.2,0.4,0.24733223146085365,0.24733223146085365,0.592737704469684,0.0,0.0,0.2279082829613929,0.4172709608242977,0.4215510528634615,0.4188598463700287,1.003807802830545,0.4158864171306658,0.9966819073848399,0.04494680157827411,0.1077161024804697,1.0,True,1,0.0,0.2265625,True,512
halfcheetah-medium-replay-v2,3,implicit,0.2,0.2,0.4,0.2448667776014715,0.2448667776014715,0.5228368204164214,0.0,0.0,0.2381156397328806,0.4683426416036338,0.5019665834463586,0.49915306364413736,0.9974999765963881,0.4990921820423837,0.9973783117189233,0.0008512315990529739,0.0017010884275345274,0.29296875,False,200,0.46092715859413147,0.21875,True,512
halfcheetah-medium-replay-v2,3,explicit,1.5,2.5,4.0,0.3775662798024553,0.30866868854089063,0.7562796985292052,0.38167532321205133,0.8412666555646123,0.2611812015985585,0.4536912531685826,0.43334572551656275,0.48402010384826655,1.0668490971952116,0.45215154334414415,0.9966062607253608,0.1959218883715464,0.43183968613727214,1.0,True,1,0.0,0.521484375,True,512
halfcheetah-medium-replay-v2,3,implicit,1.5,2.5,4.0,0.25964736354242307,0.27229000188791186,0.49405320615457643,0.2634788803886822,0.48942824501428867,0.25765911185151436,0.5383401613468182,0.5163163079542678,0.5300704355173312,0.9964321183400172,0.530130355177333,0.9965447559627654,0.0009719078577139647,0.0018270028671719227,0.154296875,False,200,1.7218005657196045,0.529296875,True,512
halfcheetah-medium-replay-v2,3,explicit,4.0,10.0,14.0,0.5565832655897428,0.3929826529644199,0.9262561893184101,0.5731988515304534,1.1182561917316811,0.3345665039646853,0.5125827657102648,0.48402010384826655,0.5771616027565896,1.0184656426563485,0.5183176323672763,0.9146289323957077,0.4456485208890682,0.7863962277780857,1.0,True,1,0.0,0.62109375,True,512
halfcheetah-medium-replay-v2,3,implicit,4.0,10.0,14.0,0.2907947621240462,0.2622791687456867,0.519759819998929,0.31229040810147124,0.5869595265391148,0.275457415328331,0.5320476012082587,0.5255028725894224,0.5033448230180346,0.9352930794719077,0.5033355824175525,0.9352759089969452,0.006155219815641192,0.011437357121663074,0.060546875,False,200,1.8290555477142334,0.64453125,True,512
halfcheetah-medium-replay-v2,3,explicit,7.0,7.0,14.0,0.4529743068636241,0.4529743068636241,0.883709592217671,0.0,0.0,0.32472096752646906,0.5125827657102648,0.509362906344926,0.5771616027565896,1.0184656426563485,0.5040718509815306,0.8894906715951287,0.41014655567905606,0.7237490737739284,1.0,True,1,0.0,0.61328125,True,512
halfcheetah-medium-replay-v2,3,implicit,7.0,7.0,14.0,0.2739546090048015,0.2739546090048015,0.5296432215114991,0.0,0.0,0.260747514407469,0.517243680043687,0.5003155391945641,0.4667184268834612,0.9436840037975943,0.4670526186519383,0.9443597247632708,0.0035020424199547788,0.007080974784732788,0.041015625,False,200,1.7476611137390137,0.576171875,True,512
halfcheetah-medium-replay-v2,3,explicit,7.0,10.0,17.0,0.5072741155039384,0.4452238329486345,0.8851753871988207,0.5597600865452599,1.0403924799021596,0.3337500221157228,0.5380278090801855,0.509362906344926,0.6249399726288126,1.0139770425538155,0.5401140273074085,0.8763453260114714,0.4910779061957102,0.7967832828699567,1.0,True,1,0.0,0.63671875,True,512
halfcheetah-medium-replay-v2,3,implicit,7.0,10.0,17.0,0.2670209301021924,0.25244382163956325,0.48622811423991547,0.2997829179806445,0.5612041333019335,0.2674024813529523,0.5341780293327922,0.4797513571274975,0.5217683394073112,0.9823593463499778,0.5194734619015993,0.9780386657026522,0.013627560344829717,0.025657289378459774,0.015625,False,200,1.7177650928497314,0.619140625,True,512
halfcheetah-medium-replay-v2,3,explicit,10.0,10.0,20.0,0.5031525047306005,0.5031525047306005,0.9074400009833854,0.0,0.0,0.3578835020410399,0.5544746806238849,0.5383092071657808,0.643219249532724,1.0118507520402167,0.5499602380898131,0.8651446313331813,0.4869666209840031,0.7660491224712307,1.0,True,1,0.0,0.630859375,True,512
halfcheetah-medium-replay-v2,3,implicit,10.0,10.0,20.0,0.35132563515709486,0.35132563515709486,0.618170470326309,0.0,0.0,0.3344086493454727,0.5683313131596908,0.48036721587967085,0.5267322872218553,0.9139548020881461,0.5277455454206573,0.9157129479603778,0.010592709075328187,0.018379844109387616,0.025390625,False,200,1.925832986831665,0.638671875,True,512
halfcheetah-expert-v2,2,explicit,0.05,0.05,0.1,0.043226283857107126,0.043226283857107126,0.22578371439057127,0.0,0.0,0.0432514334987345,0.19144996340317208,0.19028614988710763,0.1906441097889261,0.9957907873163238,0.19064380465941702,0.9957891935343055,0.00024910601338990374,0.0013011546670568669,1.0,True,1,0.0,0.0,True,512
halfcheetah-expert-v2,2,implicit,0.05,0.05,0.1,0.04323132795243865,0.04323132795243865,0.22515243626840073,0.0,0.0,0.04325438426372161,0.19200915019592882,0.19332010816417708,0.1928207214421686,0.9961447066022496,0.19282237364552207,0.9961532421663347,9.00611382788855e-05,0.00046527118815906056,0.859375,False,200,0.008806765079498291,0.0,True,512
halfcheetah-expert-v2,2,explicit,0.1,0.1,0.2,0.0450470359556711,0.0450470359556711,0.23292311534622023,0.0,0.0,0.045160770690836856,0.19339873540980482,0.1906441097889261,0.1916988109176485,0.9912102605606276,0.19172044983350464,0.9913221481374015,0.0004771005793133199,0.0024669270887545426,1.0,True,1,0.0,0.001953125,True,512
halfcheetah-expert-v2,2,implicit,0.1,0.1,0.2,0.044611845070774044,0.044611845070774044,0.23157363444364903,0.0,0.0,0.04473661381259073,0.19264647798940107,0.18795008044243217,0.18910531009898165,0.9923032279063155,0.1891029637766824,0.9922909159136484,0.000264941631624667,0.0013902435427662735,0.779296875,False,200,0.004719853401184082,0.001953125,True,512
halfcheetah-expert-v2,2,explicit,0.2,0.2,0.4,0.04773647057042228,0.04773647057042228,0.24773746255146614,0.0,0.0,0.04763724599460746,0.19268975341387976,0.1916988109176485,0.1895524190742122,0.9837182087574274,0.18965731658446114,0.9842625942703594,0.0015929286107484969,0.00826680496770907,1.0,True,1,0.0,0.01953125,True,512
halfcheetah-expert-v2,2,implicit,0.2,0.2,0.4,0.04587380471616217,0.04587380471616217,0.23887205654395566,0.0,0.0,0.045746967931013426,0.1920434117739543,0.18944469882696557,0.1877996921140162,0.9851184161941949,0.1877980381554889,0.9851097402214789,0.0007217036717596588,0.003785754758606169,0.615234375,False,200,0.023261308670043945,0.01953125,True,512
halfcheetah-expert-v2,2,explicit,1.5,2.5,4.0,0.07543754846184783,0.0749686118487152,0.3647586499935309,0.0708170831460343,0.34348518161078245,0.07110221919556561,0.20617216385852744,0.18761949654008303,0.18781287286362583,0.910951650061259,0.18686645849343514,0.9063612419650423,0.03246600339570639,0.1574703528745235,1.0,True,1,0.0,0.455078125,True,512
halfcheetah-expert-v2,2,implicit,1.5,2.5,4.0,0.07333426028966722,0.07429042042689901,0.3571197019561564,0.06847251369874247,0.33128449207260063,0.06560604362574016,0.20668795351801975,0.1744561481572833,0.17182258788537155,0.9101032056581635,0.1714128998930504,0.9079331862228848,0.007715004001158986,0.04086453335113652,0.076171875,False,200,0.2979840040206909,0.451171875,True,512
halfcheetah-expert-v2,2,explicit,4.0,10.0,14.0,0.19845128943827905,0.17596003706232005,0.6712379009193402,0.19113150363050516,0.6853142531535688,0.1713056227515312,0.27889614545587954,0.18781287286362583,0.264999438727202,0.867603168335022,0.23665745805182312,0.7748120577237958,0.17755454146630567,0.5813102226492605,1.0,True,1,0.0,0.935546875,True,512
halfcheetah-expert-v2,2,implicit,4.0,10.0,14.0,0.1351667327887015,0.1342166612659566,0.5206174806266538,0.1416494479418449,0.5475109479441534,0.1263053442511878,0.25871527952769496,0.1702539101154884,0.15118976019221245,0.7345724819108104,0.14730326356550333,0.7156895002234913,0.011260730195719946,0.05471152621369178,0.005859375,False,200,1.0681833028793335,0.93359375,True,512
halfcheetah-expert-v2,2,explicit,7.0,7.0,14.0,0.1919095154471136,0.1919095154471136,0.6881038643736762,0.0,0.0,0.16722741251088857,0.27889614545587954,0.1998525636163498,0.264999438727202,0.867603168335022,0.22369008769809137,0.7323571315627901,0.16105806255737423,0.5273010615864917,1.0,True,1,0.0,0.892578125,True,512
halfcheetah-expert-v2,2,implicit,7.0,7.0,14.0,0.1477070263289015,0.1477070263289015,0.5678593904845687,0.0,0.0,0.13597560016316898,0.2601119727946374,0.2808848214283988,0.25007717761663933,0.9202471797837244,0.24948291958667662,0.9180603977616746,0.007704622939697529,0.02835187760485139,0.013671875,False,200,0.9125351309776306,0.8984375,True,512
halfcheetah-expert-v2,2,explicit,7.0,10.0,17.0,0.5095105731095608,0.4812217840426843,0.9789711449688613,0.20469347773846822,0.40452702856154465,0.48298289645153036,0.5060069248434068,0.1998525636163498,0.3806638992397227,0.7522899006916283,0.36260675010267995,0.7166043235769852,0.09133143653181008,0.1804944399922477,1.0,True,1,0.0,0.953125,True,512
halfcheetah-expert-v2,2,implicit,7.0,10.0,17.0,0.44423723681854277,0.4274998662303244,0.8978996509601983,0.1367834008350705,0.28177708035463506,0.4468723656940667,0.48543125176440743,0.2506875459317841,0.2750782054845964,0.8786658188331837,0.27506674463891034,0.8786292101409702,1.1454992457381696e-05,3.658999559620454e-05,0.001953125,False,200,1.1253774166107178,0.962890625,True,512
halfcheetah-expert-v2,2,explicit,10.0,10.0,20.0,0.2050300064025433,0.2050300064025433,0.7525701314463553,0.0,0.0,0.14934669579143486,0.27243973396671833,0.19627619570907798,0.25643035459927993,0.8818525562497442,0.21659069483892462,0.7448457426270326,0.1413708715693249,0.486168124157847,1.0,True,1,0.0,0.962890625,True,512
halfcheetah-expert-v2,2,implicit,10.0,10.0,20.0,0.1838013614994075,0.1838013614994075,0.6524529342041774,0.0,0.0,0.14372008069426553,0.28170823037771653,0.3410768341206026,0.26993182378179315,0.7122032188900684,0.26893975356869587,0.7095856853616617,0.027673445464182034,0.07301516605652848,0.013671875,False,200,1.296875238418579,0.955078125,True,512
halfcheetah-expert-v2,3,explicit,0.05,0.05,0.1,0.04654040187994865,0.04654040187994865,0.24445758537104717,0.0,0.0,0.04656028384351561,0.1903823185085782,0.18890280053868067,0.18964415405185242,0.9961227257735464,0.18964501541288967,0.99612725014873,0.00019970509211980443,0.001048968694594431,1.0,True,1,0.0,0.001953125,True,512
halfcheetah-expert-v2,3,implicit,0.05,0.05,0.1,0.04670006190745213,0.04670006190745213,0.24505299630306762,0.0,0.0,0.04671008398189695,0.19057127483434705,0.1912444638292254,0.19142664029315348,0.9961580712115629,0.19142585428208733,0.9961539809174094,0.00014187797843224822,0.0007383136073747358,0.87109375,False,200,0.002998054027557373,0.001953125,True,512
halfcheetah-expert-v2,3,explicit,0.1,0.1,0.2,0.045220422154503545,0.045220422154503545,0.2360451895273787,0.0,0.0,0.04517154732235367,0.19157527524727827,0.18964415405185242,0.19003059260707222,0.9919369415588091,0.19003737594639242,0.9919723497779096,0.00045277834199811064,0.002363448735300947,1.0,True,1,0.0,0.00390625,True,512
halfcheetah-expert-v2,3,implicit,0.1,0.1,0.2,0.04505370110381901,0.04505370110381901,0.23370009775361283,0.0,0.0,0.044999270959897336,0.19278426298014895,0.19006804707895975,0.19115120467523783,0.9931133599668105,0.1911513018892727,0.9931138650358576,0.00019405803346794507,0.0010082155954671222,0.787109375,False,200,0.01009523868560791,0.00390625,True,512
halfcheetah-expert-v2,3,explicit,0.2,0.2,0.4,0.046965512283872496,0.046965512283872496,0.2468047478075499,0.0,0.0,0.04669553327642556,0.1902942009871489,0.19003059260707222,0.1875077664562972,0.9853572283527449,0.18752471841087662,0.9854463112280584,0.0015477671559070171,0.008133548725489236,1.0,True,1,0.0,0.021484375,True,512
halfcheetah-expert-v2,3,implicit,0.2,0.2,0.4,0.047333980275173555,0.047333980275173555,0.24770863061320314,0.0,0.0,0.0471804252543466,0.19108732771239423,0.1936539924445195,0.1925930217621373,0.9874730096355319,0.1925735758973746,0.9873733057811217,0.0005219916168898655,0.0026763827070087967,0.583984375,False,200,0.012049078941345215,0.021484375,True,512
halfcheetah-expert-v2,3,explicit,1.5,2.5,4.0,0.0766803501255023,0.06963934421194055,0.3602352472015756,0.07379065910146192,0.36334133204623653,0.06712803995866046,0.20308908619312208,0.18691159191177487,0.18818527515735148,0.9266144167806328,0.1861385077921534,0.9165362417119255,0.03600208770545877,0.1772723900644447,1.0,True,1,0.0,0.48828125,True,512
halfcheetah-expert-v2,3,implicit,1.5,2.5,4.0,0.06755605924072886,0.06268466830215084,0.3119417148224431,0.06458145565762163,0.3093602193973529,0.06257181785886526,0.2087581130613015,0.18634179737147236,0.18758302994557932,0.9475368482095711,0.18730866549723396,0.9461509529890848,0.006864160140979525,0.034672884148829596,0.068359375,False,200,0.39258110523223877,0.455078125,True,512
halfcheetah-expert-v2,3,explicit,4.0,10.0,14.0,0.20100868244042555,0.15908564958655347,0.6956304228401091,0.18189831864990835,0.7027825381425913,0.1618362272097678,0.2588258938969284,0.18818527515735148,0.2481313228317054,0.9034939401166885,0.22048264439196896,0.8028197763817064,0.17168326210358714,0.6251318260019209,1.0,True,1,0.0,0.85546875,True,512
halfcheetah-expert-v2,3,implicit,4.0,10.0,14.0,0.14475623396932605,0.12793713974530863,0.5216621352954849,0.13592429804934236,0.5200460766102913,0.13023257243425318,0.261369721189533,0.1525545862158254,0.1278342048027424,0.7225762969194587,0.130087854040639,0.7353149338389551,0.00618295294866305,0.034948824945296254,0.005859375,False,200,1.5477123260498047,0.8515625,True,512
halfcheetah-expert-v2,3,explicit,7.0,7.0,14.0,0.16822741545629186,0.16822741545629186,0.6499636219677644,0.0,0.0,0.15338008539693349,0.2588258938969284,0.18952045771576645,0.2481313228317054,0.9034939401166885,0.2093639558107104,0.762334489636892,0.13487263160870466,0.49109723010949413,1.0,True,1,0.0,0.798828125,True,512
halfcheetah-expert-v2,3,implicit,7.0,7.0,14.0,0.14315550674933958,0.14315550674933958,0.5946805120862448,0.0,0.0,0.13457222693963206,0.24072674964095364,0.1728021141062103,0.1450553188350899,0.6760763899261004,0.1426054182264166,0.6646578499339706,0.005983930103913378,0.027890007031201765,0.013671875,False,200,0.9248070120811462,0.78125,True,512
halfcheetah-expert-v2,3,explicit,7.0,10.0,17.0,0.22773899807688772,0.2154389439628662,0.7537282601378331,0.18760467926183222,0.6381317077421371,0.19831447785803435,0.29399053045902157,0.18952045771576645,0.2841115781554333,0.9171672131593034,0.2473842097117214,0.7986041528965303,0.18629705735077465,0.6014029911048216,1.0,True,1,0.0,0.904296875,True,512
halfcheetah-expert-v2,3,implicit,7.0,10.0,17.0,0.17932026764585327,0.19089054019583798,0.680916841404999,0.11389872517098694,0.4189805296913353,0.16884085324363274,0.27184729862004947,0.2093084721730693,0.17985993905560257,0.7824181243477966,0.17988253371550403,0.782516414559131,0.00014608188205230029,0.0006354784325887189,0.0078125,False,200,1.5135135650634766,0.892578125,True,512
halfcheetah-expert-v2,3,explicit,10.0,10.0,20.0,0.4327519782434524,0.4327519782434524,1.0285759562841081,0.0,0.0,0.39140360714220257,0.4207292379328375,0.20902883542504613,0.3107055632697571,0.7384929195706531,0.27372246095949776,0.6505905372880053,0.1294394077754762,0.3076548908543862,1.0,True,1,0.0,0.92578125,True,512
halfcheetah-expert-v2,3,implicit,10.0,10.0,20.0,0.37076069722476007,0.37076069722476007,0.986270963391973,0.0,0.0,0.34892517914842,0.3759217405626986,0.23141306379894533,0.17793137749261945,0.5862743779926282,0.18026736378937072,0.5939713279765284,0.014485287081869606,0.04772824666250907,0.0078125,False,200,1.5135135650634766,0.90625,True,512
hopper-medium-v2,2,explicit,0.05,0.05,0.1,0.04310421337390267,0.04310421337390267,0.16419286575020645,0.0,0.0,0.043146302479444114,0.2625218408665754,0.26264533185651184,0.26220991791752224,0.9988118209592639,0.2622109183576015,0.9988156318424878,0.0003555787217241584,0.0013544729099506752,1.0,True,1,0.0,0.013671875,True,512
hopper-medium-v2,2,implicit,0.05,0.05,0.1,0.043244451301226436,0.043244451301226436,0.1650564557314868,0.0,0.0,0.04327160915166315,0.2619979394903301,0.2617494641766364,0.26145619268132886,0.9988491811602703,0.2614562139583088,0.9988492624453751,0.00017884740507840126,0.0006832562743424262,0.953125,False,200,0.0062029361724853516,0.013671875,True,512
hopper-medium-v2,2,explicit,0.1,0.1,0.2,0.0449490071204054,0.0449490071204054,0.17112289364822528,0.0,0.0,0.04497793927539553,0.26267091539958637,0.26220991791752224,0.2621325609074376,0.9979504602124304,0.2621143873804038,0.9978812727768663,0.0009332502035109639,0.003552925538372847,1.0,True,1,0.0,0.017578125,True,512
hopper-medium-v2,2,implicit,0.1,0.1,0.2,0.044927028882958936,0.044927028882958936,0.1712374368623447,0.0,0.0,0.04496532277463371,0.2623668615121536,0.25990377642473356,0.2592818542050935,0.997401690591846,0.2592835038282989,0.9974080363385586,0.00022751209685369203,0.0008751902470292906,0.94140625,False,200,0.00303787924349308,0.017578125,True,512
hopper-medium-v2,2,explicit,0.2,0.2,0.4,0.044297495743964195,0.044297495743964195,0.16743324075158408,0.0,0.0,0.04383621926441544,0.26456810813145,0.2621325609074376,0.26340960107341943,0.9956211386693102,0.2635558338650854,0.9961738613413615,0.0016497563681042093,0.006235658484145534,1.0,True,1,0.0,0.01953125,True,512
hopper-medium-v2,2,implicit,0.2,0.2,0.4,0.044428132987893616,0.044428132987893616,0.16750587410484535,0.0,0.0,0.04399236817601104,0.2652332834613617,0.2658436934344762,0.2673394157823804,0.9979848029760634,0.26733570909820564,0.9979709658302575,0.00047600562868757666,0.0017769410551415493,0.912109375,False,200,0.0056612491607666016,0.01953125,True,512
hopper-medium-v2,2,explicit,1.5,2.5,4.0,0.7085787868735941,0.7051834916486368,0.9666971829533408,0.13664745602459422,0.18687259209489313,0.6996811688259513,0.7312332669694291,0.2614871034480493,0.23707409387034142,0.32421130790846914,0.2333745072627935,0.31915192839899914,0.03349478760108995,0.04580588591094594,1.0,True,1,0.0,0.0703125,True,512
hopper-medium-v2,2,implicit,1.5,2.5,4.0,0.6797076792113375,0.6793544078123304,0.9469589671236728,0.12535848885830012,0.17469304200724572,0.6744771476162742,0.7175929127910008,0.2763884629658918,0.23878890032609498,0.3327560160625525,0.23814279976222447,0.3318556649603207,0.07445396789674585,0.10375275276001975,0.6015625,False,200,0.15336188673973083,0.06640625,True,512
hopper-medium-v2,2,explicit,4.0,10.0,14.0,0.5087979277974612,1.2005115869955958,0.8214637036247573,1.1627543996711192,1.1175981029690323,0.6022975525846507,1.0404047721467349,0.23707409387034142,0.21903763520125213,0.21053117119916465,0.1798157581594462,0.17283250036273926,0.08679143464856841,0.08342083482516713,1.0,True,1,0.0,0.99609375,True,512
hopper-medium-v2,2,implicit,4.0,10.0,14.0,0.5108016167225963,1.2006085712366616,0.8219636974535858,1.1683745247503186,1.1223042273921655,0.6026004692013158,1.041049740554933,0.2251091453241819,0.12034354740320001,0.11523643193487827,0.1309323665445423,0.12537588488089954,0.06732625248869946,0.06446907441036712,0.98046875,False,200,0.001513257622718811,0.99609375,True,512
hopper-medium-v2,2,explicit,7.0,7.0,14.0,0.7481987168858236,0.7481987168858236,0.7191419502450153,0.0,0.0,0.7049450501655659,1.0404047721467349,0.24135397111262663,0.21903763520125213,0.21053117119916465,0.18417460410614686,0.17702206779206464,0.0662762883902572,0.0637024071443896,1.0,True,1,0.0,0.984375,True,512
hopper-medium-v2,2,implicit,7.0,7.0,14.0,0.7536092765121014,0.7536092765121014,0.7251548864778831,0.0,0.0,0.7046900331371003,1.039239051635469,0.1868367659261088,0.1201134536223351,0.1154787530318047,0.12172883815221974,0.11703180629563376,0.06851921430740955,0.06587533026747734,0.978515625,False,200,0.0015143156051635742,0.98828125,True,512
hopper-medium-v2,2,explicit,7.0,10.0,17.0,0.7465988015623116,1.179782499868837,0.9283932892449864,0.7652898904550117,0.7376421252611057,0.6916215937673172,1.037481272079085,0.24135397111262663,0.2438533870088024,0.23504365193997834,0.21605204245946705,0.20824669155377087,0.07165266047793624,0.06906405195570058,1.0,True,1,0.0,1.0,True,512
hopper-medium-v2,2,implicit,7.0,10.0,17.0,0.7552667409125078,1.1807921982766898,0.9336039188684427,0.7643331783200069,0.7371515775233298,0.6908463956605945,1.0368738284302415,0.18499911200590036,0.18432425597513133,0.17791570688186117,0.1706381998035447,0.16470548479084557,0.08560047514839493,0.08262433484340027,0.978515625,False,200,0.04398822784423828,1.0,True,512
hopper-medium-v2,2,explicit,10.0,10.0,20.0,1.30199123888528,1.30199123888528,1.0349864662648156,0.0,0.0,1.2579789990723873,1.0680870115235537,0.3361433446339083,0.5014665058156226,0.46949967596770475,0.47580792585500137,0.44547674554743777,0.09041487417103149,0.08465122522373977,1.0,True,1,0.0,1.0,True,512
hopper-medium-v2,2,implicit,10.0,10.0,20.0,1.3029283818586437,1.3029283818586437,1.0357314254207752,0.0,0.0,1.2579789990723873,1.0680870115235537,0.23101454657710505,0.4521579847735264,0.42328544026298126,0.4432509225869727,0.4149471384612923,0.0462168414470382,0.0432656654051404,0.99609375,False,64,1.1920928955078125e-07,1.0,True,512
hopper-medium-v2,3,explicit,0.05,0.05,0.1,0.040082213601550606,0.040082213601550606,0.1511296586257522,0.0,0.0,0.04006674644629767,0.26521738992878713,0.2653074343999808,0.2647184057439054,0.9981185842111798,0.26470868091930977,0.9980819168395634,0.0003929054745333411,0.00148144687887487,1.0,True,1,0.0,0.017578125,True,512
hopper-medium-v2,3,implicit,0.05,0.05,0.1,0.040167742041389315,0.040167742041389315,0.1509655704312473,0.0,0.0,0.0401587843778253,0.26607220392468556,0.26530323245053816,0.26471744165867833,0.99843023889781,0.26471744741997455,0.9984302606275922,8.050903147005712e-05,0.00030365453451202626,0.95703125,False,200,0.0005991905927658081,0.017578125,True,512
hopper-medium-v2,3,explicit,0.1,0.1,0.2,0.04212369734103214,0.04212369734103214,0.15811137091311425,0.0,0.0,0.04203993410495902,0.266417886947423,0.2647184057439054,0.26570663649184867,0.997330320183364,0.26571107964631263,0.9973469975713385,0.00028966653215876047,0.001087263830059299,1.0,True,1,0.0,0.015625,True,512
hopper-medium-v2,3,implicit,0.1,0.1,0.2,0.04234871703756669,0.04234871703756669,0.15899429780624663,0.0,0.0,0.04228505894854548,0.26635368451498564,0.26426657694666417,0.26511729977267917,0.9972282738673847,0.26511770119532846,0.9972297838028584,0.0002220599640360269,0.0008352698025386304,0.9375,False,200,0.0005325973033905029,0.015625,True,512
hopper-medium-v2,3,explicit,0.2,0.2,0.4,0.04392734282276461,0.04392734282276461,0.1644732974888186,0.0,0.0,0.04377252202684817,0.26707887233641026,0.26570663649184867,0.2655650937634621,0.9943320916412983,0.26557301107412645,0.9943617357333041,0.0006840028994180381,0.002561052072125248,1.0,True,1,0.0,0.013671875,True,512
hopper-medium-v2,3,implicit,0.2,0.2,0.4,0.04387890988079939,0.04387890988079939,0.16494479926541852,0.0,0.0,0.04378150495594702,0.2660217847195793,0.2643140385896145,0.2645925799291315,0.995877514350667,0.264576125291055,0.9958155821374827,0.0005705841931934262,0.0021475733302779893,0.91796875,False,200,0.016154825687408447,0.013671875,True,512
hopper-medium-v2,3,explicit,1.5,2.5,4.0,0.0764625835358716,0.06252099930565069,0.25594718085718215,0.07043525432270384,0.259422075734096,0.06166741318850872,0.27150832913271034,0.26626341484671445,0.2629667566995391,0.9685402931819591,0.26212696941020586,0.9654472488837756,0.011998235285079208,0.04419103945505333,1.0,True,1,0.0,0.056640625,True,512
hopper-medium-v2,3,implicit,1.5,2.5,4.0,0.0729516843349034,0.06147184668366552,0.24334779981039115,0.06795646903797249,0.24604408317453272,0.06070504143190011,0.27619631474643996,0.26659864410164413,0.26537499442878376,0.9891449665553209,0.26537708880892164,0.9891527730390324,0.0035446438620127577,0.013212121367682404,0.541015625,False,200,0.199848473072052,0.060546875,True,512
hopper-medium-v2,3,explicit,4.0,10.0,14.0,1.0491439795366504,0.46074081103070413,0.7206289226224127,0.9974126329276061,0.952078457332525,1.0310841115905556,1.0476160081618646,0.2629667566995391,0.35456138164466267,0.3384459371394793,0.320464721850488,0.30589903108942734,0.10429377879471641,0.09955344132026878,1.0,True,1,0.0,1.0,True,512
hopper-medium-v2,3,implicit,4.0,10.0,14.0,1.0409336280569499,0.5118179022380459,0.7334855552513323,0.9888476693410997,0.9342196322522341,1.0380124735643321,1.0584745119915402,0.26507412439364664,0.3574956057915548,0.3368131055410842,0.35109950969571413,0.3307870482847737,0.06683058881605769,0.06296418137626066,0.576171875,False,200,0.37954971194267273,1.0,True,512
hopper-medium-v2,3,explicit,7.0,7.0,14.0,0.6505266575210071,0.6505266575210071,0.6209590655858858,0.0,0.0,0.6520404720297666,1.0476160081618646,0.28041326092853536,0.35456138164466267,0.3384459371394793,0.32625177838501285,0.31142305562650824,0.08251940964492398,0.07876875592013109,1.0,True,1,0.0,1.0,True,512
hopper-medium-v2,3,implicit,7.0,7.0,14.0,0.6516173468354858,0.6516173468354858,0.6220001811339312,0.0,0.0,0.6520404720297666,1.0476160081618646,0.24784286822009077,0.30174548869868156,0.2880306203301731,0.29524559945927287,0.2818261626006532,0.07522836616533324,0.07180910331575412,1.0,True,82,1.1920928955078125e-07,1.0,True,512
hopper-medium-v2,3,explicit,7.0,10.0,17.0,0.6620822049192513,0.465247586836213,0.5332484400519588,0.4485490133130789,0.4243444347613379,0.6621174650122138,1.0570399339992624,0.28041326092853536,0.31316986695316507,0.296270610863585,0.2811461085582856,0.2659749168553946,0.09849733341290065,0.09318222542476752,1.0,True,1,0.0,1.0,True,512
hopper-medium-v2,3,implicit,7.0,10.0,17.0,0.6636886263038708,0.46470393139618277,0.5337511485639108,0.45062157866220903,0.42630516044677974,0.6621174650122138,1.0570399339992624,0.24784286822009077,0.25512007510008167,0.24135329886246254,0.24774015433445837,0.23437161299776516,0.11653597146281389,0.11024746342544066,1.0,True,79,1.1920928955078125e-07,1.0,True,512
hopper-medium-v2,3,explicit,10.0,10.0,20.0,0.4745649426539578,0.4745649426539578,0.44657740725441436,0.0,0.0,0.46246882518398985,1.062671185207538,0.21916953929918226,0.2601350428676663,0.24479354149125854,0.21118717658901173,0.1987323826304439,0.10479538177089014,0.09861505913555356,1.0,True,1,0.0,1.0,True,512
hopper-medium-v2,3,implicit,10.0,10.0,20.0,0.47556616098161264,0.47556616098161264,0.44751957858792923,0.0,0.0,0.46246882518398985,1.062671185207538,0.1407577262514195,0.16156559026461495,0.15203723645998876,0.1654812758012897,0.1557219938818342,0.07449661709956965,0.07010316844624011,1.0,True,72,1.1920928955078125e-07,1.0,True,512
hopper-medium-replay-v2,2,explicit,0.05,0.05,0.1,0.13884951873540033,0.13884951873540033,0.3844902386067441,0.0,0.0,0.13907071278553726,0.36112625183552544,0.3577821419273822,0.35818761749922673,0.9918625845632594,0.3583977862632421,0.9924445659698924,0.0022756637283924516,0.0063015738036926216,1.0,True,1,0.0,0.009765625,True,512
hopper-medium-replay-v2,2,implicit,0.05,0.05,0.1,0.13834638646760403,0.13834638646760403,0.3857170573466617,0.0,0.0,0.13862399087708532,0.35867323944469937,0.35160954903656605,0.35302565519593304,0.9963437321727628,0.35295969606464456,0.9961575758238641,0.0011611453774533036,0.0032770987092280417,0.708984375,False,200,0.01379963755607605,0.009765625,True,512
hopper-medium-replay-v2,2,explicit,0.1,0.1,0.2,0.13015021205243993,0.13015021205243993,0.3613682528320832,0.0,0.0,0.12964641562912343,0.36015950773881833,0.35818761749922673,0.356112255523813,0.9887626117649507,0.3565135973287769,0.9898769563715492,0.006313168298695765,0.017528811993140467,1.0,True,1,0.0,0.01171875,True,512
hopper-medium-replay-v2,2,implicit,0.1,0.1,0.2,0.13221442697001687,0.13221442697001687,0.37258134088082084,0.0,0.0,0.13135095553092827,0.35486056992936976,0.35443845722501227,0.34530488478371635,0.9930883279341802,0.3455441336998633,0.99377640191334,0.0024792652106473325,0.007130305567757349,0.6171875,False,200,0.05481281876564026,0.01171875,True,512
hopper-medium-replay-v2,2,explicit,0.2,0.2,0.4,0.1352553213716727,0.1352553213716727,0.3693554345375927,0.0,0.0,0.1306073518784515,0.3661928557813234,0.356112255523813,0.35906617127030177,0.9805384392444909,0.3598111315512389,0.9825727778974055,0.008765187994776933,0.023935988527343566,1.0,True,1,0.0,0.033203125,True,512
hopper-medium-replay-v2,2,implicit,0.2,0.2,0.4,0.13442315894916546,0.13442315894916546,0.37007551172411185,0.0,0.0,0.13057242769358943,0.3632317045862164,0.33902836314213414,0.350645159676463,0.9964157809103944,0.3501519908125951,0.9950143606282351,0.004692739267616237,0.01333518895930328,0.4453125,False,200,0.03634992241859436,0.033203125,True,512
hopper-medium-replay-v2,2,explicit,1.5,2.5,4.0,0.25100312917907064,0.19518363509608727,0.5626633853043738,0.23012114439732612,0.5803880908348368,0.18499888747295387,0.3964952900158879,0.35733995483215414,0.35886142117851977,0.9050836925809128,0.3574168982922816,0.9014404642182752,0.044633067355600006,0.1125689723926141,1.0,True,1,0.0,0.142578125,True,512
hopper-medium-replay-v2,2,implicit,1.5,2.5,4.0,0.22760456393733766,0.19549069998114427,0.5508617558674594,0.21301414831543847,0.5546805070749367,0.17851982928368437,0.38403034827878046,0.378715967488085,0.3858706423376058,1.0238056631980328,0.38572694922900946,1.0234244115499358,0.006046980330324387,0.016044062512578117,0.087890625,False,200,0.2367457002401352,0.162109375,True,512
hopper-medium-replay-v2,2,explicit,4.0,10.0,14.0,0.420600739447221,0.2589569026009751,0.7168760235363334,0.4158201131294937,0.8773103288434752,0.27339709267236006,0.47397152348320526,0.35886142117851977,0.38810352283829197,0.8188329965187119,0.37553377800498944,0.7923129542576752,0.12479926746152684,0.26330541241039135,1.0,True,1,0.0,0.412109375,True,512
hopper-medium-replay-v2,2,implicit,4.0,10.0,14.0,0.3794570978807807,0.22488416279093734,0.6801570215999698,0.36956882579180944,0.8318638762058584,0.24885016890873432,0.4442659867350143,0.464657155977333,0.39267248309418057,0.9523292079581666,0.3885148061608413,0.9422457991344235,0.027031333783064562,0.06555776072932627,0.037109375,False,200,0.6684387922286987,0.400390625,True,512
hopper-medium-replay-v2,2,explicit,7.0,7.0,14.0,0.30184399241262366,0.30184399241262366,0.6368399312143891,0.0,0.0,0.2587893729393376,0.47397152348320526,0.3619384962825143,0.38810352283829197,0.8188329965187119,0.3730617157325572,0.7870973196679321,0.10514187409606085,0.22183162676815638,1.0,True,1,0.0,0.251953125,True,512
hopper-medium-replay-v2,2,implicit,7.0,7.0,14.0,0.2596267911529354,0.2596267911529354,0.5795657083130532,0.0,0.0,0.23430004562321635,0.44796782733856577,0.3694706921374276,0.3736419889122615,0.9153399306587244,0.3679925135364615,0.9014999700756079,0.028423806355035164,0.069632015967521,0.060546875,False,200,0.47744491696357727,0.23828125,True,512
hopper-medium-replay-v2,2,explicit,7.0,10.0,17.0,0.36073600801478756,0.3268001115020568,0.7229184819990158,0.35877348492638594,0.7544737672451124,0.27819854574799996,0.47552811045559934,0.3619384962825143,0.39257667311059796,0.8255593401922626,0.3738184518430835,0.7861122058271829,0.14962679970745357,0.3146539529789258,1.0,True,1,0.0,0.328125,True,512
hopper-medium-replay-v2,2,implicit,7.0,10.0,17.0,0.3131619386632005,0.3114190228831708,0.6741096649480418,0.2912837884035067,0.6287646569288068,0.2663721347089196,0.46326361571637753,0.3914615524464814,0.42243993548300324,0.9589274865793488,0.41913408892783266,0.9514233022873448,0.017578310657572847,0.03990230051972802,0.02734375,False,200,0.9049038887023926,0.30859375,True,512
hopper-medium-replay-v2,2,explicit,10.0,10.0,20.0,0.3988128126777512,0.3988128126777512,0.7567064778063114,0.0,0.0,0.3278999368938732,0.5270376617283729,0.38273723916770386,0.4272405430364988,0.810645185460564,0.40579001693963096,0.7699450085006808,0.12744828292858174,0.24182006748934506,1.0,True,1,0.0,0.3359375,True,512
hopper-medium-replay-v2,2,implicit,10.0,10.0,20.0,0.34043962434981506,0.34043962434981506,0.6853119450924445,0.0,0.0,0.2972777543682632,0.49676592796568253,0.36194920306488704,0.4765394463508806,0.8250401334239211,0.4529536537993131,0.7842056850216662,0.051882181661854404,0.08982442567640628,0.01953125,False,200,0.6301391124725342,0.322265625,True,512
hopper-medium-replay-v2,3,explicit,0.05,0.05,0.1,0.11930592108592779,0.11930592108592779,0.32678108566207215,0.0,0.0,0.11945533799674295,0.3650943286518833,0.3595227572504284,0.36196905079077074,0.9914398071516128,0.3620948378867668,0.9917843402931177,0.0022889774633615204,0.006269550863234733,1.0,True,1,0.0,0.00390625,True,512
hopper-medium-replay-v2,3,implicit,0.05,0.05,0.1,0.1199160160246727,0.1199160160246727,0.32738665402367867,0.0,0.0,0.12015370848462288,0.3662825425253884,0.3617394933662215,0.3626950214079463,0.9951965546565902,0.36272061122745497,0.9952667703990353,0.0013250388427765308,0.003635765624789654,0.7578125,False,200,0.028801966458559036,0.00390625,True,512
hopper-medium-replay-v2,3,explicit,0.1,0.1,0.2,0.13314903674495682,0.13314903674495682,0.3651181767277686,0.0,0.0,0.13316416890865945,0.36467381037628394,0.36196905079077074,0.35951076022964074,0.9858420045538346,0.35969106742983503,0.9863364387442368,0.005627755314855088,0.0154322990977832,1.0,True,1,0.0,0.009765625,True,512
hopper-medium-replay-v2,3,implicit,0.1,0.1,0.2,0.13188700184866484,0.13188700184866484,0.36179467678989863,0.0,0.0,0.13187362617652593,0.3645354957095022,0.35039337281543653,0.35190461246174304,0.9974008113578309,0.3519768183427866,0.9976054639875133,0.0024034564479255348,0.006812100001913868,0.59765625,False,200,0.08208632469177246,0.009765625,True,512
hopper-medium-replay-v2,3,explicit,0.2,0.2,0.4,0.14272362744360295,0.14272362744360295,0.38360921852905644,0.0,0.0,0.13955587657156027,0.37205473838943304,0.35951076022964074,0.3641376906660335,0.9787207448084893,0.3643327024653613,0.979244892949088,0.009485260541889784,0.025494260825570984,1.0,True,1,0.0,0.021484375,True,512
hopper-medium-replay-v2,3,implicit,0.2,0.2,0.4,0.14018248071130704,0.14018248071130704,0.38252495511883916,0.0,0.0,0.13692172422121415,0.36646623660868477,0.35455867442481864,0.35802472644755207,0.9954826614895532,0.35820877679224755,0.99599441085615,0.004719468193439061,0.013122414210428155,0.490234375,False,200,0.07461804151535034,0.021484375,True,512
hopper-medium-replay-v2,3,explicit,1.5,2.5,4.0,0.2519285532861068,0.1928320731870186,0.5553023290241378,0.23721250692839577,0.59233956303887,0.178802335312884,0.4004670998361621,0.3557581450271787,0.36519094244900596,0.9119124707083598,0.3642725977828728,0.9096192869074712,0.04565466550265497,0.11400353617396554,1.0,True,1,0.0,0.142578125,True,512
hopper-medium-replay-v2,3,implicit,1.5,2.5,4.0,0.23912073177170381,0.1914433637074928,0.5345467677011863,0.22014109611934607,0.5466118174011947,0.18336277121563757,0.4027375353243962,0.3743910286191769,0.39456639876100436,0.9718133842508216,0.39505375847991936,0.9730137467228253,0.008003679874023579,0.019712989370760794,0.09765625,False,200,0.580443263053894,0.126953125,True,512
hopper-medium-replay-v2,3,explicit,4.0,10.0,14.0,0.41174129991022884,0.2656477152045568,0.7276674757786223,0.41531597807278015,0.8922847069302972,0.2596154809027976,0.46545231006096743,0.36519094244900596,0.38092252894267215,0.8183921761883122,0.37204895604260085,0.7993277678520231,0.12614601887847138,0.2710181390268492,1.0,True,1,0.0,0.390625,True,512
hopper-medium-replay-v2,3,implicit,4.0,10.0,14.0,0.38896531484632957,0.2522143247473868,0.6833360514048028,0.3833107073086439,0.8170253982470274,0.25378253751613655,0.4691539677114787,0.310202949177943,0.368101938335542,0.9313579512980834,0.3664011263328812,0.9270546194832495,0.02350512636209191,0.05947180401328179,0.03125,False,200,0.9764841794967651,0.376953125,True,512
hopper-medium-replay-v2,3,explicit,7.0,7.0,14.0,0.3169828162338925,0.3169828162338925,0.6810210399264587,0.0,0.0,0.24099954117978714,0.46545231006096743,0.3698516468928669,0.38092252894267215,0.8183921761883122,0.367515533264204,0.7895879455750576,0.10410730373041248,0.2236691095523319,1.0,True,1,0.0,0.236328125,True,512
hopper-medium-replay-v2,3,implicit,7.0,7.0,14.0,0.307263727994704,0.307263727994704,0.6495860434782762,0.0,0.0,0.2473361432227575,0.47301467000341985,0.3321339575887621,0.33238576703271566,0.8939100549171106,0.33204199703076015,0.8929855283825655,0.02722334669052432,0.07321379477948255,0.052734375,False,200,0.5496194958686829,0.224609375,True,512
hopper-medium-replay-v2,3,explicit,7.0,10.0,17.0,0.3977202637013457,0.33516358024014914,0.7588163549851903,0.3620202707393167,0.7496601393087593,0.28748145118947677,0.48291252496514686,0.3698516468928669,0.41281745207308246,0.8548493375749089,0.38975638634292714,0.8070952112311789,0.16099287695996758,0.3333789633465955,1.0,True,1,0.0,0.345703125,True,512
hopper-medium-replay-v2,3,implicit,7.0,10.0,17.0,0.35876109852969557,0.28551574068419744,0.6784828425271527,0.30515343299935843,0.6427093324693867,0.2567164992248712,0.4747922856929939,0.37178526018666636,0.4670396816897081,0.7791072702303647,0.4439944562161399,0.7406636359644359,0.07624399603058475,0.12718887483806854,0.015625,False,200,0.9082629680633545,0.337890625,True,512
hopper-medium-replay-v2,3,explicit,10.0,10.0,20.0,0.357061603599619,0.357061603599619,0.6970508952321567,0.0,0.0,0.28559360985794174,0.5122461014567633,0.3700601595671188,0.4467125441474517,0.8720662643933406,0.4144946525936886,0.8091709266598966,0.16925842502020882,0.33042403746726273,1.0,True,1,0.0,0.26171875,True,512
hopper-medium-replay-v2,3,implicit,10.0,10.0,20.0,0.3227428018416807,0.3227428018416807,0.6456141523917281,0.0,0.0,0.2686018316808515,0.4999004446325328,0.34568480046020467,0.37032695950535083,0.8075783226929661,0.3613985646638636,0.7881080196395245,0.061609657964860225,0.13435323290372075,0.02734375,False,200,0.8643854856491089,0.255859375,True,512
hopper-expert-v2,2,explicit,0.05,0.05,0.1,0.04636055191937044,0.04636055191937044,0.18807844025013437,0.0,0.0,0.046368188193438915,0.2464958336410774,0.2450644167779015,0.24644505802849057,0.9997940102603893,0.2464450772870331,0.9997940883896714,3.432931388267542e-06,1.3926934737835096e-05,1.0,True,1,0.0,0.005859375,True,512
hopper-expert-v2,2,implicit,0.05,0.05,0.1,0.046360947364074215,0.046360947364074215,0.18808004451539895,0.0,0.0,0.046368188193438915,0.2464958336410774,0.24531927182812885,0.2466537083852236,0.9997966821730415,0.24665361208867756,0.9997962918405067,6.3036020297880775e-06,2.5551289848350507e-05,0.994140625,False,39,1.1920928955078125e-07,0.005859375,True,512
hopper-expert-v2,2,explicit,0.1,0.1,0.2,0.0498275983328676,0.0498275983328676,0.20168802804997746,0.0,0.0,0.049849609240921765,0.24705283112054885,0.24644505802849057,0.24699653807363084,0.9997721416643449,0.2469961678185968,0.999770642976666,2.4856229124246598e-05,0.00010061098677358633,1.0,True,1,0.0,0.013671875,True,512
hopper-expert-v2,2,implicit,0.1,0.1,0.2,0.049806868889734776,0.049806868889734776,0.2016738972448401,0.0,0.0,0.04982918315152918,0.24696735457671679,0.24706987772974603,0.24752328631358853,0.9997970820852365,0.2475227832598136,0.9997950501483478,1.5881979534882608e-05,6.415055744127523e-05,0.982421875,False,200,6.542541086673737e-05,0.013671875,True,512
hopper-expert-v2,2,explicit,0.2,0.2,0.4,0.05014553957529594,0.05014553957529594,0.20512829231420218,0.0,0.0,0.05011351383722674,0.24445940152656398,0.24699653807363084,0.24432251109612493,0.9994400279572632,0.24432328083380564,0.9994431766914739,4.932097040156147e-05,0.00020175526117453105,1.0,True,1,0.0,0.01953125,True,512
hopper-expert-v2,2,implicit,0.2,0.2,0.4,0.05022084527410476,0.05022084527410476,0.205335970563475,0.0,0.0,0.050175641321247424,0.2445788973860287,0.24634182193198625,0.24398992239800651,0.9994859956804875,0.24398859666085262,0.9994805648999608,5.7940553219547766e-05,0.00023734903046713346,0.974609375,False,200,0.011313319206237793,0.01953125,True,512
hopper-expert-v2,2,explicit,1.5,2.5,4.0,0.9744929317421742,0.8965378274750289,0.9323794422240784,0.2870671614687326,0.2861048847781074,0.9721581804974281,1.0033633703645832,0.2460264326345375,0.14465700252596217,0.14417209836292852,0.15123299761949263,0.15072605008945109,0.03596428226895211,0.03584372654134672,1.0,True,1,0.0,0.158203125,True,512
hopper-expert-v2,2,implicit,1.5,2.5,4.0,0.9777823826460601,0.8892452075561559,0.9278964849817979,0.29672173363681953,0.294936245296182,0.9749595898125303,1.0060538111850055,0.2474373484625207,0.05101041328573031,0.05026853509259922,0.0825056490725184,0.08130571482548202,0.09568526269955079,0.0942936486108119,0.720703125,False,200,0.08822071552276611,0.16015625,True,512
hopper-expert-v2,2,explicit,4.0,10.0,14.0,0.3622154158718574,0.27381916172111703,0.3207732173649442,0.45636305382092696,0.46031788276237556,0.29130615062583687,0.9914084829428838,0.14465700252596217,0.2054577837927564,0.2072382749670229,0.19421098374123008,0.19589401047360094,0.07278271964456322,0.07341345257457951,1.0,True,1,0.0,0.990234375,True,512
hopper-expert-v2,2,implicit,4.0,10.0,14.0,0.3676483427303405,0.27349690634121343,0.3233506975693747,0.46242954478918286,0.4664369457647903,0.29130615062583687,0.9914084829428838,0.05589750961584222,0.1453700704660909,0.14659013722990308,0.16774618717758646,0.16915405295817937,0.10944340310469683,0.11036194333941236,0.98828125,False,66,1.1920928955078125e-07,0.990234375,True,512
hopper-expert-v2,2,explicit,7.0,7.0,14.0,1.6803781161591371,1.6803781161591371,1.0110697508372435,0.0,0.0,1.6619804071555448,0.9914084829428838,0.495022420851511,0.2054577837927564,0.2072382749670229,0.19307786095389795,0.1947510680771746,0.057401346100290095,0.05789878449486402,1.0,True,1,0.0,1.0,True,512
hopper-expert-v2,2,implicit,7.0,7.0,14.0,1.682678048231451,1.682678048231451,1.0114826949853908,0.0,0.0,1.6635757157029312,0.9922682167427757,0.48535076739409055,0.14589877321985797,0.14640757885276104,0.16393369281531917,0.16450539321064286,0.10202345134301467,0.10237924670431844,0.982421875,False,200,0.03325843811035156,1.0,True,512
hopper-expert-v2,2,explicit,7.0,10.0,17.0,1.683997342963502,0.2886128869019904,0.5924899270670273,1.6539212556628584,0.9935380738739374,1.6646782837561513,0.995010398060199,0.495022420851511,0.2112127339282284,0.2122718861430932,0.1975617190965019,0.1985524166196193,0.06925747055099093,0.06960477064964381,1.0,True,1,0.0,1.0,True,512
hopper-expert-v2,2,implicit,7.0,10.0,17.0,1.6859295485659769,0.2870039006885655,0.5924756241188687,1.6562421082643155,0.9947452380176548,1.6649912409381349,0.9931824622890757,0.4861584713975764,0.13668754021013746,0.13735451425992792,0.13146934108188668,0.13211085265426456,0.09466664671488267,0.09512857760223671,0.978515625,False,200,0.09846599400043488,1.0,True,512
hopper-expert-v2,2,explicit,10.0,10.0,20.0,0.2443483098039881,0.2443483098039881,0.2458784587217216,0.0,0.0,0.3025067884154579,0.9937768077541707,0.21063696614577856,0.215287405340038,0.216635570140306,0.20746253839496706,0.2087617026038374,0.05332377268483071,0.05365769483525857,1.0,True,1,0.0,0.982421875,True,512
hopper-expert-v2,2,implicit,10.0,10.0,20.0,0.2433487193898869,0.2433487193898869,0.24511671725582726,0.0,0.0,0.3011925898559836,0.9927871183747328,0.1921347453137486,0.15793164469974652,0.1590609594124203,0.16011965620064922,0.16126461662881064,0.0646575299957581,0.06511987368912099,0.974609375,False,200,0.002086259424686432,0.982421875,True,512
hopper-expert-v2,3,explicit,0.05,0.05,0.1,0.04691308282884154,0.04691308282884154,0.19245616669512536,0.0,0.0,0.04690047311077594,0.24375983183307257,0.24401611309005128,0.24369797814652172,0.9997462515210742,0.24369796818236952,0.9997462106441499,9.090090941425425e-06,3.729117661867418e-05,1.0,True,1,0.0,0.01171875,True,512
hopper-expert-v2,3,implicit,0.05,0.05,0.1,0.046700528101931565,0.046700528101931565,0.19145595274884303,0.0,0.0,0.04668863747266419,0.24392309265617115,0.24401568723259145,0.24386893761122616,0.9997443920077571,0.24386901315717413,0.9997447017095115,6.197895043142208e-06,2.5408364313753666e-05,0.986328125,False,200,0.00034230947494506836,0.01171875,True,512
hopper-expert-v2,3,explicit,0.1,0.1,0.2,0.05025489786416428,0.05025489786416428,0.20681365317287354,0.0,0.0,0.050262121390301714,0.24299603577021434,0.24369797814652172,0.2429140156380056,0.9996624630852567,0.2429139261418828,0.9996620947824467,1.3103223849994664e-05,5.392361158675665e-05,1.0,True,1,0.0,0.009765625,True,512
hopper-expert-v2,3,implicit,0.1,0.1,0.2,0.05025469291076843,0.05025469291076843,0.2068128097295013,0.0,0.0,0.050262121390301714,0.24299603577021434,0.24414119550509347,0.24352239692053654,0.9996678231094369,0.24352228107607093,0.9996673475639174,9.191511482147276e-06,3.7731471070571936e-05,0.986328125,False,40,1.1920928955078125e-07,0.009765625,True,512
hopper-expert-v2,3,explicit,0.2,0.2,0.4,0.049629456184995896,0.049629456184995896,0.2042889312955311,0.0,0.0,0.0495427501064759,0.24293756822879595,0.2429140156380056,0.24272731632336897,0.9991345434674436,0.24272858551701895,0.9991397678288269,5.560084748628992e-05,0.00022886887314985243,1.0,True,1,0.0,0.01171875,True,512
hopper-expert-v2,3,implicit,0.2,0.2,0.4,0.049644303620947884,0.049644303620947884,0.20421254651877505,0.0,0.0,0.049556472463468865,0.24310114372127303,0.24386469652636264,0.24376849444083856,0.9991552599231995,0.24376759309026616,0.9991515654787327,4.2662917547143407e-05,0.00017486623350846284,0.97265625,False,200,0.0007437467575073242,0.01171875,True,512
hopper-expert-v2,3,explicit,1.5,2.5,4.0,0.20271149208250355,0.20724015010089203,0.656147248327784,0.057122287040579554,0.182853915453271,0.20225076420820942,0.3123930209477924,0.24385915364016286,0.2609304259751714,0.8352633012847572,0.2604444988007641,0.8337078018279095,0.02428629155712238,0.07774274688800151,1.0,True,1,0.0,0.03125,True,512
hopper-expert-v2,3,implicit,1.5,2.5,4.0,0.20319356011741743,0.2076027482312886,0.6589187651360742,0.05498402627854287,0.17638915424192633,0.20291962168021882,0.3117199950011076,0.2506978589281052,0.2702953210546189,0.8265076606633742,0.2689114886036509,0.8222761848193343,0.017296514202666497,0.052889193329350916,0.53515625,False,200,0.10725057125091553,0.03125,True,512
hopper-expert-v2,3,explicit,4.0,10.0,14.0,1.0298098527117625,1.2611528282412714,1.1541936801973476,0.9232150567203622,0.9302368762169484,0.9534355634028723,0.9924515790804357,0.2609304259751714,0.5105823329227633,0.5144657368532253,0.4741202483883836,0.47772632779493757,0.13491020347576846,0.1359363079463994,1.0,True,1,0.0,1.0,True,512
hopper-expert-v2,3,implicit,4.0,10.0,14.0,1.0427923061747524,1.2577230674337154,1.175315920189459,0.8815056505452058,0.9007091512695752,0.9435837042644573,0.9786795763123962,0.26113516400741715,0.35507668309456786,0.3570498332686778,0.35781105675470437,0.3597994017588903,0.11359756079919053,0.11422881894015297,0.384765625,False,200,0.5739933848381042,1.0,True,512
hopper-expert-v2,3,explicit,7.0,7.0,14.0,1.263527945370381,1.263527945370381,1.0050533084495628,0.0,0.0,1.2571750520572404,0.9924515790804357,0.1342818026146966,0.5105823329227633,0.5144657368532253,0.4723337221182284,0.4759262135044141,0.13393604021128644,0.13495473535886354,1.0,True,1,0.0,0.994140625,True,512
hopper-expert-v2,3,implicit,7.0,7.0,14.0,1.2654763078499853,1.2654763078499853,1.0057360668258906,0.0,0.0,1.2582588509964017,0.9931694292876833,0.050206486180036966,0.42308659860087416,0.42614169168733307,0.41893630714556956,0.42196143112694734,0.12260183207806499,0.12348713549067022,0.99609375,False,200,0.003798574209213257,0.994140625,True,512
hopper-expert-v2,3,explicit,7.0,10.0,17.0,1.4343167782177,1.430902273696835,1.0053464416348628,0.08750817819814881,0.06140964022047315,1.4249908953053068,1.0477870001075773,0.1342818026146966,0.4944758379214123,0.4719240054234725,0.4479919203377455,0.4275601055288429,0.16759565789189737,0.15995203020717966,1.0,True,1,0.0,1.0,True,512
hopper-expert-v2,3,implicit,7.0,10.0,17.0,1.437848849158959,1.4340257490642063,1.005927223546115,0.08786993109941124,0.061556138891793344,1.427476327809866,1.04792102197433,0.05052034816763575,0.43342931108167254,0.41189174928212413,0.42106549181793307,0.4001423013003053,0.15138998276836924,0.14386725408726275,0.96875,False,200,0.03497356176376343,1.0,True,512
hopper-expert-v2,3,explicit,10.0,10.0,20.0,0.9885968440258811,0.9885968440258811,0.9401712056309932,0.0,0.0,0.9865931917187338,1.0515072553858817,0.1585933474455995,0.24165895992559766,0.22982148595533347,0.2128213853590162,0.20239649728419143,0.08835634762399236,0.08402828147064699,1.0,True,1,0.0,1.0,True,512
hopper-expert-v2,3,implicit,10.0,10.0,20.0,0.9893546676273104,0.9893546676273104,0.9408919078397013,0.0,0.0,0.9865931917187338,1.0515072553858817,0.059590109751443625,0.16190548517296963,0.15397467239876877,0.17235521212210594,0.16391252769706766,0.05406848772070313,0.051419985400729444,1.0,True,74,1.1920928955078125e-07,1.0,True,512
walker2d-medium-v2,2,explicit,0.05,0.05,0.1,0.04647823035998243,0.04647823035998243,0.24503925203471588,0.0,0.0,0.04614009239985278,0.18967667414116018,0.18990254027111075,0.18876901259200837,0.9952146907190269,0.18876544890365812,0.9951959024923438,0.0007890301669604494,0.004159869264542468,1.0,True,1,0.0,0.00390625,True,512
walker2d-medium-v2,2,implicit,0.05,0.05,0.1,0.04643296950508444,0.04643296950508444,0.2454069617406322,0.0,0.0,0.04610994258607357,0.18920803703262057,0.18903310811576682,0.18847533208261577,0.9957249992549358,0.18848015466073784,0.9957504771864186,0.00024646130384653307,0.001302067909244422,0.8125,False,200,0.0025235414505004883,0.00390625,True,512
walker2d-medium-v2,2,explicit,0.1,0.1,0.2,0.048617504057121556,0.048617504057121556,0.2544934744543156,0.0,0.0,0.04815217487237543,0.1910363484225563,0.18876901259200837,0.1897782997702745,0.9934146110796721,0.18978470489702212,0.9934481393940506,0.0012004355097604278,0.006283806823532691,1.0,True,1,0.0,0.013671875,True,512
walker2d-medium-v2,2,implicit,0.1,0.1,0.2,0.048719010481036155,0.048719010481036155,0.25583047355085403,0.0,0.0,0.04834809144560091,0.1904347429953523,0.18992997560931835,0.191503039777949,0.9928462590343321,0.1914950529416637,0.9928048513337724,0.0004930521319474465,0.002556225557988722,0.67578125,False,200,0.010945439338684082,0.0078125,True,512
walker2d-medium-v2,2,explicit,0.2,0.2,0.4,0.0515689755211348,0.0515689755211348,0.2720618504218449,0.0,0.0,0.050193520913647885,0.18954872004720486,0.1897782997702745,0.1879957959267492,0.9918072560971717,0.18802179305469854,0.9919444088457783,0.0025469188537538302,0.013436750473015858,1.0,True,1,0.0,0.021484375,True,512
walker2d-medium-v2,2,implicit,0.2,0.2,0.4,0.052109445214472354,0.052109445214472354,0.278075146036106,0.0,0.0,0.05064828750163283,0.18739339332291974,0.1856423998413305,0.18395003133590826,0.9901803567074896,0.18393940704907003,0.9901231674803128,0.0014537546709518798,0.007825382296454741,0.548828125,False,200,0.01837712526321411,0.0234375,True,512
walker2d-medium-v2,2,explicit,1.5,2.5,4.0,0.12430886282777279,0.10239650560131414,0.5654298965346992,0.13132440266015405,0.6550770625605088,0.08183965789405025,0.200471685188983,0.19042497844367426,0.1972217451107706,0.9837885331529551,0.1965273290300677,0.9803246221270749,0.025386083133780074,0.12663176403115892,1.0,True,1,0.0,0.181640625,True,512
walker2d-medium-v2,2,implicit,1.5,2.5,4.0,0.1061736633787776,0.08804165120017061,0.4878618871501432,0.11130049309581885,0.5591656736255484,0.0738003248959724,0.19904743503685188,0.18858782742754016,0.20307100099657147,1.0312403743080802,0.19915742039312265,1.011366328744807,0.017895476122588603,0.09087726659401832,0.05078125,False,200,0.28543785214424133,0.1875,True,512
walker2d-medium-v2,2,explicit,4.0,10.0,14.0,0.734358983261557,0.8392813520072696,1.1329657401075308,0.6609122066074833,0.9516671256106713,0.6697678154661585,0.6944783410306259,0.1972217451107706,0.3183435506661557,0.4583923383322865,0.23230424245020032,0.3345017817336882,0.15161482470950055,0.21831469140491808,1.0,True,1,0.0,0.958984375,True,512
walker2d-medium-v2,2,implicit,4.0,10.0,14.0,0.8146003065234011,0.9634863511863534,1.1920323867411764,0.628917002952126,0.8432541044504094,0.7287405613782066,0.7458214548057522,0.18578683945607788,0.1790209825295361,0.2765904173603713,0.17859176771453492,0.27592727328004624,0.019934112007046784,0.03079853703086335,0.01171875,False,200,1.8556578159332275,0.95703125,True,512
walker2d-medium-v2,2,explicit,7.0,7.0,14.0,0.8074038135685598,0.8074038135685598,1.1626047435408127,0.0,0.0,0.6775544759435249,0.6944783410306259,0.274079649500622,0.3183435506661557,0.4583923383322865,0.25169075827958776,0.36241700195584414,0.108674907790612,0.15648422905361642,1.0,True,1,0.0,0.873046875,True,512
walker2d-medium-v2,2,implicit,7.0,7.0,14.0,0.7715140107530138,0.7715140107530138,1.1576718340888406,0.0,0.0,0.6428021765505716,0.6664358482559465,0.21973080078999344,0.15156260872497201,0.27246341352071385,0.16706698040085732,0.3003355520834064,0.040890890436973394,0.0735093680696432,0.03125,False,200,0.7643470168113708,0.880859375,True,512
walker2d-medium-v2,2,explicit,7.0,10.0,17.0,1.0557034269024417,1.015147987180553,1.1092237449584563,0.8980873256314825,0.9620968263218457,0.9334687539350116,0.8980773993266898,0.274079649500622,0.3325324053883388,0.3702714327714363,0.16792294149830456,0.18698047810155385,0.21792938965721192,0.2426621467376852,1.0,True,1,0.0,0.984375,True,512
walker2d-medium-v2,2,implicit,7.0,10.0,17.0,1.104748445996602,0.9486610632573941,1.0818178838462686,0.9965861152140334,1.0500824870759482,0.9490550766055719,0.8679229045344278,0.263193850429485,1.1920928955078125e-07,1.6161076975433958e-07,1.1920928955078125e-07,1.6161076975433958e-07,0.0,0.0,0.013671875,False,200,0.9009717702865601,0.990234375,True,512
walker2d-medium-v2,2,explicit,10.0,10.0,20.0,1.0423114038859285,1.0423114038859285,1.117505432681648,0.0,0.0,0.9327126055975599,0.8961950594400864,0.280142612045062,0.39155742878560146,0.43691094328307706,0.2739217807449813,0.3056497331240799,0.22384808033073933,0.2497760704802282,1.0,True,1,0.0,0.994140625,True,512
walker2d-medium-v2,2,implicit,10.0,10.0,20.0,1.078130020326291,1.078130020326291,1.1539513140868631,0.0,0.0,0.9342942004268433,0.8919544107842884,0.2309712013417392,0.17099088014894825,0.18412975926713337,0.15338915173745102,0.16517552023244772,0.07556221559509951,0.08136838967725778,0.166015625,False,200,0.302201509475708,0.99609375,True,512
walker2d-medium-v2,3,explicit,0.05,0.05,0.1,0.0446495265012646,0.0446495265012646,0.23669162892857298,0.0,0.0,0.04427515202397401,0.18864007444360695,0.18792339587233867,0.18785097112778246,0.9958168839884529,0.18784650819129817,0.9957932255134578,0.0006087686181406032,0.0032271436487510065,1.0,True,1,0.0,0.0078125,True,512
walker2d-medium-v2,3,implicit,0.05,0.05,0.1,0.042920177673169385,0.042920177673169385,0.23090677490885592,0.0,0.0,0.0426245672093607,0.18587664952711302,0.18522836996862257,0.18472066733905557,0.996781073626287,0.1847191570378696,0.9967729238092723,0.00019034700102967187,0.0010271416338034456,0.78515625,False,200,0.014351904392242432,0.0078125,True,512
walker2d-medium-v2,3,explicit,0.1,0.1,0.2,0.046248024512090834,0.046248024512090834,0.24377446595728974,0.0,0.0,0.04582672214418308,0.18971644273930507,0.18785097112778246,0.18852118111266544,0.993699746793787,0.18852185795794119,0.9937033144617549,0.001476506408060036,0.007782701313290735,1.0,True,1,0.0,0.01171875,True,512
walker2d-medium-v2,3,implicit,0.1,0.1,0.2,0.046068834864911354,0.046068834864911354,0.2463009684972252,0.0,0.0,0.04604334759945409,0.1870428490232687,0.18501549774345155,0.18506529071772568,0.9949682220669498,0.18507660622026234,0.9950290577071557,0.0005230118206412625,0.0028118732544891683,0.681640625,False,200,0.03227889537811279,0.01171875,True,512
walker2d-medium-v2,3,explicit,0.2,0.2,0.4,0.050762704607067693,0.050762704607067693,0.26795394611793427,0.0,0.0,0.04846139332316773,0.18944563176810078,0.18852118111266544,0.18730824599550164,0.988717682468311,0.1873364732339341,0.9888666816200413,0.002866814354832135,0.015132649552676859,1.0,True,1,0.0,0.025390625,True,512
walker2d-medium-v2,3,implicit,0.2,0.2,0.4,0.050184244016765994,0.050184244016765994,0.2667311147700083,0.0,0.0,0.048212213724396574,0.18814544399905456,0.18180921385688098,0.17987197423285042,0.9920891149317669,0.1798571686925756,0.9920074545429821,0.0011016515915910057,0.006076191452982272,0.57421875,False,200,0.0452219694852829,0.02734375,True,512
walker2d-medium-v2,3,explicit,1.5,2.5,4.0,0.7515942953567377,0.7478291019796413,0.9560662289608148,0.1192161258113912,0.15202978963552216,0.7540109139826573,0.7841629334435126,0.18904593210190299,0.2386908495596181,0.3043893550431535,0.1784432801517347,0.2275589326418843,0.08522358945453386,0.10868097154285215,1.0,True,1,0.0,0.216796875,True,512
walker2d-medium-v2,3,implicit,1.5,2.5,4.0,0.7786857573348578,0.7717284411158113,0.9829145686616624,0.08550134523618858,0.10841040795008453,0.7733967393273713,0.7886820726249459,0.16805755325170127,0.07555615824246714,0.09255528333810971,0.05863588016710621,0.07182816899226126,0.09877952402937473,0.12100359583136823,0.16796875,False,200,0.27618491649627686,0.1953125,True,512
walker2d-medium-v2,3,explicit,4.0,10.0,14.0,0.12871969727231888,0.05576046063919754,0.1026586556648267,0.14029724787709444,0.15614391296700386,0.2865573094820954,0.8985124377326311,0.2386908495596181,0.33977659049347797,0.37815457663657265,0.16962987905246862,0.18878968384736497,0.25711933108225643,0.2861611261955252,1.0,True,1,0.0,1.0,True,512
walker2d-medium-v2,3,implicit,4.0,10.0,14.0,0.12497865925773934,0.05535037238252993,0.10034865632763197,0.1367064635005981,0.15214754716759704,0.2865573094820954,0.8985124377326311,0.08227311948965958,0.12216852029370849,0.13770235984006904,0.11456515339285189,0.12913221785536871,0.03761217455080529,0.042394597085327904,0.953125,False,64,1.1920928955078125e-07,1.0,True,512
walker2d-medium-v2,3,explicit,7.0,7.0,14.0,0.038187826947848336,0.038187826947848336,0.04250116675536975,0.0,0.0,0.06475016884972862,0.8985124377326311,0.2951152959236785,0.33977659049347797,0.37815457663657265,0.18770574912060928,0.20890723515667634,0.20159219538914563,0.22436216453258837,1.0,True,1,0.0,1.0,True,512
walker2d-medium-v2,3,implicit,7.0,7.0,14.0,0.03726529430438815,0.03726529430438815,0.041474433451835116,0.0,0.0,0.06475016884972862,0.8985124377326311,0.062485596498487894,0.11419706048970374,0.12716966230068627,0.11419706048970374,0.12716966230068627,0.0,0.0,0.998046875,False,66,1.1920928955078125e-07,1.0,True,512
walker2d-medium-v2,3,explicit,7.0,10.0,17.0,0.0367809833549126,0.054082802683484484,0.05059707487008571,0.039039140375422804,0.04347752596627105,0.0647607222659291,0.897915405897487,0.2951152959236785,0.29752864494685366,0.33135487262240143,0.14053302401768902,0.1565103161107065,0.19118073526919296,0.21291619902445424,1.0,True,1,0.0,1.0,True,512
walker2d-medium-v2,3,implicit,7.0,10.0,17.0,0.03652087887825123,0.05457673373427758,0.05072728010578828,0.03860514576792604,0.04299419022590365,0.0647607222659291,0.897915405897487,0.062485596498487894,0.06256108617680425,0.06971439227394259,0.06256108617680425,0.06971439227394259,0.0,0.0,0.998046875,False,57,1.1920928955078125e-07,1.0,True,512
walker2d-medium-v2,3,explicit,10.0,10.0,20.0,0.06250604837290577,0.06250604837290577,0.06946252520194314,0.0,0.0,0.06369872713303652,0.8998528082759253,0.26685690665200335,0.20980929147786997,0.23315956737397361,0.08165328509919967,0.09074071264570863,0.17809606768346464,0.19791688823496384,1.0,True,1,0.0,1.0,True,512
walker2d-medium-v2,3,implicit,10.0,10.0,20.0,0.06258068911733086,0.06258068911733086,0.06954547292821417,0.0,0.0,0.06369872713303652,0.8998528082759253,0.06516586375292982,0.05113099622672477,0.056808773689774494,0.05113099622672477,0.056808773689774494,0.0,0.0,0.99609375,False,60,1.1920928955078125e-07,1.0,True,512
walker2d-medium-replay-v2,2,explicit,0.05,0.05,0.1,0.1517206575212443,0.1517206575212443,0.4559202250579671,0.0,0.0,0.15133502394480472,0.33277895820909037,0.3317659779644962,0.32895901430413893,0.9885210773977142,0.32912341025535596,0.9890150868510215,0.003585746675201341,0.010775160468374201,1.0,True,1,0.0,0.01171875,True,512
walker2d-medium-replay-v2,2,implicit,0.05,0.05,0.1,0.15069001360239218,0.15069001360239218,0.44945771681526725,0.0,0.0,0.1502154247362225,0.33527072283938036,0.3214072243299234,0.31799504056804695,0.986015006033017,0.3179705311271633,0.9859390090097375,0.001641816531519397,0.005090820706949957,0.365234375,False,200,0.01717245578765869,0.01171875,True,512
walker2d-medium-replay-v2,2,explicit,0.1,0.1,0.2,0.156127204938665,0.156127204938665,0.46549855166050297,0.0,0.0,0.1546348751576683,0.33539783181222776,0.32895901430413893,0.32827326606616786,0.9787578658229115,0.3282240771571457,0.9786112074239696,0.007858707295993037,0.023431002083498048,1.0,True,1,0.0,0.015625,True,512
walker2d-medium-replay-v2,2,implicit,0.1,0.1,0.2,0.1542857360942474,0.1542857360942474,0.4623897702150438,0.0,0.0,0.15313433450106254,0.3336703059466339,0.2822390441700024,0.28752820728094275,0.9876191294545859,0.28739384280476366,0.9871576062939592,0.003518935775646596,0.012087051633006982,0.19140625,False,200,0.03094300627708435,0.015625,True,512
walker2d-medium-replay-v2,2,explicit,0.2,0.2,0.4,0.16667396736925116,0.16667396736925116,0.4875102103839381,0.0,0.0,0.16279415440846018,0.3418881570459566,0.32827326606616786,0.33103641721036725,0.9682593865509923,0.33113277591307494,0.9685412293136673,0.015748411997648388,0.04606305212125697,1.0,True,1,0.0,0.056640625,True,512
walker2d-medium-replay-v2,2,implicit,0.2,0.2,0.4,0.1640382343445754,0.1640382343445754,0.5061270114239353,0.0,0.0,0.16047754685013133,0.3241048800835012,0.28316146989735946,0.29202235075541294,0.9693707804856206,0.29266437568506043,0.9715019879275636,0.0082279252459955,0.02731267074885075,0.07421875,False,200,0.08151859045028687,0.0546875,True,512
walker2d-medium-replay-v2,2,explicit,1.5,2.5,4.0,0.3273970341544423,0.3023284617412456,0.8349165873429575,0.37676430900560604,0.9990599813976567,0.21508532575342545,0.37711880770013767,0.32945261203769666,0.3580135607222693,0.9493389176361108,0.3467248177543245,0.9194047357882489,0.10039743026543485,0.2662222838412898,1.0,True,1,0.0,0.44921875,True,512
walker2d-medium-replay-v2,2,implicit,1.5,2.5,4.0,0.2896091324435609,0.2506262184165483,0.8070158267325496,0.3033750779604686,0.9063771519598914,0.1988001214332752,0.33471174477916826,nan,nan,nan,nan,nan,nan,nan,0.0,False,200,0.5276968479156494,0.416015625,False,512
walker2d-medium-replay-v2,2,explicit,4.0,10.0,14.0,0.678532947662624,0.4989855504191521,1.0807782113214282,0.7359792327825889,1.3510281495743306,0.45561503417447086,0.5447549209203927,0.3580135607222693,0.4622589275520087,0.8222267378410257,0.4247815558771245,0.7555651868823832,0.24458306324672213,0.435043483723506,1.0,True,1,0.0,0.841796875,True,512
walker2d-medium-replay-v2,2,implicit,4.0,10.0,14.0,0.628686548081413,0.5727859311881128,1.3259589895095776,0.743229609960741,1.6404736681048298,0.40098851990459006,0.4530579334561114,nan,nan,nan,nan,nan,nan,nan,0.0,False,200,1.3997522592544556,0.80078125,False,512
walker2d-medium-replay-v2,2,explicit,7.0,7.0,14.0,0.5746438760064815,0.5746438760064815,1.0548667922734682,0.0,0.0,0.46062894274430227,0.5447549209203927,0.393376552001663,0.4622589275520087,0.8222267378410257,0.40924869005107,0.7279366505010232,0.2285281565218918,0.4064863855348204,1.0,True,1,0.0,0.607421875,True,512
walker2d-medium-replay-v2,2,implicit,7.0,7.0,14.0,0.5614724110997203,0.5614724110997203,1.072621161053647,0.0,0.0,0.45312254097139315,0.5234582641910404,nan,nan,nan,nan,nan,nan,nan,0.0,False,200,1.157594084739685,0.5625,False,512
walker2d-medium-replay-v2,2,explicit,7.0,10.0,17.0,0.6373915491519284,0.6966156724695246,1.203526204737934,0.7281218665749876,1.3138066008376736,0.45963164007008844,0.5542078005322414,0.393376552001663,0.5003272947438085,0.8746639206999224,0.45487885041249926,0.7952117002711125,0.26581663396170846,0.4646962532141191,1.0,True,1,0.0,0.771484375,True,512
walker2d-medium-replay-v2,2,implicit,7.0,10.0,17.0,0.6968201398248066,0.7945115309482667,1.2333165527280947,0.7845575252424989,1.2976426390078304,0.6046021467376925,0.5703476560986901,nan,nan,nan,nan,nan,nan,nan,0.0,False,200,1.391800880432129,0.7421875,False,512
walker2d-medium-replay-v2,2,explicit,10.0,10.0,20.0,0.8313286796775429,0.8313286796775429,1.2588428085751322,0.0,0.0,0.6603911735560638,0.6417007557021817,0.3993778545397219,0.567179409619058,0.7866280728859988,0.5058950237647755,0.7016320072232224,0.36205768637159313,0.5021422415445878,1.0,True,1,0.0,0.853515625,True,512
walker2d-medium-replay-v2,2,implicit,10.0,10.0,20.0,0.9075019705551116,0.9075019705551116,1.2491180295855135,0.0,0.0,0.7265141876594655,0.68467591565321,nan,nan,nan,nan,nan,nan,nan,0.0,False,200,0.799787163734436,0.8203125,False,512
walker2d-medium-replay-v2,3,explicit,0.05,0.05,0.1,0.1545811689735793,0.1545811689735793,0.45804293757833203,0.0,0.0,0.15422658410207096,0.337481830395308,0.3284095007212167,0.3328912349680237,0.9863975034688324,0.3329915026820851,0.98669460898691,0.004250765816486164,0.012595539770265696,1.0,True,1,0.0,0.015625,True,512
walker2d-medium-replay-v2,3,implicit,0.05,0.05,0.1,0.15514512142621584,0.15514512142621584,0.4544175717203104,0.0,0.0,0.1545873829087511,0.34141532168061967,0.33010149222892016,0.33758680000725133,0.9913146779439757,0.33762467924610845,0.9914259093234833,0.002179394918228101,0.006399735331563973,0.3359375,False,200,0.01875367760658264,0.015625,True,512
walker2d-medium-replay-v2,3,explicit,0.1,0.1,0.2,0.15505902793411394,0.15505902793411394,0.46356416887630253,0.0,0.0,0.15397139484357744,0.334493125967831,0.3328912349680237,0.32678235304757663,0.9769478882474975,0.3268202803872396,0.9770612757485208,0.008517894950770466,0.025465082207966366,1.0,True,1,0.0,0.013671875,True,512
walker2d-medium-replay-v2,3,implicit,0.1,0.1,0.2,0.1559070947607056,0.1559070947607056,0.47449773244737903,0.0,0.0,0.15547912245909382,0.32857289740156015,0.3246262561584661,0.3084954962799336,0.9853004974045702,0.3088352721493587,0.9863857039543825,0.00824789382330226,0.026342860705057255,0.19140625,False,200,0.05256488919258118,0.01171875,True,512
walker2d-medium-replay-v2,3,explicit,0.2,0.2,0.4,0.16733423228211042,0.16733423228211042,0.5003178326921545,0.0,0.0,0.15992976007116547,0.33445586254981874,0.32678235304757663,0.32434171950343793,0.9697594087026229,0.3241672806596953,0.9692378485708532,0.014237180297332,0.04256818878518329,1.0,True,1,0.0,0.05078125,True,512
walker2d-medium-replay-v2,3,implicit,0.2,0.2,0.4,0.16560188443480164,0.16560188443480164,0.5087746387276652,0.0,0.0,0.15933916744808016,0.3254916260152746,0.3060799211403255,0.3184113601800017,1.0039164921547514,0.3182801219281438,1.0035027121772806,0.008624488385344457,0.027192076694593382,0.10546875,False,200,0.10410620272159576,0.046875,True,512
walker2d-medium-replay-v2,3,explicit,1.5,2.5,4.0,0.33923741372678207,0.26646038908180353,0.7887483130196374,0.3288249210312386,0.8564009991106695,0.22927035486961939,0.3839613935209174,0.34009733038031736,0.35551014486985827,0.9259007568699503,0.34958311191049374,0.9104642232512608,0.08707756089827524,0.22678728217901273,1.0,True,1,0.0,0.376953125,True,512
walker2d-medium-replay-v2,3,implicit,1.5,2.5,4.0,0.3633922618776689,0.33935442950095845,1.0194904804498253,0.3013874785103637,0.8744592298693441,0.2707661363743861,0.34465583782035786,0.2307690147358542,0.23255705414363465,0.991278726238806,0.2205476482189768,0.940088412310393,0.02612433431542839,0.11135545614557055,0.001953125,False,200,0.5333548188209534,0.345703125,True,512
walker2d-medium-replay-v2,3,explicit,4.0,10.0,14.0,0.6485312204767518,0.618949752008177,1.2249627626464603,0.7530665269595177,1.4556091544512313,0.4233535458141866,0.5173548989140742,0.35551014486985827,0.46268223234622496,0.8334306156171999,0.42017325089656477,0.7568590853053563,0.2382244128365304,0.4291142066091387,1.0,True,1,0.0,0.8046875,True,512
walker2d-medium-replay-v2,3,implicit,4.0,10.0,14.0,0.8196067686193088,0.9730078982918788,1.4335921771606228,0.863539572170515,1.3811820221970934,0.5911153270829803,0.625217790481267,nan,nan,nan,nan,nan,nan,nan,0.0,False,200,1.304970622062683,0.794921875,False,512
walker2d-medium-replay-v2,3,explicit,7.0,7.0,14.0,0.5931836117026391,0.5931836117026391,1.1465700101569138,0.0,0.0,0.4563250377866097,0.5173548989140742,0.3937631057147481,0.46268223234622496,0.8334306156171999,0.40847977443614714,0.7357955980914829,0.22408915705284466,0.403652336439704,1.0,True,1,0.0,0.65234375,True,512
walker2d-medium-replay-v2,3,implicit,7.0,7.0,14.0,0.5422804351111654,0.5422804351111654,1.1449107603514483,0.0,0.0,0.44179352759416723,0.4736442820615153,nan,nan,nan,nan,nan,nan,nan,0.0,False,200,1.250420093536377,0.611328125,False,512
walker2d-medium-replay-v2,3,explicit,7.0,10.0,17.0,0.5947179641715744,0.694513311670978,1.285937989668048,0.8266886494118436,1.6491538172021318,0.4063040598452387,0.501280499604555,0.3937631057147481,0.4825917947646756,0.8666940571197785,0.4345710237927343,0.780452812922939,0.26813190858099156,0.4815422355132411,1.0,True,1,0.0,0.76171875,True,512
walker2d-medium-replay-v2,3,implicit,7.0,10.0,17.0,0.6513628526098173,0.6466863512108689,1.1853206305655963,0.7850606245774011,1.4337646859877475,0.4499862905448167,0.5475519325101511,nan,nan,nan,nan,nan,nan,nan,0.0,False,200,1.1731125116348267,0.716796875,False,512
walker2d-medium-replay-v2,3,explicit,10.0,10.0,20.0,0.8042214044374477,0.8042214044374477,1.2308889141768353,0.0,0.0,0.6439603932963751,0.653366355952012,0.471068219172425,0.5948633400296492,0.7996682060796083,0.518240835611837,0.6966654211877626,0.3539676770763836,0.4758348317846072,1.0,True,1,0.0,0.8359375,True,512
walker2d-medium-replay-v2,3,implicit,10.0,10.0,20.0,0.8982310089705112,0.8982310089705112,1.1562924982587086,0.0,0.0,0.7768198879809226,0.7308479121199923,nan,nan,nan,nan,nan,nan,nan,0.0,False,200,1.5135135650634766,0.8046875,False,512
walker2d-expert-v2,2,explicit,0.05,0.05,0.1,0.03151607980040657,0.03151607980040657,0.18018261009711264,0.0,0.0,0.031537989400303744,0.1749118840237713,0.17519621310261635,0.17460790954308383,0.9982621279143836,0.17460866213975512,0.9982664306332955,6.791696648156166e-05,0.0003882924642920857,1.0,True,1,0.0,0.0,True,512
walker2d-expert-v2,2,implicit,0.05,0.05,0.1,0.0313966178726397,0.0313966178726397,0.17894150086912353,0.0,0.0,0.03141448358377996,0.17545744123160648,0.17491294682829311,0.1743127365780686,0.9983931103628052,0.174313071905664,0.9983950309841411,4.813905295056701e-05,0.00027572109616735445,0.9375,False,200,0.003062307834625244,0.0,True,512
walker2d-expert-v2,2,explicit,0.1,0.1,0.2,0.03262324733050139,0.03262324733050139,0.1874615102964704,0.0,0.0,0.03257667129011837,0.17402637628869905,0.17460790954308383,0.17367609201357945,0.9979871771015992,0.17368407560192986,0.9980330528390632,0.00043656883876564296,0.0025086360359615955,1.0,True,1,0.0,0.001953125,True,512
walker2d-expert-v2,2,implicit,0.1,0.1,0.2,0.03268501326395435,0.03268501326395435,0.18995827324894923,0.0,0.0,0.03264624844948702,0.17206417338358887,0.17106406894765602,0.17030478340152794,0.9980133675565016,0.17030627099829196,0.9980220851123235,8.802168699043855e-05,0.000515821214746595,0.8828125,False,200,0.002206265926361084,0.001953125,True,512
walker2d-expert-v2,2,explicit,0.2,0.2,0.4,0.03326916348869882,0.03326916348869882,0.19058275094330393,0.0,0.0,0.03338523519812044,0.17456544899278947,0.17367609201357945,0.17387194189318425,0.9960272373278525,0.17386799919695695,0.9960046515512853,0.0003600093200332184,0.0020623171544564287,1.0,True,1,0.0,0.00390625,True,512
walker2d-expert-v2,2,implicit,0.2,0.2,0.4,0.03318631997710923,0.03318631997710923,0.1896854103146136,0.0,0.0,0.03324565454542607,0.174954520340105,0.1735541643920759,0.17368962865792575,0.9967128372003526,0.1736906227246594,0.9967185416231332,0.00026254578696667855,0.0015066112942064634,0.828125,False,200,0.020965516567230225,0.00390625,True,512
walker2d-expert-v2,2,explicit,1.5,2.5,4.0,0.6068277166642683,0.5564319728430083,0.9150724804686227,0.26471794087504913,0.4164781174248059,0.6072756914068538,0.6356106834900955,0.17253849992795392,0.14444260458169994,0.22725012076350778,0.1280080751077872,0.20139383813516706,0.04666616239245239,0.07341941160619206,1.0,True,1,0.0,0.78515625,True,512
walker2d-expert-v2,2,implicit,1.5,2.5,4.0,0.5731775987209095,0.5298064545280875,0.8988452193364485,0.2664152503685259,0.4342149343804038,0.5756022721630594,0.6135561660233612,0.17609492851211186,0.10267747574688597,0.161710052152668,0.0928770021992442,0.14627497180050947,0.03654445183346519,0.05755503014554336,0.412109375,False,200,0.1674191951751709,0.78515625,True,512
walker2d-expert-v2,2,explicit,4.0,10.0,14.0,0.29460665258231916,0.2537391295377589,0.37865367001425715,0.31478935366833544,0.4347481021448955,0.3187754468580865,0.7240729795375174,0.14444260458169994,0.3016602587055897,0.41661582082273985,0.23898605251638888,0.3300579627609291,0.17976359750299645,0.2482672362913138,1.0,True,1,0.0,0.876953125,True,512
walker2d-expert-v2,2,implicit,4.0,10.0,14.0,0.29061918243880736,0.24603867667021886,0.36093509361017934,0.32666472421780496,0.43940384292683426,0.29066412345054743,0.7434270989573443,0.09880202294157239,0.11087188213673227,0.1455052239240057,0.10992660393003996,0.14426466667464263,0.07399623279793544,0.09711063089484033,0.8046875,False,200,0.407537579536438,0.87890625,True,512
walker2d-expert-v2,2,explicit,7.0,7.0,14.0,0.27971964195802546,0.27971964195802546,0.3863141559800906,0.0,0.0,0.3092159285016778,0.7240729795375174,0.1935503101791113,0.3016602587055897,0.41661582082273985,0.23504751290926168,0.3246185392243087,0.1415894978657666,0.19554589366972813,1.0,True,1,0.0,0.8671875,True,512
walker2d-expert-v2,2,implicit,7.0,7.0,14.0,0.2648206222866401,0.2648206222866401,0.35830951854204074,0.0,0.0,0.29535026119845725,0.7390834141504072,0.10436470518999436,0.11502409310201421,0.1522432007855758,0.11511367584241436,0.1523617704066513,0.06884200818003888,0.09111767275174787,0.828125,False,200,0.8741792440414429,0.87109375,True,512
walker2d-expert-v2,2,explicit,7.0,10.0,17.0,0.2567566279522097,0.22963541442897362,0.3411041037929076,0.12773973000868513,0.17916636098751348,0.2882197083882107,0.7129671513370057,0.1935503101791113,0.2895017132017323,0.40208004002062525,0.20904423178937964,0.2903351146160046,0.18916411150122892,0.26272422598715395,1.0,True,1,0.0,0.87890625,True,512
walker2d-expert-v2,2,implicit,7.0,10.0,17.0,0.25320594035759636,0.22799443754740414,0.3256763603351242,0.08793120371338435,0.11902365708829502,0.28661574915263255,0.7387708113199258,0.10328998389299256,0.07710352279385065,0.10151714642497647,0.07229590986287021,0.09518727811047871,0.04371916559326572,0.057562155064895676,0.81640625,False,200,1.2357065677642822,0.87890625,True,512
walker2d-expert-v2,2,explicit,10.0,10.0,20.0,0.24652210186757284,0.24652210186757284,0.3343428524488366,0.0,0.0,0.2847119771192207,0.7373332495728986,0.22080529416734232,0.31284665127794853,0.423016164115462,0.21124034855542284,0.2856290185217229,0.17143636067429294,0.2318079844745519,1.0,True,1,0.0,0.87890625,True,512
walker2d-expert-v2,2,implicit,10.0,10.0,20.0,0.21812142019103278,0.21812142019103278,0.28761356649175934,0.0,0.0,0.27113452537593485,0.7583836286014776,0.09927595484971087,0.08171777541365981,0.10632200490834075,0.07419414972445211,0.09653310691880071,0.033855258771655135,0.04404866592454213,0.822265625,False,200,1.1028755903244019,0.87890625,True,512
walker2d-expert-v2,3,explicit,0.05,0.05,0.1,0.03086251438978958,0.03086251438978958,0.17790361956563308,0.0,0.0,0.03070836471841357,0.17347884469772482,0.17390174027180003,0.1732419209300211,0.9986342786169892,0.173243156913321,0.9986414033087754,0.00020847206572897702,0.0012017146303471501,1.0,True,1,0.0,0.001953125,True,512
walker2d-expert-v2,3,implicit,0.05,0.05,0.1,0.03096376612006972,0.03096376612006972,0.17849400345679103,0.0,0.0,0.03082008694064166,0.17347230450554202,0.17496373555968764,0.17440064468165234,0.998652906437182,0.17440089705835451,0.9986543515965597,6.607098766807047e-05,0.00037833566490729463,0.9140625,False,200,0.0010771751403808594,0.001953125,True,512
walker2d-expert-v2,3,explicit,0.1,0.1,0.2,0.033197165380699056,0.033197165380699056,0.191441231649726,0.0,0.0,0.033216042329735,0.17340655978143132,0.1732419209300211,0.17302215189605905,0.9977831987102633,0.1730274693364472,0.9978138632963945,0.00016754711540572487,0.000966209788239315,1.0,True,1,0.0,0.001953125,True,512
walker2d-expert-v2,3,implicit,0.1,0.1,0.2,0.03301544928135815,0.03301544928135815,0.19259236313998682,0.0,0.0,0.033072282919326346,0.17142657550424617,0.17236469577088698,0.17199805145198954,0.9975676759073175,0.17199793016739665,0.9975669724715027,9.521953174181167e-05,0.0005522616458662408,0.8671875,False,200,0.008873283863067627,0.001953125,True,512
walker2d-expert-v2,3,explicit,0.2,0.2,0.4,0.0336251763939001,0.0336251763939001,0.19299993501940357,0.0,0.0,0.0333788672775661,0.17422377054437627,0.17302215189605905,0.1734386493454899,0.9954936045957838,0.17343741740380955,0.9954865335647961,0.0006021349951526658,0.003456101272927605,1.0,True,1,0.0,0.001953125,True,512
walker2d-expert-v2,3,implicit,0.2,0.2,0.4,0.0336994062648351,0.0336994062648351,0.19372786951930276,0.0,0.0,0.03345559094495157,0.17395228858116019,0.17344633166001044,0.17391601108635207,0.9960467003798383,0.17390904081218994,0.9960067804291877,0.00019949642474201827,0.001142550098525434,0.849609375,False,200,0.002673208713531494,0.001953125,True,512
walker2d-expert-v2,3,explicit,1.5,2.5,4.0,0.6436292805056467,0.6422342423634957,0.9643616435657557,0.04417811382496676,0.06626469714735908,0.6418935796673518,0.6666915526184887,0.17264559655237263,0.1913269534820542,0.286979717577943,0.17365745547467462,0.26047645990506396,0.05195649714408822,0.07793183660423562,1.0,True,1,0.0,0.08984375,True,512
walker2d-expert-v2,3,implicit,1.5,2.5,4.0,0.6184203632314971,0.6178612742114374,0.9583258946897427,0.042611525570743505,0.06606217730636245,0.6163969010586977,0.6450215131895083,0.1734029423312014,0.1428889955696027,0.22079418654258018,0.12959256747497,0.20024834945153358,0.05661413776538089,0.08748100191262055,0.4609375,False,200,0.05881588160991669,0.08203125,True,512
walker2d-expert-v2,3,explicit,4.0,10.0,14.0,0.16947000464053985,0.10032444653364975,0.16572941553296958,0.14427367636276783,0.17724895346314487,0.35146526647058796,0.813960666869418,0.1913269534820542,0.25645005554141087,0.3150644324470197,0.21596340678563156,0.2653241312215374,0.12353764169706846,0.15177347840677335,1.0,True,1,0.0,0.826171875,True,512
walker2d-expert-v2,3,implicit,4.0,10.0,14.0,0.16098671640539186,0.10061436719919545,0.15994132565617708,0.13549668158044229,0.165683708762809,0.3531183307678391,0.8178032867094849,0.14172017202936266,0.17878555145874434,0.2185400655591585,0.18245440261955323,0.22302471751603092,0.06512403734833483,0.07960493046255102,0.98828125,False,200,0.006530463695526123,0.826171875,True,512
walker2d-expert-v2,3,explicit,7.0,7.0,14.0,0.10567806711450861,0.10567806711450861,0.12983190885741205,0.0,0.0,0.12840783222835475,0.813960666869418,0.22719558575048796,0.25645005554141087,0.3150644324470197,0.21835536381245665,0.26826279536611436,0.10104093578044863,0.12413491203335801,1.0,True,1,0.0,0.7734375,True,512
walker2d-expert-v2,3,implicit,7.0,7.0,14.0,0.10367074457018316,0.10367074457018316,0.12683536384476865,0.0,0.0,0.12835826207498607,0.817364664141018,0.16328573868632484,0.176271984909711,0.21478818346247225,0.18072639326995563,0.22021589950360637,0.06138820430889577,0.07480179505713636,0.974609375,False,200,0.016315460205078125,0.7734375,True,512
walker2d-expert-v2,3,explicit,7.0,10.0,17.0,0.14543365035957964,0.14439932923372883,0.1756470358640084,0.09858633424818346,0.11949224972044274,0.17702776419396882,0.8250437537064573,0.22719558575048796,0.2640575612286479,0.3200527972515225,0.23140203900135517,0.28047244520281017,0.11502000824906462,0.13941079819384664,1.0,True,1,0.0,0.775390625,True,512
walker2d-expert-v2,3,implicit,7.0,10.0,17.0,0.13781188651547055,0.13981220438631525,0.16705854484223417,0.10353514157043398,0.12460323622931059,0.17227339989409152,0.830918559610246,0.16346824171023927,0.15647398305147775,0.18716287147485006,0.16497246159047294,0.1973281373900306,0.054996880637440286,0.06578329445909567,0.958984375,False,200,0.030435383319854736,0.775390625,True,512
walker2d-expert-v2,3,explicit,10.0,10.0,20.0,0.1618584269402699,0.1618584269402699,0.19587072568623295,0.0,0.0,0.17276642611481943,0.8263533326544791,0.23817641814927373,0.2671638213496296,0.3233045850876215,0.2446295489813653,0.2960350485857502,0.09609505246561581,0.11628809211300874,1.0,True,1,0.0,0.775390625,True,512
walker2d-expert-v2,3,implicit,10.0,10.0,20.0,0.15755109309427043,0.15755109309427043,0.18994892595949495,0.0,0.0,0.16932640741870014,0.8294392416194388,0.15581971911714304,0.2172978663361178,0.26038753732632614,0.215281486813505,0.2579713143460404,0.06273170119038617,0.07517125437388887,0.97265625,False,200,0.032153695821762085,0.775390625,True,512
