environment,seed,tau,method_a,method_b,final_action_rms,relative_final_action_rms,aD_to_final_a_rms,aD_to_final_b_rms,n_states
halfcheetah-medium-v2,2,0.05,mpi1,mpi2,0.09872859400556347,0.3885699923829913,0.2409804692240663,0.2540818795607159,512
halfcheetah-medium-v2,2,0.05,mpi1,mpi3,0.10492142353390989,0.4062270556817904,0.2409804692240663,0.2582827068419045,512
halfcheetah-medium-v2,2,0.05,mpi2,mpi3,0.07043473981760512,0.27270404851656754,0.2540818795607159,0.2582827068419045,512
halfcheetah-medium-v2,2,0.1,mpi1,mpi2,0.09612727816596738,0.37775564315222554,0.24443284402234058,0.2544694696386855,512
halfcheetah-medium-v2,2,0.1,mpi1,mpi3,0.10341044701926025,0.4035014081402012,0.24443284402234058,0.2562827413562064,512
halfcheetah-medium-v2,2,0.1,mpi2,mpi3,0.07275405489925166,0.2838819910940904,0.2544694696386855,0.2562827413562064,512
halfcheetah-medium-v2,2,0.2,mpi1,mpi2,0.07722661450327888,0.30266389858450626,0.2513508159127564,0.25515634624562455,512
halfcheetah-medium-v2,2,0.2,mpi1,mpi3,0.08374885633507295,0.32350096502222275,0.2513508159127564,0.2588828640103743,512
halfcheetah-medium-v2,2,0.2,mpi2,mpi3,0.0700269093583448,0.27049650283356946,0.25515634624562455,0.2588828640103743,512
halfcheetah-medium-v2,2,0.4,mpi1,mpi2,0.10059871780710074,0.39261010444562033,0.2404943478749522,0.256230587720481,512
halfcheetah-medium-v2,2,0.4,mpi1,mpi3,0.10632319698012983,0.41030788747810304,0.2404943478749522,0.2591302780788098,512
halfcheetah-medium-v2,2,0.4,mpi2,mpi3,0.0703726094386253,0.2715723147459547,0.256230587720481,0.2591302780788098,512
halfcheetah-medium-v2,2,1.5,mpi1,mpi2,0.10894544901667988,0.409173520645603,0.25350867025891133,0.26625732976264777,512
halfcheetah-medium-v2,2,1.5,mpi1,mpi3,0.10948030609644775,0.408235034140368,0.25350867025891133,0.2681795949408985,512
halfcheetah-medium-v2,2,1.5,mpi2,mpi3,0.08503289021718524,0.3170744225932805,0.26625732976264777,0.2681795949408985,512
halfcheetah-medium-v2,2,2.5,mpi1,mpi2,0.11062393945890135,0.39970392513107805,0.26556712693089785,0.2767647063326275,512
halfcheetah-medium-v2,2,2.5,mpi1,mpi3,0.11670200871577491,0.4211653843485113,0.26556712693089785,0.27709306854906396,512
halfcheetah-medium-v2,2,2.5,mpi2,mpi3,0.0999176209267466,0.3605922784353392,0.2767647063326275,0.27709306854906396,512
halfcheetah-medium-v2,2,4.0,mpi1,mpi2,0.1319206746264848,0.45775532161546745,0.2778126544992022,0.28819036807900483,512
halfcheetah-medium-v2,2,4.0,mpi1,mpi3,0.13832196764031826,0.4737126233421473,0.2778126544992022,0.2919955281419908,512
halfcheetah-medium-v2,2,4.0,mpi2,mpi3,0.11305292072170975,0.3871734661180656,0.28819036807900483,0.2919955281419908,512
halfcheetah-medium-v2,2,7.0,mpi1,mpi2,0.16397058242928614,0.5348346173499164,0.2971121997157259,0.3065818425175125,512
halfcheetah-medium-v2,2,7.0,mpi1,mpi3,0.1820698400011469,0.5759192740732512,0.2971121997157259,0.3161377786741505,512
halfcheetah-medium-v2,2,7.0,mpi2,mpi3,0.15128929906334787,0.4785549506226042,0.3065818425175125,0.3161377786741505,512
halfcheetah-medium-v2,2,10.0,mpi1,mpi2,0.23230686487556523,0.7001430853652516,0.3270485689665314,0.33179912753744484,512
halfcheetah-medium-v2,2,10.0,mpi1,mpi3,0.23240618638277216,0.6849422766647638,0.3270485689665314,0.33930769686818496,512
halfcheetah-medium-v2,2,10.0,mpi2,mpi3,0.18723007050883053,0.551800245726716,0.33179912753744484,0.33930769686818496,512
halfcheetah-medium-v2,2,14.0,mpi1,mpi2,0.2346481619254696,0.6586147656497234,0.3482908503006933,0.3562752828567231,512
halfcheetah-medium-v2,2,14.0,mpi1,mpi3,0.23731190311074046,0.6468365744128414,0.3482908503006933,0.3668807740597502,512
halfcheetah-medium-v2,2,14.0,mpi2,mpi3,0.21367441694247322,0.5824083245846897,0.3562752828567231,0.3668807740597502,512
halfcheetah-medium-v2,2,17.0,mpi1,mpi2,0.24651308984542658,0.6539098867689033,0.36710406117098876,0.37698327374050883,512
halfcheetah-medium-v2,2,17.0,mpi1,mpi3,0.2659414933090643,0.6998041281795633,0.36710406117098876,0.38002275579721384,512
halfcheetah-medium-v2,2,17.0,mpi2,mpi3,0.22295794148097925,0.5866962914188042,0.37698327374050883,0.38002275579721384,512
halfcheetah-medium-v2,2,20.0,mpi1,mpi2,0.3066091786922654,0.7499630851609494,0.402822341236871,0.4088323608974221,512
halfcheetah-medium-v2,2,20.0,mpi1,mpi3,0.29700645247416285,0.7373137536567631,0.402822341236871,0.3964307311138274,512
halfcheetah-medium-v2,2,20.0,mpi2,mpi3,0.2846280539988177,0.6961974667906295,0.4088323608974221,0.3964307311138274,512
halfcheetah-medium-v2,3,0.05,mpi1,mpi2,0.10272738215969478,0.40034816563739295,0.2565951113979575,0.2500568173368848,512
halfcheetah-medium-v2,3,0.05,mpi1,mpi3,0.088129257788752,0.3399342300734949,0.2565951113979575,0.2592538496923307,512
halfcheetah-medium-v2,3,0.05,mpi2,mpi3,0.09093819226911422,0.3507689177114826,0.2500568173368848,0.2592538496923307,512
halfcheetah-medium-v2,3,0.1,mpi1,mpi2,0.09049707504117818,0.3575470885329801,0.25310533337717483,0.25047931521296307,512
halfcheetah-medium-v2,3,0.1,mpi1,mpi3,0.10816561827692267,0.4273541645040543,0.25310533337717483,0.25298925475535605,512
halfcheetah-medium-v2,3,0.1,mpi2,mpi3,0.08037122936370052,0.31768633589367484,0.25047931521296307,0.25298925475535605,512
halfcheetah-medium-v2,3,0.2,mpi1,mpi2,0.08751710402959557,0.34284162586066685,0.2552697730618134,0.2541072566838704,512
halfcheetah-medium-v2,3,0.2,mpi1,mpi3,0.08753624928673928,0.335321434823015,0.2552697730618134,0.2610517557070025,512
halfcheetah-medium-v2,3,0.2,mpi2,mpi3,0.08317226310095334,0.3186044961685822,0.2541072566838704,0.2610517557070025,512
halfcheetah-medium-v2,3,0.4,mpi1,mpi2,0.09348582168522272,0.36058262407085473,0.25290330544200174,0.2592632463256263,512
halfcheetah-medium-v2,3,0.4,mpi1,mpi3,0.09779473645067677,0.37629368647440437,0.25290330544200174,0.2598893895003705,512
halfcheetah-medium-v2,3,0.4,mpi2,mpi3,0.07751712428146024,0.2982696770748685,0.2592632463256263,0.2598893895003705,512
halfcheetah-medium-v2,3,1.5,mpi1,mpi2,0.0925560557539401,0.3477268696227175,0.26143927461185795,0.26617458654938897,512
halfcheetah-medium-v2,3,1.5,mpi1,mpi3,0.10261531670179146,0.3758612422626563,0.26143927461185795,0.27301382841192934,512
halfcheetah-medium-v2,3,1.5,mpi2,mpi3,0.08169781557512282,0.2992442399359176,0.26617458654938897,0.27301382841192934,512
halfcheetah-medium-v2,3,2.5,mpi1,mpi2,0.10829556398324973,0.39823205918137844,0.2674324096446166,0.27194084827290493,512
halfcheetah-medium-v2,3,2.5,mpi1,mpi3,0.11873449229061293,0.4247565949592423,0.2674324096446166,0.2795353708445802,512
halfcheetah-medium-v2,3,2.5,mpi2,mpi3,0.09196782682272345,0.32900246771939623,0.27194084827290493,0.2795353708445802,512
halfcheetah-medium-v2,3,4.0,mpi1,mpi2,0.12957350884667523,0.446280197533389,0.2776604436365901,0.290341156884921,512
halfcheetah-medium-v2,3,4.0,mpi1,mpi3,0.13438402835350888,0.46118401813508364,0.2776604436365901,0.2913891701991871,512
halfcheetah-medium-v2,3,4.0,mpi2,mpi3,0.11680510223303729,0.40085601724042097,0.290341156884921,0.2913891701991871,512
halfcheetah-medium-v2,3,7.0,mpi1,mpi2,0.18559522343514176,0.5907634058284915,0.3141616789463482,0.30333847531941494,512
halfcheetah-medium-v2,3,7.0,mpi1,mpi3,0.18792823922534596,0.5888404016755772,0.3141616789463482,0.3191497028576606,512
halfcheetah-medium-v2,3,7.0,mpi2,mpi3,0.1517712315613116,0.4755487164874501,0.30333847531941494,0.3191497028576606,512
halfcheetah-medium-v2,3,10.0,mpi1,mpi2,0.20805117758303646,0.6097120702420197,0.3157651075776287,0.3412285695778541,512
halfcheetah-medium-v2,3,10.0,mpi1,mpi3,0.20006380227533557,0.5874603916892605,0.3157651075776287,0.34055709134712203,512
halfcheetah-medium-v2,3,10.0,mpi2,mpi3,0.1909757411433523,0.5596710186946396,0.3412285695778541,0.34055709134712203,512
halfcheetah-medium-v2,3,14.0,mpi1,mpi2,0.2291701533205543,0.6503849852995435,0.352360768622306,0.35218045399768005,512
halfcheetah-medium-v2,3,14.0,mpi1,mpi3,0.23697266947590942,0.649878588217575,0.352360768622306,0.36464144806779286,512
halfcheetah-medium-v2,3,14.0,mpi2,mpi3,0.20731102236463536,0.5685338939474944,0.35218045399768005,0.36464144806779286,512
halfcheetah-medium-v2,3,17.0,mpi1,mpi2,0.2825900483955389,0.7441684837342538,0.37332579503293256,0.37973933937311594,512
halfcheetah-medium-v2,3,17.0,mpi1,mpi3,0.2932466789107907,0.7641150401585494,0.37332579503293256,0.383772944516239,512
halfcheetah-medium-v2,3,17.0,mpi2,mpi3,0.24482086534106487,0.6379315395713245,0.37973933937311594,0.383772944516239,512
halfcheetah-medium-v2,3,20.0,mpi1,mpi2,0.2705604936904644,0.6910582169219845,0.3915162095829746,0.38776764852756024,512
halfcheetah-medium-v2,3,20.0,mpi1,mpi3,0.2983192444778198,0.7340231012738492,0.3915162095829746,0.4064166971858328,512
halfcheetah-medium-v2,3,20.0,mpi2,mpi3,0.2658872043943227,0.6542231316661347,0.38776764852756024,0.4064166971858328,512
halfcheetah-medium-replay-v2,2,0.05,mpi1,mpi2,0.22624565267687205,0.5074676147581992,0.4134908615839168,0.44583269177615353,512
halfcheetah-medium-replay-v2,2,0.05,mpi1,mpi3,0.22829894804629453,0.49936473853538044,0.4134908615839168,0.45717875217999465,512
halfcheetah-medium-replay-v2,2,0.05,mpi2,mpi3,0.16221935405305907,0.354826975837215,0.44583269177615353,0.45717875217999465,512
halfcheetah-medium-replay-v2,2,0.1,mpi1,mpi2,0.23627054240334394,0.5247132302086448,0.41743903247316977,0.4502850867880619,512
halfcheetah-medium-replay-v2,2,0.1,mpi1,mpi3,0.23391757747010855,0.5080379941798312,0.41743903247316977,0.4604332356042416,512
halfcheetah-medium-replay-v2,2,0.1,mpi2,mpi3,0.17118275096212013,0.3717862606887433,0.4502850867880619,0.4604332356042416,512
halfcheetah-medium-replay-v2,2,0.2,mpi1,mpi2,0.2303291707784319,0.5119676562857257,0.4213954365347133,0.4498900818255729,512
halfcheetah-medium-replay-v2,2,0.2,mpi1,mpi3,0.2342435624190793,0.5082254445183291,0.4213954365347133,0.46090483061327975,512
halfcheetah-medium-replay-v2,2,0.2,mpi2,mpi3,0.1711361124088962,0.37130466213856467,0.4498900818255729,0.46090483061327975,512
halfcheetah-medium-replay-v2,2,0.4,mpi1,mpi2,0.23353179207480856,0.5183082020615594,0.4214146032192636,0.4505654958689464,512
halfcheetah-medium-replay-v2,2,0.4,mpi1,mpi3,0.244795189209291,0.5214798220489141,0.4214146032192636,0.4694240867220545,512
halfcheetah-medium-replay-v2,2,0.4,mpi2,mpi3,0.18784182782892248,0.40015379087299247,0.4505654958689464,0.4694240867220545,512
halfcheetah-medium-replay-v2,2,1.5,mpi1,mpi2,0.24827132157318224,0.5326982538898202,0.43515765912348775,0.46606370447111145,512
halfcheetah-medium-replay-v2,2,1.5,mpi1,mpi3,0.2488603878515346,0.5214442498174885,0.43515765912348775,0.4772521471636491,512
halfcheetah-medium-replay-v2,2,1.5,mpi2,mpi3,0.1971351248314142,0.4130628348201372,0.46606370447111145,0.4772521471636491,512
halfcheetah-medium-replay-v2,2,2.5,mpi1,mpi2,0.25182833104019997,0.532669808650973,0.4338457345536277,0.4727662933966062,512
halfcheetah-medium-replay-v2,2,2.5,mpi1,mpi3,0.2696335247603777,0.5482570546089625,0.4338457345536277,0.4918012864470855,512
halfcheetah-medium-replay-v2,2,2.5,mpi2,mpi3,0.22059996731907106,0.4485550839298305,0.4727662933966062,0.4918012864470855,512
halfcheetah-medium-replay-v2,2,4.0,mpi1,mpi2,0.2769375155508018,0.5615184018504362,0.44830636792947876,0.49319401579392186,512
halfcheetah-medium-replay-v2,2,4.0,mpi1,mpi3,0.28958419418552517,0.5639034186972719,0.44830636792947876,0.5135350923293244,512
halfcheetah-medium-replay-v2,2,4.0,mpi2,mpi3,0.24075248730367269,0.4688140906041155,0.49319401579392186,0.5135350923293244,512
halfcheetah-medium-replay-v2,2,7.0,mpi1,mpi2,0.29797495731890866,0.5920916102873429,0.46329600390636433,0.5032581988018728,512
halfcheetah-medium-replay-v2,2,7.0,mpi1,mpi3,0.3114268304964425,0.582896412488303,0.46329600390636433,0.5342747421741798,512
halfcheetah-medium-replay-v2,2,7.0,mpi2,mpi3,0.2656326956894975,0.4971837047892826,0.5032581988018728,0.5342747421741798,512
halfcheetah-medium-replay-v2,2,10.0,mpi1,mpi2,0.3233561847593878,0.6008312948900978,0.4975907900839027,0.5381813289511411,512
halfcheetah-medium-replay-v2,2,10.0,mpi1,mpi3,0.3381615416463989,0.604124399177701,0.4975907900839027,0.5597548155755416,512
halfcheetah-medium-replay-v2,2,10.0,mpi2,mpi3,0.316539543379981,0.5654967756811776,0.5381813289511411,0.5597548155755416,512
halfcheetah-medium-replay-v2,2,14.0,mpi1,mpi2,0.3283979588935448,0.5973052223487213,0.5153144573987736,0.5497992426756618,512
halfcheetah-medium-replay-v2,2,14.0,mpi1,mpi3,0.3539359193808232,0.6223089754575615,0.5153144573987736,0.5687462873576374,512
halfcheetah-medium-replay-v2,2,14.0,mpi2,mpi3,0.3189270676683196,0.5607545486583067,0.5497992426756618,0.5687462873576374,512
halfcheetah-medium-replay-v2,2,17.0,mpi1,mpi2,0.36895707331252736,0.641449468602707,0.5496869322908732,0.5751927336010428,512
halfcheetah-medium-replay-v2,2,17.0,mpi1,mpi3,0.3789399970313871,0.648697323481692,0.5496869322908732,0.5841553268595872,512
halfcheetah-medium-replay-v2,2,17.0,mpi2,mpi3,0.3601324687348678,0.6165012149609868,0.5751927336010428,0.5841553268595872,512
halfcheetah-medium-replay-v2,2,20.0,mpi1,mpi2,0.3936999591105135,0.672513541080746,0.5617808300463331,0.5854156608918653,512
halfcheetah-medium-replay-v2,2,20.0,mpi1,mpi3,0.40107398613842793,0.6708431416355589,0.5617808300463331,0.5978655236164204,512
halfcheetah-medium-replay-v2,2,20.0,mpi2,mpi3,0.36965464064508474,0.618290612258566,0.5854156608918653,0.5978655236164204,512
halfcheetah-medium-replay-v2,3,0.05,mpi1,mpi2,0.2359557142681263,0.5201429800229318,0.4155215943794184,0.45363625643418976,512
halfcheetah-medium-replay-v2,3,0.05,mpi1,mpi3,0.2348690477790286,0.5147050834829967,0.4155215943794184,0.4563177153597852,512
halfcheetah-medium-replay-v2,3,0.05,mpi2,mpi3,0.1632333182483926,0.3577185648374198,0.45363625643418976,0.4563177153597852,512
halfcheetah-medium-replay-v2,3,0.1,mpi1,mpi2,0.23421896570787842,0.5150706497300316,0.41377601973042055,0.45473172627996106,512
halfcheetah-medium-replay-v2,3,0.1,mpi1,mpi3,0.23141479077689664,0.5059257620272646,0.41377601973042055,0.45740859261566047,512
halfcheetah-medium-replay-v2,3,0.1,mpi2,mpi3,0.1727438770591838,0.3776577000256149,0.45473172627996106,0.45740859261566047,512
halfcheetah-medium-replay-v2,3,0.2,mpi1,mpi2,0.2393678901343933,0.5281919100845276,0.41891287178098496,0.4531835599225418,512
halfcheetah-medium-replay-v2,3,0.2,mpi1,mpi3,0.24045109636908618,0.5190994074673672,0.41891287178098496,0.4632081888558156,512
halfcheetah-medium-replay-v2,3,0.2,mpi2,mpi3,0.17674516238547247,0.3815674390862044,0.4531835599225418,0.4632081888558156,512
halfcheetah-medium-replay-v2,3,0.4,mpi1,mpi2,0.2391591747827936,0.5231776583409679,0.4172709608242977,0.4571280347505352,512
halfcheetah-medium-replay-v2,3,0.4,mpi1,mpi3,0.23884905081524882,0.5093150194242844,0.4172709608242977,0.4689613337639978,512
halfcheetah-medium-replay-v2,3,0.4,mpi2,mpi3,0.1836523157196225,0.39161504903951105,0.4571280347505352,0.4689613337639978,512
halfcheetah-medium-replay-v2,3,1.5,mpi1,mpi2,0.24384079737917475,0.5197987725855361,0.43123811914695764,0.4691061430681798,512
halfcheetah-medium-replay-v2,3,1.5,mpi1,mpi3,0.2524624275665164,0.529840400445891,0.43123811914695764,0.4764876882813293,512
halfcheetah-medium-replay-v2,3,1.5,mpi2,mpi3,0.19642668252906895,0.4122387364038126,0.4691061430681798,0.4764876882813293,512
halfcheetah-medium-replay-v2,3,2.5,mpi1,mpi2,0.25574020684008947,0.5415807766360117,0.4294293517188978,0.4722106431262213,512
halfcheetah-medium-replay-v2,3,2.5,mpi1,mpi3,0.2614247179638351,0.5314752493332938,0.4294293517188978,0.4918850281208351,512
halfcheetah-medium-replay-v2,3,2.5,mpi2,mpi3,0.20389108864999408,0.414509645534295,0.4722106431262213,0.4918850281208351,512
halfcheetah-medium-replay-v2,3,4.0,mpi1,mpi2,0.2712032523371405,0.5541480386692714,0.4536912531685826,0.48940577862263435,512
halfcheetah-medium-replay-v2,3,4.0,mpi1,mpi3,0.2811332630387598,0.5519052534674751,0.4536912531685826,0.5093868218729096,512
halfcheetah-medium-replay-v2,3,4.0,mpi2,mpi3,0.2375955248457366,0.46643437686932526,0.48940577862263435,0.5093868218729096,512
halfcheetah-medium-replay-v2,3,7.0,mpi1,mpi2,0.2977919393187454,0.5749960398629568,0.46650979092871353,0.5179025917982331,512
halfcheetah-medium-replay-v2,3,7.0,mpi1,mpi3,0.3057610448491066,0.5745800493127498,0.46650979092871353,0.532146991902738,512
halfcheetah-medium-replay-v2,3,7.0,mpi2,mpi3,0.2806434544755668,0.5273795750909005,0.5179025917982331,0.532146991902738,512
halfcheetah-medium-replay-v2,3,10.0,mpi1,mpi2,0.3354963723025723,0.633637429396305,0.49288510902313487,0.5294768849469875,512
halfcheetah-medium-replay-v2,3,10.0,mpi1,mpi3,0.3430102020773906,0.6160845296518342,0.49288510902313487,0.5567583433254439,512
halfcheetah-medium-replay-v2,3,10.0,mpi2,mpi3,0.2916117170410128,0.5237671254269035,0.5294768849469875,0.5567583433254439,512
halfcheetah-medium-replay-v2,3,14.0,mpi1,mpi2,0.340224329614796,0.6164109284593803,0.5125827657102648,0.5519440261468626,512
halfcheetah-medium-replay-v2,3,14.0,mpi1,mpi3,0.37975151184349704,0.6536061502667719,0.5125827657102648,0.5810096977950712,512
halfcheetah-medium-replay-v2,3,14.0,mpi2,mpi3,0.35568701492499866,0.6121877419169234,0.5519440261468626,0.5810096977950712,512
halfcheetah-medium-replay-v2,3,17.0,mpi1,mpi2,0.3503675804888102,0.6093998464516547,0.5380278090801855,0.5749387410070603,512
halfcheetah-medium-replay-v2,3,17.0,mpi1,mpi3,0.3749948943957542,0.628331000433815,0.5380278090801855,0.5968110663596872,512
halfcheetah-medium-replay-v2,3,17.0,mpi2,mpi3,0.34758347033296383,0.5824011817560394,0.5749387410070603,0.5968110663596872,512
halfcheetah-medium-replay-v2,3,20.0,mpi1,mpi2,0.3527577201923201,0.6052533296267676,0.5544746806238849,0.5828265668688677,512
halfcheetah-medium-replay-v2,3,20.0,mpi1,mpi3,0.39195311604110217,0.6420147985196776,0.5544746806238849,0.6105047998034409,512
halfcheetah-medium-replay-v2,3,20.0,mpi2,mpi3,0.36061999255642085,0.5906914944362872,0.5828265668688677,0.6105047998034409,512
halfcheetah-expert-v2,2,0.05,mpi1,mpi2,0.05638966596882419,0.2922010900869602,0.19076114175351216,0.19298239425473193,512
halfcheetah-expert-v2,2,0.05,mpi1,mpi3,0.0645987115387579,0.3314431119233791,0.19076114175351216,0.19490135475704626,512
halfcheetah-expert-v2,2,0.05,mpi2,mpi3,0.04657908020205255,0.23898797553313866,0.19298239425473193,0.19490135475704626,512
halfcheetah-expert-v2,2,0.1,mpi1,mpi2,0.05890325618500882,0.3020188898675305,0.19144996340317208,0.19503169556991806,512
halfcheetah-expert-v2,2,0.1,mpi1,mpi3,0.0639849996072202,0.326503926617752,0.19144996340317208,0.1959700768993488,512
halfcheetah-expert-v2,2,0.1,mpi2,mpi3,0.047586071893093294,0.24282315262617227,0.19503169556991806,0.1959700768993488,512
halfcheetah-expert-v2,2,0.2,mpi1,mpi2,0.05754963628422672,0.2946001092427841,0.19339873540980482,0.19534831956494372,512
halfcheetah-expert-v2,2,0.2,mpi1,mpi3,0.0652303463253088,0.33236801615581024,0.19339873540980482,0.19625939667651288,512
halfcheetah-expert-v2,2,0.2,mpi2,mpi3,0.04862490976472226,0.24775837788225194,0.19534831956494372,0.19625939667651288,512
halfcheetah-expert-v2,2,0.4,mpi1,mpi2,0.05889046732452139,0.3005836995860204,0.19268975341387976,0.19592036230051207,512
halfcheetah-expert-v2,2,0.4,mpi1,mpi3,0.0642845935790591,0.3288151145588996,0.19268975341387976,0.19550376711026765,512
halfcheetah-expert-v2,2,0.4,mpi2,mpi3,0.047856780747049354,0.24426649780100101,0.19592036230051207,0.19550376711026765,512
halfcheetah-expert-v2,2,1.5,mpi1,mpi2,0.05886611759484365,0.2952844457799102,0.1950371685454694,0.19935393968810475,512
halfcheetah-expert-v2,2,1.5,mpi1,mpi3,0.06609285587513962,0.32935086732620594,0.1950371685454694,0.20067612516616776,512
halfcheetah-expert-v2,2,1.5,mpi2,mpi3,0.05319973681132703,0.26510247179267366,0.19935393968810475,0.20067612516616776,512
halfcheetah-expert-v2,2,2.5,mpi1,mpi2,0.06049953441672296,0.29961485469981486,0.19932937029480768,0.20192434876881404,512
halfcheetah-expert-v2,2,2.5,mpi1,mpi3,0.06823702740690034,0.3348141036715967,0.19932937029480768,0.2038057138531739,512
halfcheetah-expert-v2,2,2.5,mpi2,mpi3,0.054912487508498774,0.26943546611288305,0.20192434876881404,0.2038057138531739,512
halfcheetah-expert-v2,2,4.0,mpi1,mpi2,0.07457121890171378,0.3600248403449629,0.20617216385852744,0.20712798269770027,512
halfcheetah-expert-v2,2,4.0,mpi1,mpi3,0.08563633097018183,0.4045615770301743,0.20617216385852744,0.21167687648151182,512
halfcheetah-expert-v2,2,4.0,mpi2,mpi3,0.06415279689465805,0.30306946115704453,0.20712798269770027,0.21167687648151182,512
halfcheetah-expert-v2,2,7.0,mpi1,mpi2,0.09428793227367573,0.42270866626437775,0.22305653940556908,0.21954033898814107,512
halfcheetah-expert-v2,2,7.0,mpi1,mpi3,0.10730501357267228,0.4810664321191077,0.22305653940556908,0.21939352517666488,512
halfcheetah-expert-v2,2,7.0,mpi2,mpi3,0.08320204719054866,0.37898295854887515,0.21954033898814107,0.21939352517666488,512
halfcheetah-expert-v2,2,10.0,mpi1,mpi2,0.11883792294954086,0.5058217169789644,0.23494033364028727,0.23225771263446773,512
halfcheetah-expert-v2,2,10.0,mpi1,mpi3,0.1178323369561105,0.5015415409110697,0.23494033364028727,0.2271449007642412,512
halfcheetah-expert-v2,2,10.0,mpi2,mpi3,0.09425530995311397,0.40582208824838917,0.23225771263446773,0.2271449007642412,512
halfcheetah-expert-v2,2,14.0,mpi1,mpi2,0.1756352383706814,0.6297514011303047,0.27889614545587954,0.26926772229443074,512
halfcheetah-expert-v2,2,14.0,mpi1,mpi3,0.1656092360128765,0.5938025272531969,0.27889614545587954,0.25236598117208514,512
halfcheetah-expert-v2,2,14.0,mpi2,mpi3,0.13790594370433115,0.5121517816143515,0.26926772229443074,0.25236598117208514,512
halfcheetah-expert-v2,2,17.0,mpi1,mpi2,0.47895685490219264,0.9465420953486253,0.5060069248434068,0.26556209447724227,512
halfcheetah-expert-v2,2,17.0,mpi1,mpi3,0.4806031064310714,0.9497955123436362,0.5060069248434068,0.26511271543384646,512
halfcheetah-expert-v2,2,17.0,mpi2,mpi3,0.14221702023764105,0.5355320777899217,0.26556209447724227,0.26511271543384646,512
halfcheetah-expert-v2,2,20.0,mpi1,mpi2,0.17970206957455043,0.6328576518678067,0.27243973396671833,0.2839533804231969,512
halfcheetah-expert-v2,2,20.0,mpi1,mpi3,0.1747734832339334,0.6415124574129999,0.27243973396671833,0.2687223884051281,512
halfcheetah-expert-v2,2,20.0,mpi2,mpi3,0.178463032212476,0.6284941279674122,0.2839533804231969,0.2687223884051281,512
halfcheetah-expert-v2,3,0.05,mpi1,mpi2,0.059265919288007375,0.3052811629513259,0.18927780294858557,0.19413552646042806,512
halfcheetah-expert-v2,3,0.05,mpi1,mpi3,0.0641537414619188,0.3289873765144442,0.18927780294858557,0.19500365680171355,512
halfcheetah-expert-v2,3,0.05,mpi2,mpi3,0.05035102623037807,0.25820554884043395,0.19413552646042806,0.19500365680171355,512
halfcheetah-expert-v2,3,0.1,mpi1,mpi2,0.055177512465419465,0.2837365662810671,0.1903823185085782,0.19446740047865765,512
halfcheetah-expert-v2,3,0.1,mpi1,mpi3,0.06316973805083675,0.32404692135003277,0.1903823185085782,0.1949400962911829,512
halfcheetah-expert-v2,3,0.1,mpi2,mpi3,0.05247840328333087,0.26920271550981306,0.19446740047865765,0.1949400962911829,512
halfcheetah-expert-v2,3,0.2,mpi1,mpi2,0.05217373436600271,0.2688780867679502,0.19157527524727827,0.19404234459251485,512
halfcheetah-expert-v2,3,0.2,mpi1,mpi3,0.060115035824736665,0.30734155419862397,0.19157527524727827,0.19559683682046602,512
halfcheetah-expert-v2,3,0.2,mpi2,mpi3,0.051410999250858,0.26284167007285,0.19404234459251485,0.19559683682046602,512
halfcheetah-expert-v2,3,0.4,mpi1,mpi2,0.05491107534120596,0.28243215051200493,0.1902942009871489,0.19442218331610212,512
halfcheetah-expert-v2,3,0.4,mpi1,mpi3,0.06143878934622458,0.31550744505750494,0.1902942009871489,0.19473007787510888,512
halfcheetah-expert-v2,3,0.4,mpi2,mpi3,0.05051557169020708,0.25941329783992334,0.19442218331610212,0.19473007787510888,512
halfcheetah-expert-v2,3,1.5,mpi1,mpi2,0.057695884152164915,0.29179432273238404,0.19535745190217926,0.1977279188021765,512
halfcheetah-expert-v2,3,1.5,mpi1,mpi3,0.0598460779761666,0.299371195714834,0.19535745190217926,0.19990593227670767,512
halfcheetah-expert-v2,3,1.5,mpi2,mpi3,0.054837152620677655,0.2743147839393413,0.1977279188021765,0.19990593227670767,512
halfcheetah-expert-v2,3,2.5,mpi1,mpi2,0.06194118401230388,0.30982976423196196,0.19717173053887685,0.19992005663448795,512
halfcheetah-expert-v2,3,2.5,mpi1,mpi3,0.06586752331596422,0.32361522734267734,0.19717173053887685,0.2035365389225547,512
halfcheetah-expert-v2,3,2.5,mpi2,mpi3,0.05402400588454643,0.26542657240085266,0.19992005663448795,0.2035365389225547,512
halfcheetah-expert-v2,3,4.0,mpi1,mpi2,0.06679946285856216,0.3223101825730096,0.20308908619312208,0.2072521020753999,512
halfcheetah-expert-v2,3,4.0,mpi1,mpi3,0.07171135686954332,0.3425665556007262,0.20308908619312208,0.20933554574173177,512
halfcheetah-expert-v2,3,4.0,mpi2,mpi3,0.06205074259423314,0.29641761208957984,0.2072521020753999,0.20933554574173177,512
halfcheetah-expert-v2,3,7.0,mpi1,mpi2,0.08308277107021472,0.3804394850306622,0.2150525566392687,0.2183862988446599,512
halfcheetah-expert-v2,3,7.0,mpi1,mpi3,0.08892731318697154,0.40528189619206556,0.2150525566392687,0.2194208870973806,512
halfcheetah-expert-v2,3,7.0,mpi2,mpi3,0.0799680564524321,0.36445052023211305,0.2183862988446599,0.2194208870973806,512
halfcheetah-expert-v2,3,10.0,mpi1,mpi2,0.10861356786883813,0.4657104369222677,0.23071408194752807,0.23322124491482452,512
halfcheetah-expert-v2,3,10.0,mpi1,mpi3,0.10314827996755278,0.4470827228960046,0.23071408194752807,0.22817377466071626,512
halfcheetah-expert-v2,3,10.0,mpi2,mpi3,0.1020223018254885,0.43744857747735805,0.23322124491482452,0.22817377466071626,512
halfcheetah-expert-v2,3,14.0,mpi1,mpi2,0.4438591623737904,1.0338901827301334,0.2588258938969284,0.4293097756298618,512
halfcheetah-expert-v2,3,14.0,mpi1,mpi3,0.1556758786086575,0.6014694908023844,0.2588258938969284,0.24075747400512215,512
halfcheetah-expert-v2,3,14.0,mpi2,mpi3,0.41956922597923835,0.9773111394066614,0.4293097756298618,0.24075747400512215,512
halfcheetah-expert-v2,3,17.0,mpi1,mpi2,0.4275524241104928,0.998054642705425,0.29399053045902157,0.428385787527151,512
halfcheetah-expert-v2,3,17.0,mpi1,mpi3,0.20469959538413574,0.6962795538500114,0.29399053045902157,0.26718761109012795,512
halfcheetah-expert-v2,3,17.0,mpi2,mpi3,0.40420225437066554,0.9435473027803175,0.428385787527151,0.26718761109012795,512
halfcheetah-expert-v2,3,20.0,mpi1,mpi2,0.4903932580220558,0.9829342040774726,0.4207292379328375,0.49890751180269655,512
halfcheetah-expert-v2,3,20.0,mpi1,mpi3,0.4176749784906455,0.9927405581385348,0.4207292379328375,0.2843080098876003,512
halfcheetah-expert-v2,3,20.0,mpi2,mpi3,0.5240045250393268,1.0503039393933908,0.49890751180269655,0.2843080098876003,512
hopper-medium-v2,2,0.05,mpi1,mpi2,0.060089114060283236,0.22629982263348059,0.26281395666684587,0.2655287722324232,512
hopper-medium-v2,2,0.05,mpi1,mpi3,0.08313912675615294,0.3078232544178155,0.26281395666684587,0.27008721908743877,512
hopper-medium-v2,2,0.05,mpi2,mpi3,0.07161666365126969,0.2651612464049412,0.2655287722324232,0.27008721908743877,512
hopper-medium-v2,2,0.1,mpi1,mpi2,0.05989808712479071,0.22692910614982012,0.2625218408665754,0.26395065904523324,512
hopper-medium-v2,2,0.1,mpi1,mpi3,0.08668138943875921,0.320227715443387,0.2625218408665754,0.27068671841455144,512
hopper-medium-v2,2,0.1,mpi2,mpi3,0.07656078970772412,0.28283910698002096,0.26395065904523324,0.27068671841455144,512
hopper-medium-v2,2,0.2,mpi1,mpi2,0.06136885807439614,0.23246810483204203,0.26267091539958637,0.26398829258205153,512
hopper-medium-v2,2,0.2,mpi1,mpi3,0.08169031431911376,0.30435011868603407,0.26267091539958637,0.2684090108845499,512
hopper-medium-v2,2,0.2,mpi2,mpi3,0.06991803670913524,0.2604906462667489,0.26398829258205153,0.2684090108845499,512
hopper-medium-v2,2,0.4,mpi1,mpi2,0.05614883212790332,0.2118280215807344,0.26456810813145,0.26506800993041996,512
hopper-medium-v2,2,0.4,mpi1,mpi3,0.08236099419802126,0.304379269462974,0.26456810813145,0.2705867398372214,512
hopper-medium-v2,2,0.4,mpi2,mpi3,0.07306481500319979,0.27002363473965446,0.26506800993041996,0.2705867398372214,512
hopper-medium-v2,2,1.5,mpi1,mpi2,0.0632940973524702,0.23594413313819895,0.26440826861240435,0.2682588310657299,512
hopper-medium-v2,2,1.5,mpi1,mpi3,0.08633048092572314,0.31779278951672413,0.26440826861240435,0.2716565125879922,512
hopper-medium-v2,2,1.5,mpi2,mpi3,0.07289092002074603,0.26832016404221465,0.2682588310657299,0.2716565125879922,512
hopper-medium-v2,2,2.5,mpi1,mpi2,0.09207469281802338,0.33443833615167495,0.2753114187730725,0.2724311329460972,512
hopper-medium-v2,2,2.5,mpi1,mpi3,0.1090102150569253,0.39595239290375306,0.2753114187730725,0.27498483182828276,512
hopper-medium-v2,2,2.5,mpi2,mpi3,0.07522659949065226,0.27356635997155043,0.2724311329460972,0.27498483182828276,512
hopper-medium-v2,2,4.0,mpi1,mpi2,0.704956371837709,0.9640649621418022,0.7312332669694291,0.27533695326244056,512
hopper-medium-v2,2,4.0,mpi1,mpi3,0.7005249373730243,0.9580047421479135,0.7312332669694291,0.28205802546274306,512
hopper-medium-v2,2,4.0,mpi2,mpi3,0.07508394524508216,0.26620035051971946,0.27533695326244056,0.28205802546274306,512
hopper-medium-v2,2,7.0,mpi1,mpi2,0.8153887017277387,0.9903900908961794,0.8233005451315791,0.28659935038298173,512
hopper-medium-v2,2,7.0,mpi1,mpi3,0.7960472606782344,0.9668975265296477,0.8233005451315791,0.2915605030458077,512
hopper-medium-v2,2,7.0,mpi2,mpi3,0.09334447462478225,0.32015473169257325,0.28659935038298173,0.2915605030458077,512
hopper-medium-v2,2,10.0,mpi1,mpi2,0.5786147822978874,0.5782715665912244,1.0005935199419993,0.9778038054558891,512
hopper-medium-v2,2,10.0,mpi1,mpi3,1.0928337851832826,1.0921855512782355,1.0005935199419993,0.5933020645483085,512
hopper-medium-v2,2,10.0,mpi2,mpi3,1.0969094728005548,1.121809371859761,0.9778038054558891,0.5933020645483085,512
hopper-medium-v2,2,14.0,mpi1,mpi2,1.0936268324704526,1.0415642497693476,1.0404047721467349,1.0499849939287318,512
hopper-medium-v2,2,14.0,mpi1,mpi3,0.47080149875717847,0.4426204371958439,1.0404047721467349,1.0636686858380773,512
hopper-medium-v2,2,14.0,mpi2,mpi3,1.1931246768857524,1.1217070623317966,1.0499849939287318,1.0636686858380773,512
hopper-medium-v2,2,17.0,mpi1,mpi2,0.563458933396033,0.5431027514037687,1.037481272079085,0.9536386676977939,512
hopper-medium-v2,2,17.0,mpi1,mpi3,0.5232855208517864,0.4960128450061834,1.037481272079085,1.0549838096335247,512
hopper-medium-v2,2,17.0,mpi2,mpi3,0.8102027194763389,0.7679764486222621,0.9536386676977939,1.0549838096335247,512
hopper-medium-v2,2,20.0,mpi1,mpi2,0.5669059250288636,0.5307675488162812,1.0680870115235537,1.0081492984755458,512
hopper-medium-v2,2,20.0,mpi1,mpi3,0.12645823944994639,0.11839694527280346,1.0680870115235537,1.0607337237909724,512
hopper-medium-v2,2,20.0,mpi2,mpi3,0.5589867920772733,0.5269812579159847,1.0081492984755458,1.0607337237909724,512
hopper-medium-v2,3,0.05,mpi1,mpi2,0.06489061774307955,0.2418731720927453,0.26559195740386593,0.26828365122774966,512
hopper-medium-v2,3,0.05,mpi1,mpi3,0.07404875894484855,0.2760279673361236,0.26559195740386593,0.26826542128855446,512
hopper-medium-v2,3,0.05,mpi2,mpi3,0.060520099394016286,0.22558250984380687,0.26828365122774966,0.26826542128855446,512
hopper-medium-v2,3,0.1,mpi1,mpi2,0.06782507836780263,0.254053050595896,0.26521738992878713,0.2669721076315164,512
hopper-medium-v2,3,0.1,mpi1,mpi3,0.07601237110097525,0.2816000566276058,0.26521738992878713,0.2699302408219886,512
hopper-medium-v2,3,0.1,mpi2,mpi3,0.06412845049567832,0.23757416101432383,0.2669721076315164,0.2699302408219886,512
hopper-medium-v2,3,0.2,mpi1,mpi2,0.06390664960398094,0.23943236685532496,0.266417886947423,0.2669089832896152,512
hopper-medium-v2,3,0.2,mpi1,mpi3,0.06906932901293074,0.2565402516890853,0.266417886947423,0.26923388652724767,512
hopper-medium-v2,3,0.2,mpi2,mpi3,0.05769178789279745,0.21428130253937697,0.2669089832896152,0.26923388652724767,512
hopper-medium-v2,3,0.4,mpi1,mpi2,0.06497699609664098,0.2411129031153438,0.26707887233641026,0.26948784265418274,512
hopper-medium-v2,3,0.4,mpi1,mpi3,0.07424692305880183,0.2738692290170844,0.26707887233641026,0.2711035603571593,512
hopper-medium-v2,3,0.4,mpi2,mpi3,0.059633567050341035,0.21996600476872427,0.26948784265418274,0.2711035603571593,512
hopper-medium-v2,3,1.5,mpi1,mpi2,0.07091247292483337,0.261386389478279,0.269344009416498,0.2712936701347494,512
hopper-medium-v2,3,1.5,mpi1,mpi3,0.07899689155579637,0.2897105645662753,0.269344009416498,0.27267521871030953,512
hopper-medium-v2,3,1.5,mpi2,mpi3,0.061862776676301634,0.22687348329231458,0.2712936701347494,0.27267521871030953,512
hopper-medium-v2,3,2.5,mpi1,mpi2,0.06907450157873855,0.2530267477629284,0.2729842504843641,0.2729928839122472,512
hopper-medium-v2,3,2.5,mpi1,mpi3,0.0772715255029037,0.27844333537097316,0.2729842504843641,0.2775125696578587,512
hopper-medium-v2,3,2.5,mpi2,mpi3,0.06792310160190049,0.244756847178641,0.2729928839122472,0.2775125696578587,512
hopper-medium-v2,3,4.0,mpi1,mpi2,0.07351965396249292,0.2653955515071643,0.27150832913271034,0.2770191645827503,512
hopper-medium-v2,3,4.0,mpi1,mpi3,0.08455908365228142,0.2993222152365905,0.27150832913271034,0.28250186370378205,512
hopper-medium-v2,3,4.0,mpi2,mpi3,0.07422241877387321,0.2627324924542774,0.2770191645827503,0.28250186370378205,512
hopper-medium-v2,3,7.0,mpi1,mpi2,0.7890784854957557,0.9697693699852785,0.8136764368086138,0.28691753537545994,512
hopper-medium-v2,3,7.0,mpi1,mpi3,0.7843313629753488,0.9639352050695216,0.8136764368086138,0.2913843465671931,512
hopper-medium-v2,3,7.0,mpi2,mpi3,0.08658453814475747,0.29714890029204477,0.28691753537545994,0.2913843465671931,512
hopper-medium-v2,3,10.0,mpi1,mpi2,0.9769996407453774,1.024904703918869,0.9532590074078889,0.47304524197298037,512
hopper-medium-v2,3,10.0,mpi1,mpi3,0.9314960119542091,0.9771699031589977,0.9532590074078889,0.3035701872190788,512
hopper-medium-v2,3,10.0,mpi2,mpi3,0.41500125445435865,0.8772971750513091,0.47304524197298037,0.3035701872190788,512
hopper-medium-v2,3,14.0,mpi1,mpi2,1.0939503170060403,1.044228332216375,1.0476160081618646,1.0205505411058124,512
hopper-medium-v2,3,14.0,mpi1,mpi3,1.0365931702263311,0.9894781696254584,1.0476160081618646,0.3161643331094994,512
hopper-medium-v2,3,14.0,mpi2,mpi3,1.0278715433198016,1.0071735812378841,1.0205505411058124,0.3161643331094994,512
hopper-medium-v2,3,17.0,mpi1,mpi2,0.46906139195182533,0.4437499254897144,1.0570399339992624,1.0288505732881463,512
hopper-medium-v2,3,17.0,mpi1,mpi3,1.037274563561539,0.9813012074549142,1.0570399339992624,0.33892733303877576,512
hopper-medium-v2,3,17.0,mpi2,mpi3,1.0099308735432535,0.9816108381177,1.0288505732881463,0.33892733303877576,512
hopper-medium-v2,3,20.0,mpi1,mpi2,1.0524648823947569,0.9903956153560447,1.062671185207538,1.015128138184999,512
hopper-medium-v2,3,20.0,mpi1,mpi3,1.0454548768001344,0.983799025844442,1.062671185207538,0.34744990136778037,512
hopper-medium-v2,3,20.0,mpi2,mpi3,1.0388365745458714,1.0233551169247086,1.015128138184999,0.34744990136778037,512
hopper-medium-replay-v2,2,0.05,mpi1,mpi2,0.15173619704530988,0.40770825599612925,0.3596096404943638,0.37216856615910776,512
hopper-medium-replay-v2,2,0.05,mpi1,mpi3,0.16515096595022516,0.43867973968232626,0.3596096404943638,0.37647274540151016,512
hopper-medium-replay-v2,2,0.05,mpi2,mpi3,0.12114286925673999,0.3217839026502184,0.37216856615910776,0.37647274540151016,512
hopper-medium-replay-v2,2,0.1,mpi1,mpi2,0.15379249176131307,0.414231197125901,0.36112625183552544,0.3712721128403314,512
hopper-medium-replay-v2,2,0.1,mpi1,mpi3,0.156833500907141,0.4135842724715727,0.36112625183552544,0.3792056694271922,512
hopper-medium-replay-v2,2,0.1,mpi2,mpi3,0.11041896094667815,0.2911848894914233,0.3712721128403314,0.3792056694271922,512
hopper-medium-replay-v2,2,0.2,mpi1,mpi2,0.15017705563242342,0.4045324447668578,0.36015950773881833,0.371236121045802,512
hopper-medium-replay-v2,2,0.2,mpi1,mpi3,0.15655569861810287,0.4156897884435482,0.36015950773881833,0.376616657349916,512
hopper-medium-replay-v2,2,0.2,mpi2,mpi3,0.1124389517365087,0.2985501292685555,0.371236121045802,0.376616657349916,512
hopper-medium-replay-v2,2,0.4,mpi1,mpi2,0.15034478630547202,0.401570817268532,0.3661928557813234,0.37439171334239624,512
hopper-medium-replay-v2,2,0.4,mpi1,mpi3,0.162104843989203,0.4233290245843478,0.3661928557813234,0.3829287258258943,512
hopper-medium-replay-v2,2,0.4,mpi2,mpi3,0.11606332488493334,0.3030938058632449,0.37439171334239624,0.3829287258258943,512
hopper-medium-replay-v2,2,1.5,mpi1,mpi2,0.18137089639057144,0.453145654109642,0.3711592672234248,0.4002485619043085,512
hopper-medium-replay-v2,2,1.5,mpi1,mpi3,0.20682111300439554,0.49297939057482676,0.3711592672234248,0.41953298040154735,512
hopper-medium-replay-v2,2,1.5,mpi2,mpi3,0.1416790286285613,0.3377065338056525,0.4002485619043085,0.41953298040154735,512
hopper-medium-replay-v2,2,2.5,mpi1,mpi2,0.2007168184022222,0.47127772376956834,0.3854069221214968,0.4258992273107372,512
hopper-medium-replay-v2,2,2.5,mpi1,mpi3,0.22193301886193317,0.49869702301151186,0.3854069221214968,0.4450257543582932,512
hopper-medium-replay-v2,2,2.5,mpi2,mpi3,0.16025838274547072,0.36011035580751044,0.4258992273107372,0.4450257543582932,512
hopper-medium-replay-v2,2,4.0,mpi1,mpi2,0.2053722154070006,0.47519782983066267,0.3964952900158879,0.43218256169264335,512
hopper-medium-replay-v2,2,4.0,mpi1,mpi3,0.24555320931937993,0.5216106780204566,0.3964952900158879,0.47075955241420464,512
hopper-medium-replay-v2,2,4.0,mpi2,mpi3,0.18022844070906735,0.3828460618266769,0.43218256169264335,0.47075955241420464,512
hopper-medium-replay-v2,2,7.0,mpi1,mpi2,0.24698888403094418,0.5304227986361871,0.406986707868259,0.4656453015707418,512
hopper-medium-replay-v2,2,7.0,mpi1,mpi3,0.2743645313419152,0.5423971793060721,0.406986707868259,0.5058369434976221,512
hopper-medium-replay-v2,2,7.0,mpi2,mpi3,0.24193870452814253,0.4782938605773856,0.4656453015707418,0.5058369434976221,512
hopper-medium-replay-v2,2,10.0,mpi1,mpi2,0.2799081520599523,0.5577229097265535,0.4355721927736221,0.5018767333713954,512
hopper-medium-replay-v2,2,10.0,mpi1,mpi3,0.3118674494874343,0.5913569545196183,0.4355721927736221,0.5273759733506068,512
hopper-medium-replay-v2,2,10.0,mpi2,mpi3,0.2584620938944302,0.4900907643788335,0.5018767333713954,0.5273759733506068,512
hopper-medium-replay-v2,2,14.0,mpi1,mpi2,0.34278459695552776,0.6291981295996008,0.47397152348320526,0.5447959566784848,512
hopper-medium-replay-v2,2,14.0,mpi1,mpi3,0.37134563675309623,0.6265477652322745,0.47397152348320526,0.5926852785364745,512
hopper-medium-replay-v2,2,14.0,mpi2,mpi3,0.33479647999258305,0.5648807083909699,0.5447959566784848,0.5926852785364745,512
hopper-medium-replay-v2,2,17.0,mpi1,mpi2,0.3370646433989292,0.6219130318723698,0.47552811045559934,0.5419803511499696,512
hopper-medium-replay-v2,2,17.0,mpi1,mpi3,0.35380373748492916,0.6121140663218049,0.47552811045559934,0.57800295231073,512
hopper-medium-replay-v2,2,17.0,mpi2,mpi3,0.32561693945901027,0.5633482288581133,0.5419803511499696,0.57800295231073,512
hopper-medium-replay-v2,2,20.0,mpi1,mpi2,0.42759277522888495,0.728625532626386,0.5270376617283729,0.5868484647904039,512
hopper-medium-replay-v2,2,20.0,mpi1,mpi3,0.38000447815313165,0.6278332015088388,0.5270376617283729,0.6052634318157859,512
hopper-medium-replay-v2,2,20.0,mpi2,mpi3,0.3998273932763699,0.6605840899340154,0.5868484647904039,0.6052634318157859,512
hopper-medium-replay-v2,3,0.05,mpi1,mpi2,0.14712240785092892,0.3952949927878801,0.3611986642287216,0.37218383874110067,512
hopper-medium-replay-v2,3,0.05,mpi1,mpi3,0.1537967105713196,0.4081907045866466,0.3611986642287216,0.37677661162583675,512
hopper-medium-replay-v2,3,0.05,mpi2,mpi3,0.11330454667523948,0.30072075383425906,0.37218383874110067,0.37677661162583675,512
hopper-medium-replay-v2,3,0.1,mpi1,mpi2,0.15484698726997764,0.4180649633117018,0.3650943286518833,0.3703897739799986,512
hopper-medium-replay-v2,3,0.1,mpi1,mpi3,0.1649378755764757,0.43749672248754334,0.3650943286518833,0.3770036827674107,512
hopper-medium-replay-v2,3,0.1,mpi2,mpi3,0.11425850745924881,0.30307000350906294,0.3703897739799986,0.3770036827674107,512
hopper-medium-replay-v2,3,0.2,mpi1,mpi2,0.15824417174591088,0.42155808159344665,0.36467381037628394,0.3753792861656548,512
hopper-medium-replay-v2,3,0.2,mpi1,mpi3,0.16161622796958353,0.42523437823275456,0.36467381037628394,0.38006388063272234,512
hopper-medium-replay-v2,3,0.2,mpi2,mpi3,0.11571045298845076,0.30445001191857124,0.3753792861656548,0.38006388063272234,512
hopper-medium-replay-v2,3,0.4,mpi1,mpi2,0.15316507314121777,0.41074804291889583,0.37205473838943304,0.3728930077250811,512
hopper-medium-replay-v2,3,0.4,mpi1,mpi3,0.16493140885035834,0.4255058008811564,0.37205473838943304,0.3876125977808317,512
hopper-medium-replay-v2,3,0.4,mpi2,mpi3,0.12023077929341253,0.3101828474661569,0.3728930077250811,0.3876125977808317,512
hopper-medium-replay-v2,3,1.5,mpi1,mpi2,0.17711472743849085,0.4369056403206621,0.3750803160482253,0.40538439217332933,512
hopper-medium-replay-v2,3,1.5,mpi1,mpi3,0.19219087967689422,0.4526672236241873,0.3750803160482253,0.42457432225412156,512
hopper-medium-replay-v2,3,1.5,mpi2,mpi3,0.133199946545048,0.3137258650920568,0.40538439217332933,0.42457432225412156,512
hopper-medium-replay-v2,3,2.5,mpi1,mpi2,0.190633724566745,0.4508798502931785,0.3861478241508182,0.42280382333073435,512
hopper-medium-replay-v2,3,2.5,mpi1,mpi3,0.2378941755619542,0.5206991950456037,0.3861478241508182,0.4568744830518108,512
hopper-medium-replay-v2,3,2.5,mpi2,mpi3,0.1601792184969844,0.35059786536342774,0.42280382333073435,0.4568744830518108,512
hopper-medium-replay-v2,3,4.0,mpi1,mpi2,0.21281279148185517,0.47660942515643473,0.4004670998361621,0.44651402227726583,512
hopper-medium-replay-v2,3,4.0,mpi1,mpi3,0.2601010589776336,0.5351989315936888,0.4004670998361621,0.485989495911581,512
hopper-medium-replay-v2,3,4.0,mpi2,mpi3,0.18020757723479203,0.3708054983714674,0.44651402227726583,0.485989495911581,512
hopper-medium-replay-v2,3,7.0,mpi1,mpi2,0.25677981420943297,0.5318404222125189,0.42115534594004606,0.4828136476373846,512
hopper-medium-replay-v2,3,7.0,mpi1,mpi3,0.2908977120549101,0.5571871702628973,0.42115534594004606,0.5220825740076822,512
hopper-medium-replay-v2,3,7.0,mpi2,mpi3,0.23739027716981023,0.4546987181501238,0.4828136476373846,0.5220825740076822,512
hopper-medium-replay-v2,3,10.0,mpi1,mpi2,0.2692609219633493,0.5359771274702697,0.4387497040521685,0.5023739039653049,512
hopper-medium-replay-v2,3,10.0,mpi1,mpi3,0.3255982502106817,0.5912653714599363,0.4387497040521685,0.5506803982224147,512
hopper-medium-replay-v2,3,10.0,mpi2,mpi3,0.2357963770538833,0.4281909757729334,0.5023739039653049,0.5506803982224147,512
hopper-medium-replay-v2,3,14.0,mpi1,mpi2,0.36041487836639213,0.6369702324138896,0.46545231006096743,0.5658268785976834,512
hopper-medium-replay-v2,3,14.0,mpi1,mpi3,0.3465063607185212,0.5918546839053065,0.46545231006096743,0.5854585088895914,512
hopper-medium-replay-v2,3,14.0,mpi2,mpi3,0.36668877583833737,0.6263275198336716,0.5658268785976834,0.5854585088895914,512
hopper-medium-replay-v2,3,17.0,mpi1,mpi2,0.35935414970893526,0.6483614015040164,0.48291252496514686,0.5542497577359394,512
hopper-medium-replay-v2,3,17.0,mpi1,mpi3,0.4028276010117076,0.6785428064594435,0.48291252496514686,0.5936657159680383,512
hopper-medium-replay-v2,3,17.0,mpi2,mpi3,0.309358274826959,0.5210984338593913,0.5542497577359394,0.5936657159680383,512
hopper-medium-replay-v2,3,20.0,mpi1,mpi2,0.35832096951096565,0.6282465153163533,0.5122461014567633,0.5703509064917507,512
hopper-medium-replay-v2,3,20.0,mpi1,mpi3,0.3991494045055489,0.658848819357346,0.5122461014567633,0.6058285190446073,512
hopper-medium-replay-v2,3,20.0,mpi2,mpi3,0.34493644188930517,0.5693631630832938,0.5703509064917507,0.6058285190446073,512
hopper-expert-v2,2,0.05,mpi1,mpi2,0.06545340002196999,0.2638932733675584,0.24508079853951126,0.24802981594307086,512
hopper-expert-v2,2,0.05,mpi1,mpi3,0.0798429506538777,0.3215374916490164,0.24508079853951126,0.24831614579189598,512
hopper-expert-v2,2,0.05,mpi2,mpi3,0.06636191319726935,0.2672476772931417,0.24802981594307086,0.24831614579189598,512
hopper-expert-v2,2,0.1,mpi1,mpi2,0.07019235959349443,0.28239098493652187,0.2464958336410774,0.24856444907146322,512
hopper-expert-v2,2,0.1,mpi1,mpi3,0.07803636428196545,0.31401709863405514,0.2464958336410774,0.24850992070628095,512
hopper-expert-v2,2,0.1,mpi2,mpi3,0.0626114614851328,0.2518922626265503,0.24856444907146322,0.24850992070628095,512
hopper-expert-v2,2,0.2,mpi1,mpi2,0.06664707519333726,0.2678102296528303,0.24705283112054885,0.2488593332664465,512
hopper-expert-v2,2,0.2,mpi1,mpi3,0.08584221763963014,0.34420306783613086,0.24705283112054885,0.24939410964372385,512
hopper-expert-v2,2,0.2,mpi2,mpi3,0.06888459990137027,0.27620780618987567,0.2488593332664465,0.24939410964372385,512
hopper-expert-v2,2,0.4,mpi1,mpi2,0.06593396804126475,0.26620790061584765,0.24445940152656398,0.24767847944682536,512
hopper-expert-v2,2,0.4,mpi1,mpi3,0.0777077171738279,0.3104598970425937,0.24445940152656398,0.25029872751380433,512
hopper-expert-v2,2,0.4,mpi2,mpi3,0.06638050387997109,0.26520511925619,0.24767847944682536,0.25029872751380433,512
hopper-expert-v2,2,1.5,mpi1,mpi2,0.066296306920288,0.26720515406067397,0.24651366466252758,0.24811013527543774,512
hopper-expert-v2,2,1.5,mpi1,mpi3,0.08063985612347348,0.3245895522204905,0.24651366466252758,0.2484363885769669,512
hopper-expert-v2,2,1.5,mpi2,mpi3,0.06797676128358572,0.2736183764099685,0.24811013527543774,0.2484363885769669,512
hopper-expert-v2,2,2.5,mpi1,mpi2,0.1919931791774563,0.6398595181509302,0.30005520544928255,0.2476386826026776,512
hopper-expert-v2,2,2.5,mpi1,mpi3,0.1835679656235284,0.6117806399947837,0.30005520544928255,0.24933292203270307,512
hopper-expert-v2,2,2.5,mpi2,mpi3,0.06542666128215374,0.26240682838334617,0.2476386826026776,0.24933292203270307,512
hopper-expert-v2,2,4.0,mpi1,mpi2,0.9751963494763782,0.9719273976705267,1.0033633703645832,0.2487730133515033,512
hopper-expert-v2,2,4.0,mpi1,mpi3,0.9730042775231353,0.969742673752963,1.0033633703645832,0.24907018599255315,512
hopper-expert-v2,2,4.0,mpi2,mpi3,0.06539742404290916,0.26256624727001426,0.2487730133515033,0.24907018599255315,512
hopper-expert-v2,2,7.0,mpi1,mpi2,1.1639501421199931,1.1699855759913482,0.9948414459159113,0.4187986030548804,512
hopper-expert-v2,2,7.0,mpi1,mpi3,0.975567548865353,0.9806261619580862,0.9948414459159113,0.2511904286513277,512
hopper-expert-v2,2,7.0,mpi2,mpi3,0.3317873197831462,0.7922359753899846,0.4187986030548804,0.2511904286513277,512
hopper-expert-v2,2,10.0,mpi1,mpi2,1.4669524065699535,1.6297205890049762,0.9001250990303801,0.8137237997351516,512
hopper-expert-v2,2,10.0,mpi1,mpi3,0.8094194384148008,0.8992299395791897,0.9001250990303801,0.5312954298079682,512
hopper-expert-v2,2,10.0,mpi2,mpi3,1.0292213191042388,1.2648288269794083,0.8137237997351516,0.5312954298079682,512
hopper-expert-v2,2,14.0,mpi1,mpi2,0.3082623078284445,0.30141827712120495,0.9914084829428838,1.0227060905947898,512
hopper-expert-v2,2,14.0,mpi1,mpi3,0.9957670101223475,1.004396298049141,0.9914084829428838,0.3761046825193166,512
hopper-expert-v2,2,14.0,mpi2,mpi3,1.0077103093275412,0.9853371546281423,1.0227060905947898,0.3761046825193166,512
hopper-expert-v2,2,17.0,mpi1,mpi2,1.6057620451912102,1.5640759299605564,0.995010398060199,1.0266522324345884,512
hopper-expert-v2,2,17.0,mpi1,mpi3,0.27717902366046027,0.2785689719432366,0.995010398060199,0.9672349057364972,512
hopper-expert-v2,2,17.0,mpi2,mpi3,1.5748626662427951,1.5339787091371617,1.0266522324345884,0.9672349057364972,512
hopper-expert-v2,2,20.0,mpi1,mpi2,0.22297656608821928,0.2230423530566429,0.9937768077541707,0.9997050471916116,512
hopper-expert-v2,2,20.0,mpi1,mpi3,0.39059994514611235,0.37650953467733395,0.9937768077541707,1.0374237812618843,512
hopper-expert-v2,2,20.0,mpi2,mpi3,0.33753499046454166,0.3253588326787501,0.9997050471916116,1.0374237812618843,512
hopper-expert-v2,3,0.05,mpi1,mpi2,0.06681536757565583,0.2700338897553967,0.2440396620282104,0.24743326712131883,512
hopper-expert-v2,3,0.05,mpi1,mpi3,0.07795869905828018,0.31216818879885083,0.2440396620282104,0.24973300245052762,512
hopper-expert-v2,3,0.05,mpi2,mpi3,0.060659987560559146,0.24289936438247064,0.24743326712131883,0.24973300245052762,512
hopper-expert-v2,3,0.1,mpi1,mpi2,0.06946456234525271,0.28125881940649944,0.24375983183307257,0.2469773658718824,512
hopper-expert-v2,3,0.1,mpi1,mpi3,0.07700335552698322,0.3067751226159946,0.24375983183307257,0.25100912639312045,512
hopper-expert-v2,3,0.1,mpi2,mpi3,0.06456251235618425,0.2572118125102313,0.2469773658718824,0.25100912639312045,512
hopper-expert-v2,3,0.2,mpi1,mpi2,0.0678964334258429,0.27625617833244964,0.24299603577021434,0.24577344780371063,512
hopper-expert-v2,3,0.2,mpi1,mpi3,0.07911618463827112,0.3166906002554918,0.24299603577021434,0.2498217016054273,512
hopper-expert-v2,3,0.2,mpi2,mpi3,0.06144986868080034,0.24597490244404516,0.24577344780371063,0.2498217016054273,512
hopper-expert-v2,3,0.4,mpi1,mpi2,0.06669506655920072,0.2705413307518775,0.24293756822879595,0.24652450098417314,512
hopper-expert-v2,3,0.4,mpi1,mpi3,0.07682223973445101,0.3067971850124203,0.24293756822879595,0.25040073210365654,512
hopper-expert-v2,3,0.4,mpi2,mpi3,0.062143821915120176,0.24817747693083803,0.24652450098417314,0.25040073210365654,512
hopper-expert-v2,3,1.5,mpi1,mpi2,0.06696632166453247,0.27073788676545724,0.2447609372097638,0.24734743431954914,512
hopper-expert-v2,3,1.5,mpi1,mpi3,0.07776931717526,0.31020133374969644,0.2447609372097638,0.25070594067146273,512
hopper-expert-v2,3,1.5,mpi2,mpi3,0.06404507216512005,0.2554589332569819,0.24734743431954914,0.25070594067146273,512
hopper-expert-v2,3,2.5,mpi1,mpi2,0.06886819556546037,0.27837307300630937,0.24637918314082366,0.24739532032216152,512
hopper-expert-v2,3,2.5,mpi1,mpi3,0.08412943549726658,0.33352964438519683,0.24637918314082366,0.2522397541374302,512
hopper-expert-v2,3,2.5,mpi2,mpi3,0.06279412849718924,0.24894620085530414,0.24739532032216152,0.2522397541374302,512
hopper-expert-v2,3,4.0,mpi1,mpi2,0.2015542282975428,0.645194401866061,0.3123930209477924,0.24774953096208338,512
hopper-expert-v2,3,4.0,mpi1,mpi3,0.19976555847582161,0.6394686983394764,0.3123930209477924,0.25171887220123546,512
hopper-expert-v2,3,4.0,mpi2,mpi3,0.06142916094505857,0.24403875803141736,0.24774953096208338,0.25171887220123546,512
hopper-expert-v2,3,7.0,mpi1,mpi2,0.9879000236300188,0.9676580218092263,1.0209185490788844,0.30312903835018984,512
hopper-expert-v2,3,7.0,mpi1,mpi3,0.8626527695070696,0.8449770750912413,1.0209185490788844,0.5052574477948543,512
hopper-expert-v2,3,7.0,mpi2,mpi3,0.46767275560081795,0.9256127893649644,0.30312903835018984,0.5052574477948543,512
hopper-expert-v2,3,10.0,mpi1,mpi2,0.9785986662673813,0.9581272977323367,1.0213660215959774,0.3219662085253633,512
hopper-expert-v2,3,10.0,mpi1,mpi3,0.9270828477905085,0.9076891419805185,1.0213660215959774,0.4792061640261076,512
hopper-expert-v2,3,10.0,mpi2,mpi3,0.39492284333266114,0.8241188719583026,0.3219662085253633,0.4792061640261076,512
hopper-expert-v2,3,14.0,mpi1,mpi2,1.262573775482485,1.223195478231082,0.9924515790804357,1.0321929715668583,512
hopper-expert-v2,3,14.0,mpi1,mpi3,1.1101648892325868,1.1186086179249364,0.9924515790804357,0.6205478353773531,512
hopper-expert-v2,3,14.0,mpi2,mpi3,0.9874801915872009,0.9566817627988845,1.0321929715668583,0.6205478353773531,512
hopper-expert-v2,3,17.0,mpi1,mpi2,1.4196586359309855,1.3549114808498557,1.0477870001075773,1.0182377716069033,512
hopper-expert-v2,3,17.0,mpi1,mpi3,1.4373205182106825,1.3717678479148065,1.0477870001075773,1.0414336926190373,512
hopper-expert-v2,3,17.0,mpi2,mpi3,0.19413385521105417,0.18641019259021563,1.0182377716069033,1.0414336926190373,512
hopper-expert-v2,3,20.0,mpi1,mpi2,0.9784489919916441,0.930520438142458,1.0515072553858817,1.024685450341844,512
hopper-expert-v2,3,20.0,mpi1,mpi3,0.9915835796062077,0.94301163831943,1.0515072553858817,1.0374285292184964,512
hopper-expert-v2,3,20.0,mpi2,mpi3,0.1782673420741555,0.17183578150530118,1.024685450341844,1.0374285292184964,512
walker2d-medium-v2,2,0.05,mpi1,mpi2,0.06183093631125001,0.32281885288541984,0.19035104849040527,0.19153446509890196,512
walker2d-medium-v2,2,0.05,mpi1,mpi3,0.07193696482642871,0.3686267968778987,0.19035104849040527,0.19514849553993927,512
walker2d-medium-v2,2,0.05,mpi2,mpi3,0.0632873538318763,0.32430357024670914,0.19153446509890196,0.19514849553993927,512
walker2d-medium-v2,2,0.1,mpi1,mpi2,0.061652008502045476,0.32067259738156384,0.18967667414116018,0.1922584249650949,512
walker2d-medium-v2,2,0.1,mpi1,mpi3,0.07135339829865961,0.36781763869907175,0.18967667414116018,0.19399123584999428,512
walker2d-medium-v2,2,0.1,mpi2,mpi3,0.0651967465694305,0.33608088676668135,0.1922584249650949,0.19399123584999428,512
walker2d-medium-v2,2,0.2,mpi1,mpi2,0.05940513428518888,0.3098407946746013,0.1910363484225563,0.1917279302990973,512
walker2d-medium-v2,2,0.2,mpi1,mpi3,0.07838347519981625,0.399407847079025,0.1910363484225563,0.19624921185964497,512
walker2d-medium-v2,2,0.2,mpi2,mpi3,0.06572007876676768,0.3348807271326515,0.1917279302990973,0.19624921185964497,512
walker2d-medium-v2,2,0.4,mpi1,mpi2,0.06076946515934834,0.31765009276242956,0.18954872004720486,0.19130945195346696,512
walker2d-medium-v2,2,0.4,mpi1,mpi3,0.07659435414368666,0.390030583431883,0.18954872004720486,0.19638037989157714,512
walker2d-medium-v2,2,0.4,mpi2,mpi3,0.06629791693510285,0.3375994942657019,0.19130945195346696,0.19638037989157714,512
walker2d-medium-v2,2,1.5,mpi1,mpi2,0.06919842943249355,0.3533424448961307,0.1920083747648793,0.19583956140008954,512
walker2d-medium-v2,2,1.5,mpi1,mpi3,0.08447100024899315,0.41750440152769586,0.1920083747648793,0.2023236160862118,512
walker2d-medium-v2,2,1.5,mpi2,mpi3,0.07064985318712927,0.3491923214590272,0.19583956140008954,0.2023236160862118,512
walker2d-medium-v2,2,2.5,mpi1,mpi2,0.08283319219466395,0.41019448237660205,0.19764370072000723,0.20193638811214992,512
walker2d-medium-v2,2,2.5,mpi1,mpi3,0.09569676331516236,0.46465322869324227,0.19764370072000723,0.20595307942719593,512
walker2d-medium-v2,2,2.5,mpi2,mpi3,0.08109596694235366,0.39375942893352534,0.20193638811214992,0.20595307942719593,512
walker2d-medium-v2,2,4.0,mpi1,mpi2,0.09981492150268347,0.48409900971147174,0.200471685188983,0.20618699790808132,512
walker2d-medium-v2,2,4.0,mpi1,mpi3,0.10749589402369597,0.5030607082884595,0.200471685188983,0.21368374085391073,512
walker2d-medium-v2,2,4.0,mpi2,mpi3,0.101561208623406,0.47528748896641787,0.20618699790808132,0.21368374085391073,512
walker2d-medium-v2,2,7.0,mpi1,mpi2,0.9232239725192299,1.041374194671997,0.39990757769923446,0.8865439313195378,512
walker2d-medium-v2,2,7.0,mpi1,mpi3,0.38472312078855997,0.9620300845559507,0.39990757769923446,0.23576957969549348,512
walker2d-medium-v2,2,7.0,mpi2,mpi3,0.8482345830325881,0.9567879865468937,0.8865439313195378,0.23576957969549348,512
walker2d-medium-v2,2,10.0,mpi1,mpi2,0.933375590164143,1.041907975004714,0.5371445413903947,0.895833041454472,512
walker2d-medium-v2,2,10.0,mpi1,mpi3,0.4987580894812012,0.9285360848872625,0.5371445413903947,0.324739021538963,512
walker2d-medium-v2,2,10.0,mpi2,mpi3,0.8878288921775541,0.9910651327797395,0.895833041454472,0.324739021538963,512
walker2d-medium-v2,2,14.0,mpi1,mpi2,0.9789422307038033,1.1022620559474907,0.6944783410306259,0.8881211372755788,512
walker2d-medium-v2,2,14.0,mpi1,mpi3,0.9790905790407224,1.1009019819054446,0.6944783410306259,0.8893530896784374,512
walker2d-medium-v2,2,14.0,mpi2,mpi3,0.05091308124444264,0.05724732036726969,0.8881211372755788,0.8893530896784374,512
walker2d-medium-v2,2,17.0,mpi1,mpi2,0.09393010499181904,0.10440924841111617,0.8980773993266898,0.8996339540915473,512
walker2d-medium-v2,2,17.0,mpi1,mpi3,0.058119619833985794,0.06469544123023956,0.8980773993266898,0.8983572679742367,512
walker2d-medium-v2,2,17.0,mpi2,mpi3,0.10155846412887422,0.11288865173105679,0.8996339540915473,0.8983572679742367,512
walker2d-medium-v2,2,20.0,mpi1,mpi2,0.10980195062788094,0.12200999978651236,0.8961950594400864,0.8999422245718177,512
walker2d-medium-v2,2,20.0,mpi1,mpi3,0.1438281146557649,0.1604875112183993,0.8961950594400864,0.8873792551251138,512
walker2d-medium-v2,2,20.0,mpi2,mpi3,0.17628057787485904,0.19587988324331745,0.8999422245718177,0.8873792551251138,512
walker2d-medium-v2,3,0.05,mpi1,mpi2,0.05861178815928831,0.305893529618113,0.1883916715323417,0.19160846008237276,512
walker2d-medium-v2,3,0.05,mpi1,mpi3,0.06329248375272013,0.32837759667739597,0.1883916715323417,0.19274300193779603,512
walker2d-medium-v2,3,0.05,mpi2,mpi3,0.04953754028252595,0.257013431276292,0.19160846008237276,0.19274300193779603,512
walker2d-medium-v2,3,0.1,mpi1,mpi2,0.058584630089336204,0.3064820878942755,0.18864007444360695,0.19115188914252518,512
walker2d-medium-v2,3,0.1,mpi1,mpi3,0.06228078373774659,0.322407877535307,0.18864007444360695,0.19317388958936405,512
walker2d-medium-v2,3,0.1,mpi2,mpi3,0.053234437959881406,0.27557781267977555,0.19115188914252518,0.19317388958936405,512
walker2d-medium-v2,3,0.2,mpi1,mpi2,0.06020391002104139,0.3153304804641319,0.18971644273930507,0.19092321786472347,512
walker2d-medium-v2,3,0.2,mpi1,mpi3,0.0648404124161176,0.33519048241172283,0.18971644273930507,0.19344347712257684,512
walker2d-medium-v2,3,0.2,mpi2,mpi3,0.05208098469989043,0.2692310202162513,0.19092321786472347,0.19344347712257684,512
walker2d-medium-v2,3,0.4,mpi1,mpi2,0.0638379661246129,0.33433833878934055,0.18944563176810078,0.19093821652573276,512
walker2d-medium-v2,3,0.4,mpi1,mpi3,0.06617224847776706,0.34026332062974224,0.18944563176810078,0.19447364574970583,512
walker2d-medium-v2,3,0.4,mpi2,mpi3,0.05593005244486672,0.28759707892168895,0.19093821652573276,0.19447364574970583,512
walker2d-medium-v2,3,1.5,mpi1,mpi2,0.06891990206856725,0.35421946121158904,0.19224929711016572,0.19456836683346068,512
walker2d-medium-v2,3,1.5,mpi1,mpi3,0.07515423553600356,0.3798937882219334,0.19224929711016572,0.19782959834051975,512
walker2d-medium-v2,3,1.5,mpi2,mpi3,0.06461582933883112,0.3266236694653209,0.19456836683346068,0.19782959834051975,512
walker2d-medium-v2,3,2.5,mpi1,mpi2,0.08169816305166215,0.4067099690545449,0.19685452112242782,0.20087573275270618,512
walker2d-medium-v2,3,2.5,mpi1,mpi3,0.08540352710376192,0.4236161314460285,0.19685452112242782,0.20160593698883467,512
walker2d-medium-v2,3,2.5,mpi2,mpi3,0.07794326428653721,0.38661194928428055,0.20087573275270618,0.20160593698883467,512
walker2d-medium-v2,3,4.0,mpi1,mpi2,0.7517616763159624,0.9586804530720856,0.7841629334435126,0.20729093984071098,512
walker2d-medium-v2,3,4.0,mpi1,mpi3,0.7543495860331413,0.9619806724612049,0.7841629334435126,0.210165176817162,512
walker2d-medium-v2,3,4.0,mpi2,mpi3,0.09467541359239215,0.45048097418516286,0.20729093984071098,0.210165176817162,512
walker2d-medium-v2,3,7.0,mpi1,mpi2,0.8522839036731314,0.9578880857006141,0.889753110406168,0.232285073143515,512
walker2d-medium-v2,3,7.0,mpi1,mpi3,0.8763824083179577,0.9849725705571215,0.889753110406168,0.23969125918541337,512
walker2d-medium-v2,3,7.0,mpi2,mpi3,0.14635836252869303,0.6106120140804859,0.232285073143515,0.23969125918541337,512
walker2d-medium-v2,3,10.0,mpi1,mpi2,0.8927908415341215,0.9945714042471029,0.8976638959471894,0.28109621298242365,512
walker2d-medium-v2,3,10.0,mpi1,mpi3,0.7311057015111028,0.8144537223920104,0.8976638959471894,0.6627607838836493,512
walker2d-medium-v2,3,10.0,mpi2,mpi3,0.6973895384793297,1.0522492510687833,0.28109621298242365,0.6627607838836493,512
walker2d-medium-v2,3,14.0,mpi1,mpi2,0.11330625726478065,0.12610427246917755,0.8985124377326311,0.8936985218049571,512
walker2d-medium-v2,3,14.0,mpi1,mpi3,1.0764255270382803,1.1980084880679087,0.8985124377326311,0.5974867906966331,512
walker2d-medium-v2,3,14.0,mpi2,mpi3,1.0725217415096788,1.2000934491237174,0.8936985218049571,0.5974867906966331,512
walker2d-medium-v2,3,17.0,mpi1,mpi2,0.07710279337428698,0.08586866075342696,0.897915405897487,0.8928278251919999,512
walker2d-medium-v2,3,17.0,mpi1,mpi3,0.18977867490200778,0.21135473749035374,0.897915405897487,0.8790951275592971,512
walker2d-medium-v2,3,17.0,mpi2,mpi3,0.16523347773422736,0.1850675719013287,0.8928278251919999,0.8790951275592971,512
walker2d-medium-v2,3,20.0,mpi1,mpi2,0.08277030429891445,0.09198204810573228,0.8998528082759253,0.897913307482334,512
walker2d-medium-v2,3,20.0,mpi1,mpi3,1.0184315568133309,1.1317757164803395,0.8998528082759253,0.5041895351732023,512
walker2d-medium-v2,3,20.0,mpi2,mpi3,1.0193571226791711,1.1352511586417562,0.897913307482334,0.5041895351732023,512
walker2d-medium-replay-v2,2,0.05,mpi1,mpi2,0.16457137657400261,0.47554319483894747,0.33488334085650673,0.3460703009949246,512
walker2d-medium-replay-v2,2,0.05,mpi1,mpi3,0.16302075179474584,0.46196716242332503,0.33488334085650673,0.35288385204609257,512
walker2d-medium-replay-v2,2,0.05,mpi2,mpi3,0.12028647086851874,0.34086703081218717,0.3460703009949246,0.35288385204609257,512
walker2d-medium-replay-v2,2,0.1,mpi1,mpi2,0.1544126779727587,0.4417588603807252,0.33277895820909037,0.3495406472202499,512
walker2d-medium-replay-v2,2,0.1,mpi1,mpi3,0.16170202506995762,0.45613957384103637,0.33277895820909037,0.35450119731621976,512
walker2d-medium-replay-v2,2,0.1,mpi2,mpi3,0.11530468934130114,0.3252589560041678,0.3495406472202499,0.35450119731621976,512
walker2d-medium-replay-v2,2,0.2,mpi1,mpi2,0.16149136875022554,0.4608033086797485,0.33539783181222776,0.3504561831661232,512
walker2d-medium-replay-v2,2,0.2,mpi1,mpi3,0.1653827550669417,0.4626370147962073,0.33539783181222776,0.35747843293471276,512
walker2d-medium-replay-v2,2,0.2,mpi2,mpi3,0.12286155509170148,0.3436894194793005,0.3504561831661232,0.35747843293471276,512
walker2d-medium-replay-v2,2,0.4,mpi1,mpi2,0.15874837638500205,0.44331839394706946,0.3418881570459566,0.3580911113829308,512
walker2d-medium-replay-v2,2,0.4,mpi1,mpi3,0.16446796911343645,0.4542983042475803,0.3418881570459566,0.36202637688871026,512
walker2d-medium-replay-v2,2,0.4,mpi2,mpi3,0.12597215145265514,0.34796401448776193,0.3580911113829308,0.36202637688871026,512
walker2d-medium-replay-v2,2,1.5,mpi1,mpi2,0.18074008159280444,0.4837793010706721,0.34877835696315956,0.3736002784592087,512
walker2d-medium-replay-v2,2,1.5,mpi1,mpi3,0.2073199538817969,0.5285045918918567,0.34877835696315956,0.3922765422712145,512
walker2d-medium-replay-v2,2,1.5,mpi2,mpi3,0.15604718699443465,0.3977989254492455,0.3736002784592087,0.3922765422712145,512
walker2d-medium-replay-v2,2,2.5,mpi1,mpi2,0.2500369990001332,0.6296912589892024,0.3671021980309423,0.39707871981818427,512
walker2d-medium-replay-v2,2,2.5,mpi1,mpi3,0.25664596836543135,0.6246851353034508,0.3671021980309423,0.4108405240677953,512
walker2d-medium-replay-v2,2,2.5,mpi2,mpi3,0.20018130029754322,0.4872481865116842,0.39707871981818427,0.4108405240677953,512
walker2d-medium-replay-v2,2,4.0,mpi1,mpi2,0.32343159917122505,0.7392498187818044,0.37711880770013767,0.43751326135487156,512
walker2d-medium-replay-v2,2,4.0,mpi1,mpi3,0.26643606843469253,0.5929127177889183,0.37711880770013767,0.4493681117657286,512
walker2d-medium-replay-v2,2,4.0,mpi2,mpi3,0.3356004498939055,0.746827469744595,0.43751326135487156,0.4493681117657286,512
walker2d-medium-replay-v2,2,7.0,mpi1,mpi2,0.2872519138141524,0.6302912335068976,0.41241444960955914,0.4557447391674833,512
walker2d-medium-replay-v2,2,7.0,mpi1,mpi3,0.316473219611771,0.6516451892563206,0.41241444960955914,0.4856526601123855,512
walker2d-medium-replay-v2,2,7.0,mpi2,mpi3,0.28985601715062775,0.5968381128264628,0.4557447391674833,0.4856526601123855,512
walker2d-medium-replay-v2,2,10.0,mpi1,mpi2,0.5260423738346982,1.0254366119899843,0.5074206885631279,0.5129935558023905,512
walker2d-medium-replay-v2,2,10.0,mpi1,mpi3,0.4954176156197529,0.9296343208929992,0.5074206885631279,0.5329166581800237,512
walker2d-medium-replay-v2,2,10.0,mpi2,mpi3,0.44289476076857826,0.8310769685472371,0.5129935558023905,0.5329166581800237,512
walker2d-medium-replay-v2,2,14.0,mpi1,mpi2,0.5634598255762904,0.9848934667693412,0.5447549209203927,0.5721023081050154,512
walker2d-medium-replay-v2,2,14.0,mpi1,mpi3,0.5455979301026832,0.9547569679656976,0.5447549209203927,0.5714521584117785,512
walker2d-medium-replay-v2,2,14.0,mpi2,mpi3,0.5150067276082063,0.9002004017674256,0.5721023081050154,0.5714521584117785,512
walker2d-medium-replay-v2,2,17.0,mpi1,mpi2,0.5388359676462022,0.9683931832278909,0.5542078005322414,0.5564227185595528,512
walker2d-medium-replay-v2,2,17.0,mpi1,mpi3,0.5550178774476335,0.9363472639410308,0.5542078005322414,0.592747903284937,512
walker2d-medium-replay-v2,2,17.0,mpi2,mpi3,0.46403194421132976,0.7828487315429056,0.5564227185595528,0.592747903284937,512
walker2d-medium-replay-v2,2,20.0,mpi1,mpi2,0.7587052240851896,1.076968015016181,0.6417007557021817,0.704482596982038,512
walker2d-medium-replay-v2,2,20.0,mpi1,mpi3,0.7517734083633573,0.9426739603441595,0.6417007557021817,0.7974903731178629,512
walker2d-medium-replay-v2,2,20.0,mpi2,mpi3,0.65082736008518,0.816094315396824,0.704482596982038,0.7974903731178629,512
walker2d-medium-replay-v2,3,0.05,mpi1,mpi2,0.15641763323894242,0.44962646291042285,0.3314387907428308,0.34788351251937955,512
walker2d-medium-replay-v2,3,0.05,mpi1,mpi3,0.1615430310162412,0.4537321787428717,0.3314387907428308,0.3560316825309122,512
walker2d-medium-replay-v2,3,0.05,mpi2,mpi3,0.11730295667749385,0.3294733655264208,0.34788351251937955,0.3560316825309122,512
walker2d-medium-replay-v2,3,0.1,mpi1,mpi2,0.15599618256900225,0.447894452330712,0.337481830395308,0.348287820394389,512
walker2d-medium-replay-v2,3,0.1,mpi1,mpi3,0.15995159870803294,0.4465303584068404,0.337481830395308,0.35820990823270893,512
walker2d-medium-replay-v2,3,0.1,mpi2,mpi3,0.11889109477776573,0.33190342323118777,0.348287820394389,0.35820990823270893,512
walker2d-medium-replay-v2,3,0.2,mpi1,mpi2,0.15699694278992712,0.4475694695432603,0.334493125967831,0.3507767027767572,512
walker2d-medium-replay-v2,3,0.2,mpi1,mpi3,0.15997294760231093,0.4471129077468604,0.334493125967831,0.3577909401194966,512
walker2d-medium-replay-v2,3,0.2,mpi2,mpi3,0.12033240376296404,0.3363204326045117,0.3507767027767572,0.3577909401194966,512
walker2d-medium-replay-v2,3,0.4,mpi1,mpi2,0.15890935478352775,0.4455561310960094,0.33445586254981874,0.35665395152936546,512
walker2d-medium-replay-v2,3,0.4,mpi1,mpi3,0.1604589394310926,0.4427980342696473,0.33445586254981874,0.36237500398066164,512
walker2d-medium-replay-v2,3,0.4,mpi2,mpi3,0.12519401001770575,0.345481914156493,0.35665395152936546,0.36237500398066164,512
walker2d-medium-replay-v2,3,1.5,mpi1,mpi2,0.1878281612114407,0.49151848232604917,0.3518456682002293,0.3821385521915018,512
walker2d-medium-replay-v2,3,1.5,mpi1,mpi3,0.2013670754262425,0.514514079840553,0.3518456682002293,0.3913733040865389,512
walker2d-medium-replay-v2,3,1.5,mpi2,mpi3,0.173326348756295,0.4428670707646676,0.3821385521915018,0.3913733040865389,512
walker2d-medium-replay-v2,3,2.5,mpi1,mpi2,0.2224469861600268,0.5551191357878489,0.3634612070640195,0.4007193624199614,512
walker2d-medium-replay-v2,3,2.5,mpi1,mpi3,0.2368961400076111,0.5686591171445717,0.3634612070640195,0.41658725388444684,512
walker2d-medium-replay-v2,3,2.5,mpi2,mpi3,0.20554587933151736,0.4934041486265246,0.4007193624199614,0.41658725388444684,512
walker2d-medium-replay-v2,3,4.0,mpi1,mpi2,0.2543617113748803,0.6083146253057902,0.3839613935209174,0.4181416996953125,512
walker2d-medium-replay-v2,3,4.0,mpi1,mpi3,0.28309927200971907,0.6311797293459248,0.3839613935209174,0.448524023899005,512
walker2d-medium-replay-v2,3,4.0,mpi2,mpi3,0.24243539015353646,0.5405181823841974,0.4181416996953125,0.448524023899005,512
walker2d-medium-replay-v2,3,7.0,mpi1,mpi2,0.3409946372820152,0.7443246279638277,0.4174449798163226,0.45812623211842274,512
walker2d-medium-replay-v2,3,7.0,mpi1,mpi3,0.3692791890566688,0.7516881808181696,0.4174449798163226,0.4912664565973746,512
walker2d-medium-replay-v2,3,7.0,mpi2,mpi3,0.31845326314616956,0.6482292020339648,0.45812623211842274,0.4912664565973746,512
walker2d-medium-replay-v2,3,10.0,mpi1,mpi2,0.5105632169986811,0.9179163772300548,0.5562197490575115,0.4979449067883304,512
walker2d-medium-replay-v2,3,10.0,mpi1,mpi3,0.5511579744185244,0.9908996855153669,0.5562197490575115,0.5166241903994111,512
walker2d-medium-replay-v2,3,10.0,mpi2,mpi3,0.3860320445767012,0.7472202265214355,0.4979449067883304,0.5166241903994111,512
walker2d-medium-replay-v2,3,14.0,mpi1,mpi2,0.5392203084168051,0.9882821162202511,0.5173548989140742,0.5456137468915132,512
walker2d-medium-replay-v2,3,14.0,mpi1,mpi3,0.5258219029731983,0.9334413257931464,0.5173548989140742,0.5633154312365661,512
walker2d-medium-replay-v2,3,14.0,mpi2,mpi3,0.43440754132659737,0.771162153987162,0.5456137468915132,0.5633154312365661,512
walker2d-medium-replay-v2,3,17.0,mpi1,mpi2,0.6401360594737139,0.9574120941087944,0.501280499604555,0.6686107930040132,512
walker2d-medium-replay-v2,3,17.0,mpi1,mpi3,0.5807391929794743,0.8777533562272709,0.501280499604555,0.6616200198602343,512
walker2d-medium-replay-v2,3,17.0,mpi2,mpi3,0.6435823280390165,0.9625664658320189,0.6686107930040132,0.6616200198602343,512
walker2d-medium-replay-v2,3,20.0,mpi1,mpi2,0.63101922153339,0.9657969312085862,0.653366355952012,0.5790018371919565,512
walker2d-medium-replay-v2,3,20.0,mpi1,mpi3,0.6570978582383508,0.8762773264049173,0.653366355952012,0.7498743131175275,512
walker2d-medium-replay-v2,3,20.0,mpi2,mpi3,0.6662446954754754,0.8884751535302359,0.5790018371919565,0.7498743131175275,512
walker2d-expert-v2,2,0.05,mpi1,mpi2,0.04556081833110164,0.256013185852456,0.17534827921546878,0.17796278023491718,512
walker2d-expert-v2,2,0.05,mpi1,mpi3,0.048829287393736084,0.2747683424263012,0.17534827921546878,0.17771074703350567,512
walker2d-expert-v2,2,0.05,mpi2,mpi3,0.04269619860820388,0.23991645079855115,0.17796278023491718,0.17771074703350567,512
walker2d-expert-v2,2,0.1,mpi1,mpi2,0.04548162967852938,0.2561489532907666,0.1749118840237713,0.17755930326563182,512
walker2d-expert-v2,2,0.1,mpi1,mpi3,0.050555750683495077,0.2837560723420945,0.1749118840237713,0.1781662336464306,512
walker2d-expert-v2,2,0.1,mpi2,mpi3,0.045043667442335816,0.252818205338081,0.17755930326563182,0.1781662336464306,512
walker2d-expert-v2,2,0.2,mpi1,mpi2,0.045198553776267865,0.2544282700521066,0.17402637628869905,0.17764753015461393,512
walker2d-expert-v2,2,0.2,mpi1,mpi3,0.05017817531057701,0.2819034477672669,0.17402637628869905,0.17799773542323957,512
walker2d-expert-v2,2,0.2,mpi2,mpi3,0.04383631146593536,0.24627454591881312,0.17764753015461393,0.17799773542323957,512
walker2d-expert-v2,2,0.4,mpi1,mpi2,0.04369167355183517,0.2460584211169574,0.17456544899278947,0.1775662598886119,512
walker2d-expert-v2,2,0.4,mpi1,mpi3,0.048986642637112145,0.27468245152964327,0.17456544899278947,0.17833917807386973,512
walker2d-expert-v2,2,0.4,mpi2,mpi3,0.04404336706494039,0.24696405770524088,0.1775662598886119,0.17833917807386973,512
walker2d-expert-v2,2,1.5,mpi1,mpi2,0.04546076563423149,0.25497640789485765,0.17510192532502358,0.1782940077066963,512
walker2d-expert-v2,2,1.5,mpi1,mpi3,0.05047512168107296,0.28268602855008973,0.17510192532502358,0.17855541690532883,512
walker2d-expert-v2,2,1.5,mpi2,mpi3,0.04394273676052008,0.24610139262153433,0.1782940077066963,0.17855541690532883,512
walker2d-expert-v2,2,2.5,mpi1,mpi2,0.192626078181514,0.7338427634617622,0.2624895792020044,0.179321149398465,512
walker2d-expert-v2,2,2.5,mpi1,mpi3,0.1969857941831438,0.7504518647254534,0.2624895792020044,0.18156857005509713,512
walker2d-expert-v2,2,2.5,mpi2,mpi3,0.04651546166098044,0.2561867488787585,0.179321149398465,0.18156857005509713,512
walker2d-expert-v2,2,4.0,mpi1,mpi2,0.597687010243012,0.9403350600734914,0.6356106834900955,0.18142389885619095,512
walker2d-expert-v2,2,4.0,mpi1,mpi3,0.608315184991014,0.9570562622560027,0.6356106834900955,0.18292805218788416,512
walker2d-expert-v2,2,4.0,mpi2,mpi3,0.047794950535420544,0.2612773162113522,0.18142389885619095,0.18292805218788416,512
walker2d-expert-v2,2,7.0,mpi1,mpi2,0.49060690401191387,0.6614834553756218,0.6157730931770174,0.741676757029885,512
walker2d-expert-v2,2,7.0,mpi1,mpi3,0.5870635507584011,0.953376425932331,0.6157730931770174,0.18545202364171842,512
walker2d-expert-v2,2,7.0,mpi2,mpi3,0.7224712558707324,0.9741052945543786,0.741676757029885,0.18545202364171842,512
walker2d-expert-v2,2,10.0,mpi1,mpi2,0.6790448995825956,0.7892629059068706,0.6553645619551401,0.8603532416139164,512
walker2d-expert-v2,2,10.0,mpi1,mpi3,0.37803403867719504,0.5291510204829545,0.6553645619551401,0.7144161572856168,512
walker2d-expert-v2,2,10.0,mpi2,mpi3,0.7448685540229961,0.8657706137373468,0.8603532416139164,0.7144161572856168,512
walker2d-expert-v2,2,14.0,mpi1,mpi2,0.7549096166860861,0.9355682915459106,0.7240729795375174,0.8068995320894123,512
walker2d-expert-v2,2,14.0,mpi1,mpi3,0.36645559666645955,0.5061031236112739,0.7240729795375174,0.7192380798342469,512
walker2d-expert-v2,2,14.0,mpi2,mpi3,0.6985128556780307,0.8656751279422339,0.8068995320894123,0.7192380798342469,512
walker2d-expert-v2,2,17.0,mpi1,mpi2,0.7611230423749291,0.9289742800569806,0.7129671513370057,0.8193155168173698,512
walker2d-expert-v2,2,17.0,mpi1,mpi3,0.44281588050982507,0.5898972401450179,0.7129671513370057,0.7506661336489132,512
walker2d-expert-v2,2,17.0,mpi2,mpi3,0.7192403652951919,0.8778551736565179,0.8193155168173698,0.7506661336489132,512
walker2d-expert-v2,2,20.0,mpi1,mpi2,0.763590480186043,0.9244774285760515,0.7373332495728986,0.8259698469460542,512
walker2d-expert-v2,2,20.0,mpi1,mpi3,0.7647051542129611,0.9331558069247466,0.7373332495728986,0.8194828222020912,512
walker2d-expert-v2,2,20.0,mpi2,mpi3,0.1737369352093619,0.21034295120062538,0.8259698469460542,0.8194828222020912,512
walker2d-expert-v2,3,0.05,mpi1,mpi2,0.0476385434150312,0.2701783901772734,0.1740701842985372,0.1763225526059797,512
walker2d-expert-v2,3,0.05,mpi1,mpi3,0.052023328435829165,0.29399991081525806,0.1740701842985372,0.17695015039824036,512
walker2d-expert-v2,3,0.05,mpi2,mpi3,0.04013526420912327,0.22681678494647037,0.1763225526059797,0.17695015039824036,512
walker2d-expert-v2,3,0.1,mpi1,mpi2,0.04723629854445035,0.26781221207703454,0.17347884469772482,0.17637843389629715,512
walker2d-expert-v2,3,0.1,mpi1,mpi3,0.049887689034683706,0.28115441481340686,0.17347884469772482,0.1774387539594303,512
walker2d-expert-v2,3,0.1,mpi2,mpi3,0.04319256429893178,0.24342238285108422,0.17637843389629715,0.1774387539594303,512
walker2d-expert-v2,3,0.2,mpi1,mpi2,0.04518626589390531,0.25691733158805674,0.17340655978143132,0.1758786206232179,512
walker2d-expert-v2,3,0.2,mpi1,mpi3,0.05006395617676555,0.2827139120923127,0.17340655978143132,0.17708345445843676,512
walker2d-expert-v2,3,0.2,mpi2,mpi3,0.042179420507970876,0.23818950582913326,0.1758786206232179,0.17708345445843676,512
walker2d-expert-v2,3,0.4,mpi1,mpi2,0.04598269745446858,0.2615388173573131,0.17422377054437627,0.17581595695466967,512
walker2d-expert-v2,3,0.4,mpi1,mpi3,0.05096491137805372,0.2866359719538614,0.17422377054437627,0.17780361282169194,512
walker2d-expert-v2,3,0.4,mpi2,mpi3,0.04159305260753753,0.23392692616009209,0.17581595695466967,0.17780361282169194,512
walker2d-expert-v2,3,1.5,mpi1,mpi2,0.04541341963401617,0.25818576783525465,0.17531405370715358,0.17589435705454512,512
walker2d-expert-v2,3,1.5,mpi1,mpi3,0.0508182350910799,0.2833119675644426,0.17531405370715358,0.1793720029829686,512
walker2d-expert-v2,3,1.5,mpi2,mpi3,0.04441716618743815,0.2476259697655022,0.17589435705454512,0.1793720029829686,512
walker2d-expert-v2,3,2.5,mpi1,mpi2,0.04673976967374647,0.26286962874235026,0.17545947153324415,0.17780589525448035,512
walker2d-expert-v2,3,2.5,mpi1,mpi3,0.05117409473205048,0.28525690985710794,0.17545947153324415,0.17939651227970188,512
walker2d-expert-v2,3,2.5,mpi2,mpi3,0.04461812845739637,0.24871235170854972,0.17780589525448035,0.17939651227970188,512
walker2d-expert-v2,3,4.0,mpi1,mpi2,0.6490864345345612,0.9735933086075834,0.6666915526184887,0.18040621642102547,512
walker2d-expert-v2,3,4.0,mpi1,mpi3,0.6517869458575865,0.9776439243869777,0.6666915526184887,0.1828348403622844,512
walker2d-expert-v2,3,4.0,mpi2,mpi3,0.0480884889520371,0.2630160031684908,0.18040621642102547,0.1828348403622844,512
walker2d-expert-v2,3,7.0,mpi1,mpi2,0.37287222574539397,0.4716634434230416,0.7905472237562401,0.6672802559530827,512
walker2d-expert-v2,3,7.0,mpi1,mpi3,0.7107717850629479,0.8990883323652145,0.7905472237562401,0.44014241699258144,512
walker2d-expert-v2,3,7.0,mpi2,mpi3,0.5965220403937035,0.8939602739207163,0.6672802559530827,0.44014241699258144,512
walker2d-expert-v2,3,10.0,mpi1,mpi2,0.600456429753159,0.7489457665161816,0.8017355282562849,0.7130167933677136,512
walker2d-expert-v2,3,10.0,mpi1,mpi3,0.693741875154902,0.8653001528618034,0.8017355282562849,0.5128898356286841,512
walker2d-expert-v2,3,10.0,mpi2,mpi3,0.7003439261237654,0.9822264112685315,0.7130167933677136,0.5128898356286841,512
walker2d-expert-v2,3,14.0,mpi1,mpi2,0.6043247588977532,0.7424495844769163,0.813960666869418,0.6895266118014712,512
walker2d-expert-v2,3,14.0,mpi1,mpi3,0.17843690155632713,0.21922054568387808,0.813960666869418,0.7896358582762535,512
walker2d-expert-v2,3,14.0,mpi2,mpi3,0.5772389668310971,0.7310191916704352,0.6895266118014712,0.7896358582762535,512
walker2d-expert-v2,3,17.0,mpi1,mpi2,0.7725195431700761,0.9363376665777791,0.8250437537064573,0.7892594634831894,512
walker2d-expert-v2,3,17.0,mpi1,mpi3,0.7725195431700761,0.9363376665777791,0.8250437537064573,0.7892594634831894,512
walker2d-expert-v2,3,17.0,mpi2,mpi3,0.0,0.0,0.7892594634831894,0.7892594634831894,512
walker2d-expert-v2,3,20.0,mpi1,mpi2,0.7211021046467292,0.872631689316659,0.8263533326544791,0.7354680103775002,512
walker2d-expert-v2,3,20.0,mpi1,mpi3,0.2014528763110819,0.24378539826778295,0.8263533326544791,0.8202932032840623,512
walker2d-expert-v2,3,20.0,mpi2,mpi3,0.7141526907456824,0.8706066171053912,0.7354680103775002,0.8202932032840623,512
