key,condition,environment,T,seed,tag,host_run_dir,config_path,config_bytes,config_sha256,eval_path,eval_bytes,eval_sha256,checkpoint_path,checkpoint_bytes,checkpoint_sha256,score_column,deployment_d4rl
bar_p4|hopper-medium-v2|T=4|seed=0,bar_p4,hopper-medium-v2,4,0,hopper-medium-v2_tau4_mpi4_seed0,/home/ext_csv/mpi_sweep_lab/p0_bar_two_actor_p4_29fea94/runs/bar_p4/hopper-medium-v2_tau4_mpi4_seed0,/home/ext_csv/mpi_sweep_lab/p0_bar_two_actor_p4_29fea94/runs/bar_p4/hopper-medium-v2_tau4_mpi4_seed0/config.json,709,c7f7a3a27a7a44c0a1bfa16108b919fb660d6ce3ae1616397c6d21fe42e81503,/home/ext_csv/mpi_sweep_lab/p0_bar_two_actor_p4_29fea94/runs/bar_p4/hopper-medium-v2_tau4_mpi4_seed0/eval.csv,226,9809b39225dda960d6f0e342250402303e16bb5a4a5f8be567b38a060b502efe,/home/ext_csv/mpi_sweep_lab/p0_bar_two_actor_p4_29fea94/runs/bar_p4/hopper-medium-v2_tau4_mpi4_seed0/params_1000000.pkl,5863045,4c25bbb74d113c89de8a023d43641d17d89c13138ef718380fb2ff0a2848da9b,d4rl_pi4,58.43276895306132
two_actor_p4|hopper-medium-v2|T=4|seed=0,two_actor_p4,hopper-medium-v2,4,0,hopper-medium-v2_tau4_mcep4_seed0,/home/ext_csv/mpi_sweep_lab/p0_bar_two_actor_p4_29fea94/runs/two_actor_p4/hopper-medium-v2_tau4_mcep4_seed0,/home/ext_csv/mpi_sweep_lab/p0_bar_two_actor_p4_29fea94/runs/two_actor_p4/hopper-medium-v2_tau4_mcep4_seed0/config.json,716,e1baa59212361a2fffd6d1007098219a0cb7ace8c0f0a0c2a3a71f53b532a38a,/home/ext_csv/mpi_sweep_lab/p0_bar_two_actor_p4_29fea94/runs/two_actor_p4/hopper-medium-v2_tau4_mcep4_seed0/eval.csv,225,1ad2ea6be92f663faf4cb7f707b3adfd5d6e3dc7d204211b11bff63fccdf4106,/home/ext_csv/mpi_sweep_lab/p0_bar_two_actor_p4_29fea94/runs/two_actor_p4/hopper-medium-v2_tau4_mcep4_seed0/params_1000000.pkl,4190513,2ab14b0b352781ed285ebf5e2b2ebf628dda13b8c9b59f78b65f8a6c6b9d0bca,d4rl_eval,75.49907526614189
bar_p4|hopper-medium-v2|T=4|seed=1,bar_p4,hopper-medium-v2,4,1,hopper-medium-v2_tau4_mpi4_seed1,/home/ext_csv/mpi_sweep_lab/p0_bar_two_actor_p4_29fea94/runs/bar_p4/hopper-medium-v2_tau4_mpi4_seed1,/home/ext_csv/mpi_sweep_lab/p0_bar_two_actor_p4_29fea94/runs/bar_p4/hopper-medium-v2_tau4_mpi4_seed1/config.json,709,b868fd91e0f4efca30d0ef945296f12e80a9ff721b47310d3a8420a1966bef85,/home/ext_csv/mpi_sweep_lab/p0_bar_two_actor_p4_29fea94/runs/bar_p4/hopper-medium-v2_tau4_mpi4_seed1/eval.csv,224,3fbf4349aded37b25cfb8545c5afd9482e8b25196bb33ce865e9ee44d617d9ff,/home/ext_csv/mpi_sweep_lab/p0_bar_two_actor_p4_29fea94/runs/bar_p4/hopper-medium-v2_tau4_mpi4_seed1/params_1000000.pkl,5863045,a86004530a9b4190850300b6d6dd85c1d7e9a324b0f4f801b8d0da3be7dee6b1,d4rl_pi4,70.98385541587153
two_actor_p4|hopper-medium-v2|T=4|seed=1,two_actor_p4,hopper-medium-v2,4,1,hopper-medium-v2_tau4_mcep4_seed1,/home/ext_csv/mpi_sweep_lab/p0_bar_two_actor_p4_29fea94/runs/two_actor_p4/hopper-medium-v2_tau4_mcep4_seed1,/home/ext_csv/mpi_sweep_lab/p0_bar_two_actor_p4_29fea94/runs/two_actor_p4/hopper-medium-v2_tau4_mcep4_seed1/config.json,716,9a0dcfd63002c590354dc082359a9f7d168765df32304a22d389904ff6ce8dca,/home/ext_csv/mpi_sweep_lab/p0_bar_two_actor_p4_29fea94/runs/two_actor_p4/hopper-medium-v2_tau4_mcep4_seed1/eval.csv,225,3a9e2caaddfb2f2201f538046dab1ae21b9160a57f418fbdc0d6a23f6fd8b96b,/home/ext_csv/mpi_sweep_lab/p0_bar_two_actor_p4_29fea94/runs/two_actor_p4/hopper-medium-v2_tau4_mcep4_seed1/params_1000000.pkl,4190513,5d167436fa2250865497d7db03f0234af3d08f11c784a87683cd7bc1750d0e26,d4rl_eval,57.867585638127984
bar_p4|hopper-medium-v2|T=7|seed=0,bar_p4,hopper-medium-v2,7,0,hopper-medium-v2_tau7_mpi4_seed0,/home/ext_csv/mpi_sweep_lab/p0_bar_two_actor_p4_29fea94/runs/bar_p4/hopper-medium-v2_tau7_mpi4_seed0,/home/ext_csv/mpi_sweep_lab/p0_bar_two_actor_p4_29fea94/runs/bar_p4/hopper-medium-v2_tau7_mpi4_seed0/config.json,709,a9cfd75dd4837b13accb4d665607c6fec8aab2effcd1a7621007794275107dc4,/home/ext_csv/mpi_sweep_lab/p0_bar_two_actor_p4_29fea94/runs/bar_p4/hopper-medium-v2_tau7_mpi4_seed0/eval.csv,223,4c7bdc01ff9b00e93606611c907606b6572a0793fbcd802139982ee4865b5f56,/home/ext_csv/mpi_sweep_lab/p0_bar_two_actor_p4_29fea94/runs/bar_p4/hopper-medium-v2_tau7_mpi4_seed0/params_1000000.pkl,5863045,33688a1a6801d7989e0eed53fd598298267c43f307a648c2e1626f3369dc7ccf,d4rl_pi4,97.42622666302383
two_actor_p4|hopper-medium-v2|T=7|seed=0,two_actor_p4,hopper-medium-v2,7,0,hopper-medium-v2_tau7_mcep4_seed0,/home/ext_csv/mpi_sweep_lab/p0_bar_two_actor_p4_29fea94/runs/two_actor_p4/hopper-medium-v2_tau7_mcep4_seed0,/home/ext_csv/mpi_sweep_lab/p0_bar_two_actor_p4_29fea94/runs/two_actor_p4/hopper-medium-v2_tau7_mcep4_seed0/config.json,716,3c59ccb753dd46c8c99f33699583c3673679dfd989e99ae877a6dfb5fe9fd4b7,/home/ext_csv/mpi_sweep_lab/p0_bar_two_actor_p4_29fea94/runs/two_actor_p4/hopper-medium-v2_tau7_mcep4_seed0/eval.csv,226,0f871a9cf258b2dbffb8c006d390814a2162e00f2547256e78d3a6416155ed00,/home/ext_csv/mpi_sweep_lab/p0_bar_two_actor_p4_29fea94/runs/two_actor_p4/hopper-medium-v2_tau7_mcep4_seed0/params_1000000.pkl,4190513,dd991a7b5a0fc5b43d2c95941c94cec8788bd5784aae1eabb5a38e466738004c,d4rl_eval,98.89577782514104
bar_p4|hopper-medium-v2|T=7|seed=1,bar_p4,hopper-medium-v2,7,1,hopper-medium-v2_tau7_mpi4_seed1,/home/ext_csv/mpi_sweep_lab/p0_bar_two_actor_p4_29fea94/runs/bar_p4/hopper-medium-v2_tau7_mpi4_seed1,/home/ext_csv/mpi_sweep_lab/p0_bar_two_actor_p4_29fea94/runs/bar_p4/hopper-medium-v2_tau7_mpi4_seed1/config.json,825,19cd34867af1bee93fdee89143d5ad7f95c2dc05b66cb1e1fd6fd2cdb3197e25,/home/ext_csv/mpi_sweep_lab/p0_bar_two_actor_p4_29fea94/runs/bar_p4/hopper-medium-v2_tau7_mpi4_seed1/eval.csv,222,6ca34ee0bee4ae4d484ac0f1db7726212cade382aad6fa19bbb76828045d4311,/home/ext_csv/mpi_sweep_lab/p0_bar_two_actor_p4_29fea94/runs/bar_p4/hopper-medium-v2_tau7_mpi4_seed1/params_1000000.pkl,5863163,333d00bd6ed883a1c348c636cabaa88bc6936ee898c5e5d7de4c1d357244814c,d4rl_pi4,83.4861315173573
two_actor_p4|hopper-medium-v2|T=7|seed=1,two_actor_p4,hopper-medium-v2,7,1,hopper-medium-v2_tau7_mcep4_seed1,/home/ext_csv/mpi_sweep_lab/p0_bar_two_actor_p4_29fea94/runs/two_actor_p4/hopper-medium-v2_tau7_mcep4_seed1,/home/ext_csv/mpi_sweep_lab/p0_bar_two_actor_p4_29fea94/runs/two_actor_p4/hopper-medium-v2_tau7_mcep4_seed1/config.json,839,6e4d628ecd9f28b9b1e30bf943954715073fd629700a2ff329bc44473c22fa8b,/home/ext_csv/mpi_sweep_lab/p0_bar_two_actor_p4_29fea94/runs/two_actor_p4/hopper-medium-v2_tau7_mcep4_seed1/eval.csv,227,b390e79748124766bf416455ba01fda5d7097c514192a4261389ceb59d71ff51,/home/ext_csv/mpi_sweep_lab/p0_bar_two_actor_p4_29fea94/runs/two_actor_p4/hopper-medium-v2_tau7_mcep4_seed1/params_1000000.pkl,4190623,0d392f6989999e81cdb9662b6d7461b16c61357b36bc36a79567d32c2c4f5252,d4rl_eval,100.49764317272498
bar_p4|hopper-medium-v2|T=10|seed=0,bar_p4,hopper-medium-v2,10,0,hopper-medium-v2_tau10_mpi4_seed0,/home/ext_csv/mpi_sweep_lab/p0_bar_two_actor_p4_29fea94/runs/bar_p4/hopper-medium-v2_tau10_mpi4_seed0,/home/ext_csv/mpi_sweep_lab/p0_bar_two_actor_p4_29fea94/runs/bar_p4/hopper-medium-v2_tau10_mpi4_seed0/config.json,710,e283fdc455028eaf2e7a3ec13e33915560b4d40c0bc1c588a89568132259e9f6,/home/ext_csv/mpi_sweep_lab/p0_bar_two_actor_p4_29fea94/runs/bar_p4/hopper-medium-v2_tau10_mpi4_seed0/eval.csv,224,4431eefc534f801674176feed3dfe8c3361735b67c2084a47772bd4f8e741b42,/home/ext_csv/mpi_sweep_lab/p0_bar_two_actor_p4_29fea94/runs/bar_p4/hopper-medium-v2_tau10_mpi4_seed0/params_1000000.pkl,5863045,c18b5784bbb5ff656afb5d80ca61d1b5a828853cc6108b710ad009500f1d0f3d,d4rl_pi4,100.62532829809756
two_actor_p4|hopper-medium-v2|T=10|seed=0,two_actor_p4,hopper-medium-v2,10,0,hopper-medium-v2_tau10_mcep4_seed0,/home/ext_csv/mpi_sweep_lab/p0_bar_two_actor_p4_29fea94/runs/two_actor_p4/hopper-medium-v2_tau10_mcep4_seed0,/home/ext_csv/mpi_sweep_lab/p0_bar_two_actor_p4_29fea94/runs/two_actor_p4/hopper-medium-v2_tau10_mcep4_seed0/config.json,717,a2a9c4b894d14e602765b776cd961225ec0673a96cfccf4046ae28073c928e99,/home/ext_csv/mpi_sweep_lab/p0_bar_two_actor_p4_29fea94/runs/two_actor_p4/hopper-medium-v2_tau10_mcep4_seed0/eval.csv,224,97e519e828369c98b4be0c2b7f37f7ee25f56f75477c48fc9d681959ab36cfec,/home/ext_csv/mpi_sweep_lab/p0_bar_two_actor_p4_29fea94/runs/two_actor_p4/hopper-medium-v2_tau10_mcep4_seed0/params_1000000.pkl,4190513,11d881d2cdb89c2d671efbb1858f595689221bb8c08588fb35a4307829be8480,d4rl_eval,99.59075623653766
bar_p4|hopper-medium-v2|T=10|seed=1,bar_p4,hopper-medium-v2,10,1,hopper-medium-v2_tau10_mpi4_seed1,/home/ext_csv/mpi_sweep_lab/p0_bar_two_actor_p4_29fea94/runs/bar_p4/hopper-medium-v2_tau10_mpi4_seed1,/home/ext_csv/mpi_sweep_lab/p0_bar_two_actor_p4_29fea94/runs/bar_p4/hopper-medium-v2_tau10_mpi4_seed1/config.json,710,a62face0e21cce6be804cefa10110c9eedef810fa314583d9a6b66d0bfd14a37,/home/ext_csv/mpi_sweep_lab/p0_bar_two_actor_p4_29fea94/runs/bar_p4/hopper-medium-v2_tau10_mpi4_seed1/eval.csv,225,4d698830b12dcc00051372e56dda24656a72492de2dbb81841e90a6f699ad374,/home/ext_csv/mpi_sweep_lab/p0_bar_two_actor_p4_29fea94/runs/bar_p4/hopper-medium-v2_tau10_mpi4_seed1/params_1000000.pkl,5863045,6aa372aefdb40f3dac09e1f026d781d3bab7e63f4735743c358c1bda69a1acc3,d4rl_pi4,100.74766430811697
two_actor_p4|hopper-medium-v2|T=10|seed=1,two_actor_p4,hopper-medium-v2,10,1,hopper-medium-v2_tau10_mcep4_seed1,/home/ext_csv/mpi_sweep_lab/p0_bar_two_actor_p4_29fea94/runs/two_actor_p4/hopper-medium-v2_tau10_mcep4_seed1,/home/ext_csv/mpi_sweep_lab/p0_bar_two_actor_p4_29fea94/runs/two_actor_p4/hopper-medium-v2_tau10_mcep4_seed1/config.json,717,3de216d7fd8a3e1ea6628a0c4134ccbe363b177315a19fe6558763a78ce5c4f6,/home/ext_csv/mpi_sweep_lab/p0_bar_two_actor_p4_29fea94/runs/two_actor_p4/hopper-medium-v2_tau10_mcep4_seed1/eval.csv,225,611bee4f9147178c63e8bbbca19c6685f48432f6f8099fd343becdf242e595de,/home/ext_csv/mpi_sweep_lab/p0_bar_two_actor_p4_29fea94/runs/two_actor_p4/hopper-medium-v2_tau10_mcep4_seed1/params_1000000.pkl,4190513,6ebbfe48b0b39daa531a6300b8c744a704986b2a138644d5d4bcc99179fdfbde,d4rl_eval,97.84462648280717
bar_p4|hopper-medium-v2|T=14|seed=0,bar_p4,hopper-medium-v2,14,0,hopper-medium-v2_tau14_mpi4_seed0,/home/ext_csv/mpi_sweep_lab/p0_bar_two_actor_p4_29fea94/runs/bar_p4/hopper-medium-v2_tau14_mpi4_seed0,/home/ext_csv/mpi_sweep_lab/p0_bar_two_actor_p4_29fea94/runs/bar_p4/hopper-medium-v2_tau14_mpi4_seed0/config.json,710,679aa7c9934d330f172d6440cccdb216c153abe08a38afbda7e40ae0a9947755,/home/ext_csv/mpi_sweep_lab/p0_bar_two_actor_p4_29fea94/runs/bar_p4/hopper-medium-v2_tau14_mpi4_seed0/eval.csv,224,96d2ba6b1057e65e200d92a3b8a6fb596ac227f1f034aeb698900c5058cbf234,/home/ext_csv/mpi_sweep_lab/p0_bar_two_actor_p4_29fea94/runs/bar_p4/hopper-medium-v2_tau14_mpi4_seed0/params_1000000.pkl,5863045,0ceed413b05e58b8a621449786c897bf563b766ccf8e1f85e0509edb90ac39ce,d4rl_pi4,101.22063075861216
two_actor_p4|hopper-medium-v2|T=14|seed=0,two_actor_p4,hopper-medium-v2,14,0,hopper-medium-v2_tau14_mcep4_seed0,/home/ext_csv/mpi_sweep_lab/p0_bar_two_actor_p4_29fea94/runs/two_actor_p4/hopper-medium-v2_tau14_mcep4_seed0,/home/ext_csv/mpi_sweep_lab/p0_bar_two_actor_p4_29fea94/runs/two_actor_p4/hopper-medium-v2_tau14_mcep4_seed0/config.json,717,18655f602fb79ce3036533c64b3d59c773495c927fc0a0c70f9ab5a105d87374,/home/ext_csv/mpi_sweep_lab/p0_bar_two_actor_p4_29fea94/runs/two_actor_p4/hopper-medium-v2_tau14_mcep4_seed0/eval.csv,228,5e0a5c4eb14def24e99612c0f6a5be542dd6214aa75ba78659b77ee32665707d,/home/ext_csv/mpi_sweep_lab/p0_bar_two_actor_p4_29fea94/runs/two_actor_p4/hopper-medium-v2_tau14_mcep4_seed0/params_1000000.pkl,4190513,6d630dd884ad4b651cee6856c6d837201646aa07d4e70123055890bd42d87e96,d4rl_eval,100.19772054831577
bar_p4|hopper-medium-v2|T=14|seed=1,bar_p4,hopper-medium-v2,14,1,hopper-medium-v2_tau14_mpi4_seed1,/home/ext_csv/mpi_sweep_lab/p0_bar_two_actor_p4_29fea94/runs/bar_p4/hopper-medium-v2_tau14_mpi4_seed1,/home/ext_csv/mpi_sweep_lab/p0_bar_two_actor_p4_29fea94/runs/bar_p4/hopper-medium-v2_tau14_mpi4_seed1/config.json,710,7debd238dfacc588ef72840e680fb50cb654c2de652d78b0209b61fff660a758,/home/ext_csv/mpi_sweep_lab/p0_bar_two_actor_p4_29fea94/runs/bar_p4/hopper-medium-v2_tau14_mpi4_seed1/eval.csv,220,d86bd006abb1cd95a89eb6f268b2c5a208a3e00bf59eb5f884a5d109df1381e9,/home/ext_csv/mpi_sweep_lab/p0_bar_two_actor_p4_29fea94/runs/bar_p4/hopper-medium-v2_tau14_mpi4_seed1/params_1000000.pkl,5863045,fc6fe4c69da3bae72598fda1d87c6042769d8a3b4bae88b26c1ef151a5061064,d4rl_pi4,100.9527563985614
two_actor_p4|hopper-medium-v2|T=14|seed=1,two_actor_p4,hopper-medium-v2,14,1,hopper-medium-v2_tau14_mcep4_seed1,/home/ext_csv/mpi_sweep_lab/p0_bar_two_actor_p4_29fea94/runs/two_actor_p4/hopper-medium-v2_tau14_mcep4_seed1,/home/ext_csv/mpi_sweep_lab/p0_bar_two_actor_p4_29fea94/runs/two_actor_p4/hopper-medium-v2_tau14_mcep4_seed1/config.json,717,86bb6f9597e3daa91543a6f8b9f0fca11d8de6cafe0b17f2adc4e49ac209fe73,/home/ext_csv/mpi_sweep_lab/p0_bar_two_actor_p4_29fea94/runs/two_actor_p4/hopper-medium-v2_tau14_mcep4_seed1/eval.csv,226,85b10d7ee74af3b0ec50a74e0bd74086a3e00a8705e81162010b4146d33ac3e2,/home/ext_csv/mpi_sweep_lab/p0_bar_two_actor_p4_29fea94/runs/two_actor_p4/hopper-medium-v2_tau14_mcep4_seed1/params_1000000.pkl,4190513,689415978b31abe80333764004ca3bb9a6844a5e0163af3ee87d061abe7a499e,d4rl_eval,99.12217542444908
bar_p4|hopper-medium-v2|T=20|seed=0,bar_p4,hopper-medium-v2,20,0,hopper-medium-v2_tau20_mpi4_seed0,/home/ext_csv/mpi_sweep_lab/p0_bar_two_actor_p4_29fea94/runs/bar_p4/hopper-medium-v2_tau20_mpi4_seed0,/home/ext_csv/mpi_sweep_lab/p0_bar_two_actor_p4_29fea94/runs/bar_p4/hopper-medium-v2_tau20_mpi4_seed0/config.json,710,2be5c448e52efe21ba1d733f53c1d12e02a2a63b476d8b6898324dc0ca34e189,/home/ext_csv/mpi_sweep_lab/p0_bar_two_actor_p4_29fea94/runs/bar_p4/hopper-medium-v2_tau20_mpi4_seed0/eval.csv,222,7d11743d75d6379e73966b81a016db98a47866f2bcbc262b42b66450fac30df6,/home/ext_csv/mpi_sweep_lab/p0_bar_two_actor_p4_29fea94/runs/bar_p4/hopper-medium-v2_tau20_mpi4_seed0/params_1000000.pkl,5863045,a2858ba4c62d8ed0c4ef4a2ebe20f41b0482513e5dd2041f1895b9c3eef75edf,d4rl_pi4,101.31860077558706
two_actor_p4|hopper-medium-v2|T=20|seed=0,two_actor_p4,hopper-medium-v2,20,0,hopper-medium-v2_tau20_mcep4_seed0,/home/ext_csv/mpi_sweep_lab/p0_bar_two_actor_p4_29fea94/runs/two_actor_p4/hopper-medium-v2_tau20_mcep4_seed0,/home/ext_csv/mpi_sweep_lab/p0_bar_two_actor_p4_29fea94/runs/two_actor_p4/hopper-medium-v2_tau20_mcep4_seed0/config.json,717,8f807eb5ef29498a1d8f505a218c0c565ba34ff5b56e8ef7b49c48328a805262,/home/ext_csv/mpi_sweep_lab/p0_bar_two_actor_p4_29fea94/runs/two_actor_p4/hopper-medium-v2_tau20_mcep4_seed0/eval.csv,226,61503af2c32bb97fd350f9ec270a0bef3354af3c00039a88687992d879d2ce46,/home/ext_csv/mpi_sweep_lab/p0_bar_two_actor_p4_29fea94/runs/two_actor_p4/hopper-medium-v2_tau20_mcep4_seed0/params_1000000.pkl,4190513,fb8448e1903901d94e2952eb655ffe578c4aada2945d7cedc97e67dfb13e91cd,d4rl_eval,100.82821498138934
bar_p4|hopper-medium-v2|T=20|seed=1,bar_p4,hopper-medium-v2,20,1,hopper-medium-v2_tau20_mpi4_seed1,/home/ext_csv/mpi_sweep_lab/p0_bar_two_actor_p4_29fea94/runs/bar_p4/hopper-medium-v2_tau20_mpi4_seed1,/home/ext_csv/mpi_sweep_lab/p0_bar_two_actor_p4_29fea94/runs/bar_p4/hopper-medium-v2_tau20_mpi4_seed1/config.json,710,4fb62695bd70a8607739c28f6522b2d080eab8a08a41b2906d04e37a2f1c6fce,/home/ext_csv/mpi_sweep_lab/p0_bar_two_actor_p4_29fea94/runs/bar_p4/hopper-medium-v2_tau20_mpi4_seed1/eval.csv,223,381fa04d33fbe7e9597cd1bb5d2c29321fe45d71fbd63f544b1414e9ac47c705,/home/ext_csv/mpi_sweep_lab/p0_bar_two_actor_p4_29fea94/runs/bar_p4/hopper-medium-v2_tau20_mpi4_seed1/params_1000000.pkl,5863045,bc29297aa1d30aafbe680b010b3573d34376f661fdb7c5e3b685f1967fa577ef,d4rl_pi4,47.233420930053626
two_actor_p4|hopper-medium-v2|T=20|seed=1,two_actor_p4,hopper-medium-v2,20,1,hopper-medium-v2_tau20_mcep4_seed1,/home/ext_csv/mpi_sweep_lab/p0_bar_two_actor_p4_29fea94/runs/two_actor_p4/hopper-medium-v2_tau20_mcep4_seed1,/home/ext_csv/mpi_sweep_lab/p0_bar_two_actor_p4_29fea94/runs/two_actor_p4/hopper-medium-v2_tau20_mcep4_seed1/config.json,717,ab5c723040bb24dcc324a274aa09d5ba510cc90c512a6855fd3a5e371af3e80c,/home/ext_csv/mpi_sweep_lab/p0_bar_two_actor_p4_29fea94/runs/two_actor_p4/hopper-medium-v2_tau20_mcep4_seed1/eval.csv,226,9c67e81f658d69259f1464f99a1bdb87feeaf567636aa9895b0ab7d3aaa5b997,/home/ext_csv/mpi_sweep_lab/p0_bar_two_actor_p4_29fea94/runs/two_actor_p4/hopper-medium-v2_tau20_mcep4_seed1/params_1000000.pkl,4190513,d472f64cfaff36f0b04e04194e23afc01e0fb3cf2a96e007dd066bfbb70c070a,d4rl_eval,15.634261821320617
bar_p4|hopper-medium-replay-v2|T=4|seed=0,bar_p4,hopper-medium-replay-v2,4,0,hopper-medium-replay-v2_tau4_mpi4_seed0,/home/ext_csv/mpi_sweep_lab/p0_bar_two_actor_p4_29fea94/runs/bar_p4/hopper-medium-replay-v2_tau4_mpi4_seed0,/home/ext_csv/mpi_sweep_lab/p0_bar_two_actor_p4_29fea94/runs/bar_p4/hopper-medium-replay-v2_tau4_mpi4_seed0/config.json,716,909664c492513a2f1e7e653838d1f1e9c03e3b4c8cc1410877b81fa4e7a5bf9e,/home/ext_csv/mpi_sweep_lab/p0_bar_two_actor_p4_29fea94/runs/bar_p4/hopper-medium-replay-v2_tau4_mpi4_seed0/eval.csv,222,271a68ac0ccf35d4d62952041ecede60a8ad6553ad97cda74856d4e28e17fadb,/home/ext_csv/mpi_sweep_lab/p0_bar_two_actor_p4_29fea94/runs/bar_p4/hopper-medium-replay-v2_tau4_mpi4_seed0/params_1000000.pkl,5863052,380d503b0bff9f9287b8e8991eb85803c6b96f6ec5e5beec46e0df371d9ac11e,d4rl_pi4,98.9611680180423
two_actor_p4|hopper-medium-replay-v2|T=4|seed=0,two_actor_p4,hopper-medium-replay-v2,4,0,hopper-medium-replay-v2_tau4_mcep4_seed0,/home/ext_csv/mpi_sweep_lab/p0_bar_two_actor_p4_29fea94/runs/two_actor_p4/hopper-medium-replay-v2_tau4_mcep4_seed0,/home/ext_csv/mpi_sweep_lab/p0_bar_two_actor_p4_29fea94/runs/two_actor_p4/hopper-medium-replay-v2_tau4_mcep4_seed0/config.json,723,c2c8f1568a87a2e70eb62a76c70cbbe8064ab2410e750bec3a445cea8b5ed324,/home/ext_csv/mpi_sweep_lab/p0_bar_two_actor_p4_29fea94/runs/two_actor_p4/hopper-medium-replay-v2_tau4_mcep4_seed0/eval.csv,224,18c4bb9de2819c9cb5d3c6c1da9f9f4e71aa8666e249e52e34549da9f14f38bc,/home/ext_csv/mpi_sweep_lab/p0_bar_two_actor_p4_29fea94/runs/two_actor_p4/hopper-medium-replay-v2_tau4_mcep4_seed0/params_1000000.pkl,4190520,02fcac937753716c5bc9a5ae41610609fa8441c8c2d6eb3ff1cc766171b7bd1e,d4rl_eval,97.00050424194858
bar_p4|hopper-medium-replay-v2|T=4|seed=1,bar_p4,hopper-medium-replay-v2,4,1,hopper-medium-replay-v2_tau4_mpi4_seed1,/home/ext_csv/mpi_sweep_lab/p0_bar_two_actor_p4_29fea94/runs/bar_p4/hopper-medium-replay-v2_tau4_mpi4_seed1,/home/ext_csv/mpi_sweep_lab/p0_bar_two_actor_p4_29fea94/runs/bar_p4/hopper-medium-replay-v2_tau4_mpi4_seed1/config.json,716,fd9202e9ed5f76a128cdb1bfa20b82fbda2c220f4c0733fd17df8426aae0e6cd,/home/ext_csv/mpi_sweep_lab/p0_bar_two_actor_p4_29fea94/runs/bar_p4/hopper-medium-replay-v2_tau4_mpi4_seed1/eval.csv,225,1ab819be6bcf94904f96739474be4b4ae6bb2f58e3d92b9596e9e1d974a5b23d,/home/ext_csv/mpi_sweep_lab/p0_bar_two_actor_p4_29fea94/runs/bar_p4/hopper-medium-replay-v2_tau4_mpi4_seed1/params_1000000.pkl,5863052,d4cfda952531c0eb9ed94211ab1f2f75a33e59aae2c41a26fdd741e2fc4f531b,d4rl_pi4,98.91208114778853
two_actor_p4|hopper-medium-replay-v2|T=4|seed=1,two_actor_p4,hopper-medium-replay-v2,4,1,hopper-medium-replay-v2_tau4_mcep4_seed1,/home/ext_csv/mpi_sweep_lab/p0_bar_two_actor_p4_29fea94/runs/two_actor_p4/hopper-medium-replay-v2_tau4_mcep4_seed1,/home/ext_csv/mpi_sweep_lab/p0_bar_two_actor_p4_29fea94/runs/two_actor_p4/hopper-medium-replay-v2_tau4_mcep4_seed1/config.json,723,2a2870a492f2828c15e916734aee3c9556b8c7ea3f94fd5e316ffcc77bd5a05d,/home/ext_csv/mpi_sweep_lab/p0_bar_two_actor_p4_29fea94/runs/two_actor_p4/hopper-medium-replay-v2_tau4_mcep4_seed1/eval.csv,226,f0e89ce2de5a3634b47d8e46e81652bd4e34999be385bda89788fec34e88dbb1,/home/ext_csv/mpi_sweep_lab/p0_bar_two_actor_p4_29fea94/runs/two_actor_p4/hopper-medium-replay-v2_tau4_mcep4_seed1/params_1000000.pkl,4190520,3125b4fede02b05b01f13ba1528b5455ca38b4a941f1a22df8aecd7ee1339c97,d4rl_eval,98.3311355640236
bar_p4|hopper-medium-replay-v2|T=7|seed=0,bar_p4,hopper-medium-replay-v2,7,0,hopper-medium-replay-v2_tau7_mpi4_seed0,/home/ext_csv/mpi_sweep_lab/p0_bar_two_actor_p4_29fea94/runs/bar_p4/hopper-medium-replay-v2_tau7_mpi4_seed0,/home/ext_csv/mpi_sweep_lab/p0_bar_two_actor_p4_29fea94/runs/bar_p4/hopper-medium-replay-v2_tau7_mpi4_seed0/config.json,716,fed4a23a03b81a711f3ab3a36757fda6bd88781fcbc03838153d0d3c12e03057,/home/ext_csv/mpi_sweep_lab/p0_bar_two_actor_p4_29fea94/runs/bar_p4/hopper-medium-replay-v2_tau7_mpi4_seed0/eval.csv,225,d92f1a3d69935cd969d160b0a55972a51c5754cc36478aa0c49965a2870216db,/home/ext_csv/mpi_sweep_lab/p0_bar_two_actor_p4_29fea94/runs/bar_p4/hopper-medium-replay-v2_tau7_mpi4_seed0/params_1000000.pkl,5863052,ba4d777597bacbad4d76f1724c0f620b0102a32d85c053b1f5ea4c6f1c0a3d0d,d4rl_pi4,99.53983432161964
two_actor_p4|hopper-medium-replay-v2|T=7|seed=0,two_actor_p4,hopper-medium-replay-v2,7,0,hopper-medium-replay-v2_tau7_mcep4_seed0,/home/ext_csv/mpi_sweep_lab/p0_bar_two_actor_p4_29fea94/runs/two_actor_p4/hopper-medium-replay-v2_tau7_mcep4_seed0,/home/ext_csv/mpi_sweep_lab/p0_bar_two_actor_p4_29fea94/runs/two_actor_p4/hopper-medium-replay-v2_tau7_mcep4_seed0/config.json,723,6b43d4416fe9439964a152910df69f6b02f0b4c7d7620a8322e27c1e1c3b8e13,/home/ext_csv/mpi_sweep_lab/p0_bar_two_actor_p4_29fea94/runs/two_actor_p4/hopper-medium-replay-v2_tau7_mcep4_seed0/eval.csv,224,ab79fc7a0f9057733331bd6af5ae43898ff7582d84a18b174d0810642d16ea10,/home/ext_csv/mpi_sweep_lab/p0_bar_two_actor_p4_29fea94/runs/two_actor_p4/hopper-medium-replay-v2_tau7_mcep4_seed0/params_1000000.pkl,4190520,893cc67f7ddca1d49452880d92cb2bd92c9a2f56978f2195102a0dfb78fd3f21,d4rl_eval,98.508904365612
bar_p4|hopper-medium-replay-v2|T=7|seed=1,bar_p4,hopper-medium-replay-v2,7,1,hopper-medium-replay-v2_tau7_mpi4_seed1,/home/ext_csv/mpi_sweep_lab/p0_bar_two_actor_p4_29fea94/runs/bar_p4/hopper-medium-replay-v2_tau7_mpi4_seed1,/home/ext_csv/mpi_sweep_lab/p0_bar_two_actor_p4_29fea94/runs/bar_p4/hopper-medium-replay-v2_tau7_mpi4_seed1/config.json,716,49e4fe6075176441f203925fdc52eab779d98eb53eaa4dc1cea6246105b6576d,/home/ext_csv/mpi_sweep_lab/p0_bar_two_actor_p4_29fea94/runs/bar_p4/hopper-medium-replay-v2_tau7_mpi4_seed1/eval.csv,225,264e6b605197399ea5779724dddffaf82f1d5560d255bf34c93f496e6a95613d,/home/ext_csv/mpi_sweep_lab/p0_bar_two_actor_p4_29fea94/runs/bar_p4/hopper-medium-replay-v2_tau7_mpi4_seed1/params_1000000.pkl,5863052,53569a44887a2016733772bc254dd8a1e9f49cdcd4f302c355ff3bdb724e3007,d4rl_pi4,100.34107052377894
two_actor_p4|hopper-medium-replay-v2|T=7|seed=1,two_actor_p4,hopper-medium-replay-v2,7,1,hopper-medium-replay-v2_tau7_mcep4_seed1,/home/ext_csv/mpi_sweep_lab/p0_bar_two_actor_p4_29fea94/runs/two_actor_p4/hopper-medium-replay-v2_tau7_mcep4_seed1,/home/ext_csv/mpi_sweep_lab/p0_bar_two_actor_p4_29fea94/runs/two_actor_p4/hopper-medium-replay-v2_tau7_mcep4_seed1/config.json,723,7dba91d656eb832496c8aed66ee8cca623840c06ad5ed8107a7c32af6e839e1c,/home/ext_csv/mpi_sweep_lab/p0_bar_two_actor_p4_29fea94/runs/two_actor_p4/hopper-medium-replay-v2_tau7_mcep4_seed1/eval.csv,227,cae069c327aee163a667b678a3f2df564279f31645b1a3548ed6bea706e61e74,/home/ext_csv/mpi_sweep_lab/p0_bar_two_actor_p4_29fea94/runs/two_actor_p4/hopper-medium-replay-v2_tau7_mcep4_seed1/params_1000000.pkl,4190520,47faea7c72898a16bdaaa3f9b5fbd7b74ea46c82e928dc13c352da3505582e60,d4rl_eval,98.40749143409008
bar_p4|hopper-medium-replay-v2|T=10|seed=0,bar_p4,hopper-medium-replay-v2,10,0,hopper-medium-replay-v2_tau10_mpi4_seed0,/home/ext_csv/mpi_sweep_lab/p0_bar_two_actor_p4_29fea94_cont2_gpu_d923/runs/bar_p4/hopper-medium-replay-v2_tau10_mpi4_seed0,/home/ext_csv/mpi_sweep_lab/p0_bar_two_actor_p4_29fea94_cont2_gpu_d923/runs/bar_p4/hopper-medium-replay-v2_tau10_mpi4_seed0/config.json,732,760398ec2fb0789e77414d4dddb5804a928666d140a6e936a903eb5eab238804,/home/ext_csv/mpi_sweep_lab/p0_bar_two_actor_p4_29fea94_cont2_gpu_d923/runs/bar_p4/hopper-medium-replay-v2_tau10_mpi4_seed0/eval.csv,226,53ef4e50e0ce79e470e4033cb31dc8135fd46ed459862655f47e7b0f0b204c86,/home/ext_csv/mpi_sweep_lab/p0_bar_two_actor_p4_29fea94_cont2_gpu_d923/runs/bar_p4/hopper-medium-replay-v2_tau10_mpi4_seed0/params_1000000.pkl,5863067,95fa8be2e5439c7708acc429dde5034367ef928cf3096282e9a37a8ee6acad28,d4rl_pi4,100.89999788204062
two_actor_p4|hopper-medium-replay-v2|T=10|seed=0,two_actor_p4,hopper-medium-replay-v2,10,0,hopper-medium-replay-v2_tau10_mcep4_seed0,/home/ext_csv/mpi_sweep_lab/p0_bar_two_actor_p4_29fea94/runs/two_actor_p4/hopper-medium-replay-v2_tau10_mcep4_seed0,/home/ext_csv/mpi_sweep_lab/p0_bar_two_actor_p4_29fea94/runs/two_actor_p4/hopper-medium-replay-v2_tau10_mcep4_seed0/config.json,724,528f67821e79e62838d657d098943283f6bf088c9c29250926e7436ffc784c86,/home/ext_csv/mpi_sweep_lab/p0_bar_two_actor_p4_29fea94/runs/two_actor_p4/hopper-medium-replay-v2_tau10_mcep4_seed0/eval.csv,225,08bf296b262ffa121ac61b7f3448b9096d6bff2b9365951b15a94516d8d2813e,/home/ext_csv/mpi_sweep_lab/p0_bar_two_actor_p4_29fea94/runs/two_actor_p4/hopper-medium-replay-v2_tau10_mcep4_seed0/params_1000000.pkl,4190520,df254c3d6c7df282cb71dd6b01f62ee8f945c8c41b1d2c1e9717bb364836b4e9,d4rl_eval,100.24767372969312
bar_p4|hopper-medium-replay-v2|T=10|seed=1,bar_p4,hopper-medium-replay-v2,10,1,hopper-medium-replay-v2_tau10_mpi4_seed1,/home/ext_csv/mpi_sweep_lab/p0_bar_two_actor_p4_29fea94_cont2_gpu_d923/runs/bar_p4/hopper-medium-replay-v2_tau10_mpi4_seed1,/home/ext_csv/mpi_sweep_lab/p0_bar_two_actor_p4_29fea94_cont2_gpu_d923/runs/bar_p4/hopper-medium-replay-v2_tau10_mpi4_seed1/config.json,732,a82467658f74693a48b7569b96831eb3398b1fbd4d498615ab943d23411d3118,/home/ext_csv/mpi_sweep_lab/p0_bar_two_actor_p4_29fea94_cont2_gpu_d923/runs/bar_p4/hopper-medium-replay-v2_tau10_mpi4_seed1/eval.csv,226,5eaf0aa534a6717e7a7b95fe9b58e0a75b723972109858278cf3c5c12ae5dec7,/home/ext_csv/mpi_sweep_lab/p0_bar_two_actor_p4_29fea94_cont2_gpu_d923/runs/bar_p4/hopper-medium-replay-v2_tau10_mpi4_seed1/params_1000000.pkl,5863067,e7f827ecf0e3aaed0fa772d58f597439b77fc47b3ae2565b7cd551ecc60b8db3,d4rl_pi4,100.10534849491484
two_actor_p4|hopper-medium-replay-v2|T=10|seed=1,two_actor_p4,hopper-medium-replay-v2,10,1,hopper-medium-replay-v2_tau10_mcep4_seed1,/home/ext_csv/mpi_sweep_lab/p0_bar_two_actor_p4_29fea94_cont2_gpu_d923/runs/two_actor_p4/hopper-medium-replay-v2_tau10_mcep4_seed1,/home/ext_csv/mpi_sweep_lab/p0_bar_two_actor_p4_29fea94_cont2_gpu_d923/runs/two_actor_p4/hopper-medium-replay-v2_tau10_mcep4_seed1/config.json,739,8127e5770cc0e12958ad3cb5ec3dc27064a55e5e7757b8cc0e4b22dd91936968,/home/ext_csv/mpi_sweep_lab/p0_bar_two_actor_p4_29fea94_cont2_gpu_d923/runs/two_actor_p4/hopper-medium-replay-v2_tau10_mcep4_seed1/eval.csv,225,d08633fa4918aae538abe65f8404af6a92720d626ae3f2ea1ee195d16da7c3e7,/home/ext_csv/mpi_sweep_lab/p0_bar_two_actor_p4_29fea94_cont2_gpu_d923/runs/two_actor_p4/hopper-medium-replay-v2_tau10_mcep4_seed1/params_1000000.pkl,4190535,4000e5ce69f8f0ae9110dc7f51294a78e44c105a71977db512b1fc314329b1f2,d4rl_eval,99.18307627374551
bar_p4|hopper-medium-replay-v2|T=14|seed=0,bar_p4,hopper-medium-replay-v2,14,0,hopper-medium-replay-v2_tau14_mpi4_seed0,/home/ext_csv/mpi_sweep_lab/p0_bar_two_actor_p4_29fea94_cont2_gpu_d923/runs/bar_p4/hopper-medium-replay-v2_tau14_mpi4_seed0,/home/ext_csv/mpi_sweep_lab/p0_bar_two_actor_p4_29fea94_cont2_gpu_d923/runs/bar_p4/hopper-medium-replay-v2_tau14_mpi4_seed0/config.json,732,f7e14829225ae8b549dea93d9a35317090ac9275e707985161b132ee07cfb332,/home/ext_csv/mpi_sweep_lab/p0_bar_two_actor_p4_29fea94_cont2_gpu_d923/runs/bar_p4/hopper-medium-replay-v2_tau14_mpi4_seed0/eval.csv,223,6af3c5d9501f6df8856cd4d0162fb15b235a049105015d969c415b061cce191b,/home/ext_csv/mpi_sweep_lab/p0_bar_two_actor_p4_29fea94_cont2_gpu_d923/runs/bar_p4/hopper-medium-replay-v2_tau14_mpi4_seed0/params_1000000.pkl,5863067,0ac8c09a9116573490af3a7e2bcd7454faa5d70f6115eba458bfd1ffd8a03426,d4rl_pi4,97.39560230161861
two_actor_p4|hopper-medium-replay-v2|T=14|seed=0,two_actor_p4,hopper-medium-replay-v2,14,0,hopper-medium-replay-v2_tau14_mcep4_seed0,/home/ext_csv/mpi_sweep_lab/p0_bar_two_actor_p4_29fea94_cont2_gpu_d923/runs/two_actor_p4/hopper-medium-replay-v2_tau14_mcep4_seed0,/home/ext_csv/mpi_sweep_lab/p0_bar_two_actor_p4_29fea94_cont2_gpu_d923/runs/two_actor_p4/hopper-medium-replay-v2_tau14_mcep4_seed0/config.json,739,495fe0de4ad8440956f06e76a11f8ef66dc4f0ca546891eabbaa7825f6036403,/home/ext_csv/mpi_sweep_lab/p0_bar_two_actor_p4_29fea94_cont2_gpu_d923/runs/two_actor_p4/hopper-medium-replay-v2_tau14_mcep4_seed0/eval.csv,224,e73197601374bc49392627db9999db12e2dff5c042243cbd6316fb1d7f364951,/home/ext_csv/mpi_sweep_lab/p0_bar_two_actor_p4_29fea94_cont2_gpu_d923/runs/two_actor_p4/hopper-medium-replay-v2_tau14_mcep4_seed0/params_1000000.pkl,4190535,335202bb3a59e15f86179109129b23eed78998b2e1321fc66d087450e21d3174,d4rl_eval,98.843842852362
bar_p4|hopper-medium-replay-v2|T=14|seed=1,bar_p4,hopper-medium-replay-v2,14,1,hopper-medium-replay-v2_tau14_mpi4_seed1,/home/ext_csv/mpi_sweep_lab/p0_bar_two_actor_p4_29fea94_cont2_gpu_d923/runs/bar_p4/hopper-medium-replay-v2_tau14_mpi4_seed1,/home/ext_csv/mpi_sweep_lab/p0_bar_two_actor_p4_29fea94_cont2_gpu_d923/runs/bar_p4/hopper-medium-replay-v2_tau14_mpi4_seed1/config.json,732,2d567422ec515e645038c173a357358f2e02a3f87048f2e613fca730187185ec,/home/ext_csv/mpi_sweep_lab/p0_bar_two_actor_p4_29fea94_cont2_gpu_d923/runs/bar_p4/hopper-medium-replay-v2_tau14_mpi4_seed1/eval.csv,222,c5daad533515b458400502c2df9fbe3e2cd2d287b01e4232de5192a17353405c,/home/ext_csv/mpi_sweep_lab/p0_bar_two_actor_p4_29fea94_cont2_gpu_d923/runs/bar_p4/hopper-medium-replay-v2_tau14_mpi4_seed1/params_1000000.pkl,5863067,6060d295a6d578b89eb9828e0dbe1f1b96afbf1110099abcd9ea45f84249cf73,d4rl_pi4,100.11317909454237
two_actor_p4|hopper-medium-replay-v2|T=14|seed=1,two_actor_p4,hopper-medium-replay-v2,14,1,hopper-medium-replay-v2_tau14_mcep4_seed1,/home/ext_csv/mpi_sweep_lab/p0_bar_two_actor_p4_29fea94_cont2_gpu_d923/runs/two_actor_p4/hopper-medium-replay-v2_tau14_mcep4_seed1,/home/ext_csv/mpi_sweep_lab/p0_bar_two_actor_p4_29fea94_cont2_gpu_d923/runs/two_actor_p4/hopper-medium-replay-v2_tau14_mcep4_seed1/config.json,739,fde00984a3f118a17eed0dd1b350a8e0aa7957fc65bae6249a59607e7c4efb90,/home/ext_csv/mpi_sweep_lab/p0_bar_two_actor_p4_29fea94_cont2_gpu_d923/runs/two_actor_p4/hopper-medium-replay-v2_tau14_mcep4_seed1/eval.csv,225,089c1fe555c57954d5a6436dc8fab2aae067ddc87327ae35a9e4a9bf0bd3fa12,/home/ext_csv/mpi_sweep_lab/p0_bar_two_actor_p4_29fea94_cont2_gpu_d923/runs/two_actor_p4/hopper-medium-replay-v2_tau14_mcep4_seed1/params_1000000.pkl,4190535,e51d9108dbce849111c989aa2f57e43fd53a643f6eb9a3ee1dac023754cbe01c,d4rl_eval,99.40337210386619
bar_p4|hopper-medium-replay-v2|T=20|seed=0,bar_p4,hopper-medium-replay-v2,20,0,hopper-medium-replay-v2_tau20_mpi4_seed0,/home/ext_csv/mpi_sweep_lab/p0_bar_two_actor_p4_29fea94_cont2_gpu_d923/runs/bar_p4/hopper-medium-replay-v2_tau20_mpi4_seed0,/home/ext_csv/mpi_sweep_lab/p0_bar_two_actor_p4_29fea94_cont2_gpu_d923/runs/bar_p4/hopper-medium-replay-v2_tau20_mpi4_seed0/config.json,732,fc7b4b699feb6c0f895cb8af07c6be30a171db06cbfb7754c2ddf90a648a5300,/home/ext_csv/mpi_sweep_lab/p0_bar_two_actor_p4_29fea94_cont2_gpu_d923/runs/bar_p4/hopper-medium-replay-v2_tau20_mpi4_seed0/eval.csv,226,bb225ce287333842252acbf064b7089e2d1260a93294041ac84e0b0ab187c148,/home/ext_csv/mpi_sweep_lab/p0_bar_two_actor_p4_29fea94_cont2_gpu_d923/runs/bar_p4/hopper-medium-replay-v2_tau20_mpi4_seed0/params_1000000.pkl,5863067,b52e8d23a0238068345958f26180237177bb133c68c734dceee2e44a9166421b,d4rl_pi4,101.47993276053194
two_actor_p4|hopper-medium-replay-v2|T=20|seed=0,two_actor_p4,hopper-medium-replay-v2,20,0,hopper-medium-replay-v2_tau20_mcep4_seed0,/home/ext_csv/mpi_sweep_lab/p0_bar_two_actor_p4_29fea94_cont2_gpu_d923/runs/two_actor_p4/hopper-medium-replay-v2_tau20_mcep4_seed0,/home/ext_csv/mpi_sweep_lab/p0_bar_two_actor_p4_29fea94_cont2_gpu_d923/runs/two_actor_p4/hopper-medium-replay-v2_tau20_mcep4_seed0/config.json,739,2fa4031e8c3301f3dfb4f2313f54eac0e4eb62adfbab1804aea9e75d362f67f7,/home/ext_csv/mpi_sweep_lab/p0_bar_two_actor_p4_29fea94_cont2_gpu_d923/runs/two_actor_p4/hopper-medium-replay-v2_tau20_mcep4_seed0/eval.csv,224,32f506f3e4dc49bf21193b9d6d7d29543c9dcf9808a5863f37f313e53fcbf987,/home/ext_csv/mpi_sweep_lab/p0_bar_two_actor_p4_29fea94_cont2_gpu_d923/runs/two_actor_p4/hopper-medium-replay-v2_tau20_mcep4_seed0/params_1000000.pkl,4190535,29683deb41fdd5902ede8a8abe8c29fca7abd73ffdca53ff12e33dd114806285,d4rl_eval,100.47301324371732
bar_p4|hopper-medium-replay-v2|T=20|seed=1,bar_p4,hopper-medium-replay-v2,20,1,hopper-medium-replay-v2_tau20_mpi4_seed1,/home/ext_csv/mpi_sweep_lab/p0_bar_two_actor_p4_29fea94_cont2_gpu_d923/runs/bar_p4/hopper-medium-replay-v2_tau20_mpi4_seed1,/home/ext_csv/mpi_sweep_lab/p0_bar_two_actor_p4_29fea94_cont2_gpu_d923/runs/bar_p4/hopper-medium-replay-v2_tau20_mpi4_seed1/config.json,732,9f23b93ef64dcc74bd403ac5f49e8b19c36293bc236b55c89ea9ad63929733af,/home/ext_csv/mpi_sweep_lab/p0_bar_two_actor_p4_29fea94_cont2_gpu_d923/runs/bar_p4/hopper-medium-replay-v2_tau20_mpi4_seed1/eval.csv,224,60e389c5c5d29ca7baf4975eed4f20064eb04f199a78e696a108571bd8a40e50,/home/ext_csv/mpi_sweep_lab/p0_bar_two_actor_p4_29fea94_cont2_gpu_d923/runs/bar_p4/hopper-medium-replay-v2_tau20_mpi4_seed1/params_1000000.pkl,5863067,e413d16a653a494c297a7e7c609b748437021dcc9c534cc0c46efc1e376a5fb4,d4rl_pi4,99.62939967816308
two_actor_p4|hopper-medium-replay-v2|T=20|seed=1,two_actor_p4,hopper-medium-replay-v2,20,1,hopper-medium-replay-v2_tau20_mcep4_seed1,/home/ext_csv/mpi_sweep_lab/p0_bar_two_actor_p4_29fea94_cont2_gpu_d923/runs/two_actor_p4/hopper-medium-replay-v2_tau20_mcep4_seed1,/home/ext_csv/mpi_sweep_lab/p0_bar_two_actor_p4_29fea94_cont2_gpu_d923/runs/two_actor_p4/hopper-medium-replay-v2_tau20_mcep4_seed1/config.json,739,e198ff8270b084566541e7ca8bc9d94f299dcbbd08e0b5585e33e0315a4bba4d,/home/ext_csv/mpi_sweep_lab/p0_bar_two_actor_p4_29fea94_cont2_gpu_d923/runs/two_actor_p4/hopper-medium-replay-v2_tau20_mcep4_seed1/eval.csv,223,608492514f00cbc66c59f3d99e29c7560927d92413b1af9750f85e73d7e8ba09,/home/ext_csv/mpi_sweep_lab/p0_bar_two_actor_p4_29fea94_cont2_gpu_d923/runs/two_actor_p4/hopper-medium-replay-v2_tau20_mcep4_seed1/params_1000000.pkl,4190535,f157d18b2ced80da9c4faebeff20a4b76f25e9a6cb7146b4036716c5f3afc315,d4rl_eval,99.62314250859929
bar_p4|hopper-expert-v2|T=4|seed=0,bar_p4,hopper-expert-v2,4,0,hopper-expert-v2_tau4_mpi4_seed0,/home/ext_csv/mpi_sweep_lab/p0_bar_two_actor_p4_29fea94_cont2_gpu_d923/runs/bar_p4/hopper-expert-v2_tau4_mpi4_seed0,/home/ext_csv/mpi_sweep_lab/p0_bar_two_actor_p4_29fea94_cont2_gpu_d923/runs/bar_p4/hopper-expert-v2_tau4_mpi4_seed0/config.json,724,1770d5e71d86a5f01b7ae1b31a07a2e6d5dea30aceaf8115739503446e75f838,/home/ext_csv/mpi_sweep_lab/p0_bar_two_actor_p4_29fea94_cont2_gpu_d923/runs/bar_p4/hopper-expert-v2_tau4_mpi4_seed0/eval.csv,225,8261b0620bf49b5d59eddbf3cb88d548049c45cfced28b7f16729a6563fd61d8,/home/ext_csv/mpi_sweep_lab/p0_bar_two_actor_p4_29fea94_cont2_gpu_d923/runs/bar_p4/hopper-expert-v2_tau4_mpi4_seed0/params_1000000.pkl,5863060,4934dadbfeadc6a23425de6c13899f7d6bd543997db6b8960f44bbb57047543c,d4rl_pi4,86.94955591873018
two_actor_p4|hopper-expert-v2|T=4|seed=0,two_actor_p4,hopper-expert-v2,4,0,hopper-expert-v2_tau4_mcep4_seed0,/home/ext_csv/mpi_sweep_lab/p0_bar_two_actor_p4_29fea94_cont2_gpu_d923/runs/two_actor_p4/hopper-expert-v2_tau4_mcep4_seed0,/home/ext_csv/mpi_sweep_lab/p0_bar_two_actor_p4_29fea94_cont2_gpu_d923/runs/two_actor_p4/hopper-expert-v2_tau4_mcep4_seed0/config.json,731,04398b826b968b26e548dbd61560d4656889b1e40b88f63fb86eea1f839e4680,/home/ext_csv/mpi_sweep_lab/p0_bar_two_actor_p4_29fea94_cont2_gpu_d923/runs/two_actor_p4/hopper-expert-v2_tau4_mcep4_seed0/eval.csv,229,59bfc5d803b8a9f3927547e420dbf6484ce616721daa8aa56fbcfa55f7dea403,/home/ext_csv/mpi_sweep_lab/p0_bar_two_actor_p4_29fea94_cont2_gpu_d923/runs/two_actor_p4/hopper-expert-v2_tau4_mcep4_seed0/params_1000000.pkl,4190528,8c90b49467933995b5b315fc7d0b0131181e8968cbf835703cc3fd49ca4e653a,d4rl_eval,110.02914030239307
bar_p4|hopper-expert-v2|T=4|seed=1,bar_p4,hopper-expert-v2,4,1,hopper-expert-v2_tau4_mpi4_seed1,/home/ext_csv/mpi_sweep_lab/p0_bar_two_actor_p4_29fea94_cont2_gpu_d923/runs/bar_p4/hopper-expert-v2_tau4_mpi4_seed1,/home/ext_csv/mpi_sweep_lab/p0_bar_two_actor_p4_29fea94_cont2_gpu_d923/runs/bar_p4/hopper-expert-v2_tau4_mpi4_seed1/config.json,724,de7cb1abc5dc4983ca15054e263c053777967532b36da3a5e4dfc4362e7163b9,/home/ext_csv/mpi_sweep_lab/p0_bar_two_actor_p4_29fea94_cont2_gpu_d923/runs/bar_p4/hopper-expert-v2_tau4_mpi4_seed1/eval.csv,225,0cfc91de794557a771fbaa20458ae8038c3625cffdec3033f4b805d2ba4edc3f,/home/ext_csv/mpi_sweep_lab/p0_bar_two_actor_p4_29fea94_cont2_gpu_d923/runs/bar_p4/hopper-expert-v2_tau4_mpi4_seed1/params_1000000.pkl,5863060,96746961fa99fa4dd4b358b3af506138b338a8f8ce377df8e6941e4076b35846,d4rl_pi4,104.9943709308524
two_actor_p4|hopper-expert-v2|T=4|seed=1,two_actor_p4,hopper-expert-v2,4,1,hopper-expert-v2_tau4_mcep4_seed1,/home/ext_csv/mpi_sweep_lab/p0_bar_two_actor_p4_29fea94_cont2_gpu_d923/runs/two_actor_p4/hopper-expert-v2_tau4_mcep4_seed1,/home/ext_csv/mpi_sweep_lab/p0_bar_two_actor_p4_29fea94_cont2_gpu_d923/runs/two_actor_p4/hopper-expert-v2_tau4_mcep4_seed1/config.json,731,74b74705b39b2a9b75a467c76700268326dba1e044fed5aa2cfc93afb46f0503,/home/ext_csv/mpi_sweep_lab/p0_bar_two_actor_p4_29fea94_cont2_gpu_d923/runs/two_actor_p4/hopper-expert-v2_tau4_mcep4_seed1/eval.csv,227,bc3bf6f589b11757e28d31d3ff6f33adcae575fb778a27be9592e540d43c3942,/home/ext_csv/mpi_sweep_lab/p0_bar_two_actor_p4_29fea94_cont2_gpu_d923/runs/two_actor_p4/hopper-expert-v2_tau4_mcep4_seed1/params_1000000.pkl,4190528,c2e6c4dc0e9897a588c32b52fa438ecf576067e4e6a9b5fe7d0ccc41a0f2fd1d,d4rl_eval,99.34457012655672
bar_p4|hopper-expert-v2|T=7|seed=0,bar_p4,hopper-expert-v2,7,0,hopper-expert-v2_tau7_mpi4_seed0,/home/ext_csv/mpi_sweep_lab/p0_bar_two_actor_p4_29fea94_cont2_gpu_d923/runs/bar_p4/hopper-expert-v2_tau7_mpi4_seed0,/home/ext_csv/mpi_sweep_lab/p0_bar_two_actor_p4_29fea94_cont2_gpu_d923/runs/bar_p4/hopper-expert-v2_tau7_mpi4_seed0/config.json,724,d14c3c09531f3978ae2c65edc4848c1bd6cd0abcd144bdc8b9f0e5401fc0e086,/home/ext_csv/mpi_sweep_lab/p0_bar_two_actor_p4_29fea94_cont2_gpu_d923/runs/bar_p4/hopper-expert-v2_tau7_mpi4_seed0/eval.csv,222,ccd91ded073fabc1c3b6bc1ea7702a1324bfd2e593626e4a27c0bdeee43320d7,/home/ext_csv/mpi_sweep_lab/p0_bar_two_actor_p4_29fea94_cont2_gpu_d923/runs/bar_p4/hopper-expert-v2_tau7_mpi4_seed0/params_1000000.pkl,5863060,cf85d669dbf5ff3da195e643f41d220c4f4404d9ea66aca26624de0004f9633b,d4rl_pi4,74.98773707841463
two_actor_p4|hopper-expert-v2|T=7|seed=0,two_actor_p4,hopper-expert-v2,7,0,hopper-expert-v2_tau7_mcep4_seed0,/home/ext_csv/mpi_sweep_lab/p0_bar_two_actor_p4_29fea94_cont2_gpu_d923/runs/two_actor_p4/hopper-expert-v2_tau7_mcep4_seed0,/home/ext_csv/mpi_sweep_lab/p0_bar_two_actor_p4_29fea94_cont2_gpu_d923/runs/two_actor_p4/hopper-expert-v2_tau7_mcep4_seed0/config.json,731,a544bbb147027d620fb0fcc2da1c325ad93bdc62bfe11be4788a08254f17a71b,/home/ext_csv/mpi_sweep_lab/p0_bar_two_actor_p4_29fea94_cont2_gpu_d923/runs/two_actor_p4/hopper-expert-v2_tau7_mcep4_seed0/eval.csv,228,c72ffcffed7c5d20736a5bb0e77b6ce31d5bb1be1b6e59270856ea5b15277fc0,/home/ext_csv/mpi_sweep_lab/p0_bar_two_actor_p4_29fea94_cont2_gpu_d923/runs/two_actor_p4/hopper-expert-v2_tau7_mcep4_seed0/params_1000000.pkl,4190528,c5a2edbc376fbb0e3711afcde0ac27e2ce717fb5c53281f089ca3ae1447f3f45,d4rl_eval,99.49869827831587
bar_p4|hopper-expert-v2|T=7|seed=1,bar_p4,hopper-expert-v2,7,1,hopper-expert-v2_tau7_mpi4_seed1,/home/ext_csv/mpi_sweep_lab/p0_bar_two_actor_p4_29fea94_cont2_gpu_d923/runs/bar_p4/hopper-expert-v2_tau7_mpi4_seed1,/home/ext_csv/mpi_sweep_lab/p0_bar_two_actor_p4_29fea94_cont2_gpu_d923/runs/bar_p4/hopper-expert-v2_tau7_mpi4_seed1/config.json,724,f4c0944d33c32bb42bbd443860afe9fe70884576abc683e9fe691162bf7e2171,/home/ext_csv/mpi_sweep_lab/p0_bar_two_actor_p4_29fea94_cont2_gpu_d923/runs/bar_p4/hopper-expert-v2_tau7_mpi4_seed1/eval.csv,226,6fc3ee3bc060b810b7b1104db50cea7613d2bd77143a629df167a6db64b49ebe,/home/ext_csv/mpi_sweep_lab/p0_bar_two_actor_p4_29fea94_cont2_gpu_d923/runs/bar_p4/hopper-expert-v2_tau7_mpi4_seed1/params_1000000.pkl,5863060,f322b8c770fc2cec182602de6f9adeb8ed6109e92f474b2d36867aba78c4fdf5,d4rl_pi4,102.9978027148157
two_actor_p4|hopper-expert-v2|T=7|seed=1,two_actor_p4,hopper-expert-v2,7,1,hopper-expert-v2_tau7_mcep4_seed1,/home/ext_csv/mpi_sweep_lab/p0_bar_two_actor_p4_29fea94_cont2_gpu_d923/runs/two_actor_p4/hopper-expert-v2_tau7_mcep4_seed1,/home/ext_csv/mpi_sweep_lab/p0_bar_two_actor_p4_29fea94_cont2_gpu_d923/runs/two_actor_p4/hopper-expert-v2_tau7_mcep4_seed1/config.json,731,1eaab7d51f572b091d6d353cd692319876405e71d26e7b0e7472b02a4d9449d3,/home/ext_csv/mpi_sweep_lab/p0_bar_two_actor_p4_29fea94_cont2_gpu_d923/runs/two_actor_p4/hopper-expert-v2_tau7_mcep4_seed1/eval.csv,225,01756e90da96ff1e90bb7c3455dfd396ff3ec63f1da22798d1422a32cc8f476e,/home/ext_csv/mpi_sweep_lab/p0_bar_two_actor_p4_29fea94_cont2_gpu_d923/runs/two_actor_p4/hopper-expert-v2_tau7_mcep4_seed1/params_1000000.pkl,4190528,2b767869bd2d01040d52f1748597392a8aea5c89fbdbf84709dbeadb4bf564cf,d4rl_eval,99.15639842641357
bar_p4|hopper-expert-v2|T=10|seed=0,bar_p4,hopper-expert-v2,10,0,hopper-expert-v2_tau10_mpi4_seed0,/home/ext_csv/mpi_sweep_lab/p0_bar_two_actor_p4_29fea94_cont2_gpu_d923/runs/bar_p4/hopper-expert-v2_tau10_mpi4_seed0,/home/ext_csv/mpi_sweep_lab/p0_bar_two_actor_p4_29fea94_cont2_gpu_d923/runs/bar_p4/hopper-expert-v2_tau10_mpi4_seed0/config.json,725,f8cd2da4f24904a392fd3249b96ec61174ec10fa3a18a172c1413c34c5467506,/home/ext_csv/mpi_sweep_lab/p0_bar_two_actor_p4_29fea94_cont2_gpu_d923/runs/bar_p4/hopper-expert-v2_tau10_mpi4_seed0/eval.csv,224,18129f34427bfdd2ccaeecc8e9f47dd77d0a862623e496e228f3c68de03b701a,/home/ext_csv/mpi_sweep_lab/p0_bar_two_actor_p4_29fea94_cont2_gpu_d923/runs/bar_p4/hopper-expert-v2_tau10_mpi4_seed0/params_1000000.pkl,5863060,51f81441d59524dce5138520603a366434d87fa32a2e61090c2a9f51d6dcee11,d4rl_pi4,81.39103032972368
two_actor_p4|hopper-expert-v2|T=10|seed=0,two_actor_p4,hopper-expert-v2,10,0,hopper-expert-v2_tau10_mcep4_seed0,/home/ext_csv/mpi_sweep_lab/p0_bar_two_actor_p4_29fea94_cont2_gpu_d923/runs/two_actor_p4/hopper-expert-v2_tau10_mcep4_seed0,/home/ext_csv/mpi_sweep_lab/p0_bar_two_actor_p4_29fea94_cont2_gpu_d923/runs/two_actor_p4/hopper-expert-v2_tau10_mcep4_seed0/config.json,732,395028b628a960f9b2eae0dcd40570de50e079fc951cc12d1a6c9f780336d5b3,/home/ext_csv/mpi_sweep_lab/p0_bar_two_actor_p4_29fea94_cont2_gpu_d923/runs/two_actor_p4/hopper-expert-v2_tau10_mcep4_seed0/eval.csv,227,34beeb3e0eb1cf5e01aa17cb2a2b7b3ef7ce1239773cb59001eb754505740982,/home/ext_csv/mpi_sweep_lab/p0_bar_two_actor_p4_29fea94_cont2_gpu_d923/runs/two_actor_p4/hopper-expert-v2_tau10_mcep4_seed0/params_1000000.pkl,4190528,28394e42e1aaf52023c81836c8240c82adc91d6ceecec2eaabb714f8c7adc1f2,d4rl_eval,108.16737517961369
bar_p4|hopper-expert-v2|T=10|seed=1,bar_p4,hopper-expert-v2,10,1,hopper-expert-v2_tau10_mpi4_seed1,/home/ext_csv/mpi_sweep_lab/p0_bar_two_actor_p4_29fea94_cont2_gpu_d923/runs/bar_p4/hopper-expert-v2_tau10_mpi4_seed1,/home/ext_csv/mpi_sweep_lab/p0_bar_two_actor_p4_29fea94_cont2_gpu_d923/runs/bar_p4/hopper-expert-v2_tau10_mpi4_seed1/config.json,725,2701ff5887e7d053ef5bca48d9c516bb7cac10ac7c1d9854a218da2c622026fc,/home/ext_csv/mpi_sweep_lab/p0_bar_two_actor_p4_29fea94_cont2_gpu_d923/runs/bar_p4/hopper-expert-v2_tau10_mpi4_seed1/eval.csv,225,bb305c243cedbe164d585d6ca1ddb40aa608befaf3acce6e23e2d9711ece1a7c,/home/ext_csv/mpi_sweep_lab/p0_bar_two_actor_p4_29fea94_cont2_gpu_d923/runs/bar_p4/hopper-expert-v2_tau10_mpi4_seed1/params_1000000.pkl,5863060,7fb0cd4a9b7259187baae09587141fe05649f34ca4769f34127c62dbe9245319,d4rl_pi4,38.803137656180745
two_actor_p4|hopper-expert-v2|T=10|seed=1,two_actor_p4,hopper-expert-v2,10,1,hopper-expert-v2_tau10_mcep4_seed1,/home/ext_csv/mpi_sweep_lab/p0_bar_two_actor_p4_29fea94_cont2_gpu_d923/runs/two_actor_p4/hopper-expert-v2_tau10_mcep4_seed1,/home/ext_csv/mpi_sweep_lab/p0_bar_two_actor_p4_29fea94_cont2_gpu_d923/runs/two_actor_p4/hopper-expert-v2_tau10_mcep4_seed1/config.json,732,904d76403b61eb2e64e7a189ff0d67f8120530817abc573379d7f16e5d44dae8,/home/ext_csv/mpi_sweep_lab/p0_bar_two_actor_p4_29fea94_cont2_gpu_d923/runs/two_actor_p4/hopper-expert-v2_tau10_mcep4_seed1/eval.csv,226,a63fec9cbf9ffacc64515eb3bd803aba9edc7dac5b00ce8a2b694636973c8594,/home/ext_csv/mpi_sweep_lab/p0_bar_two_actor_p4_29fea94_cont2_gpu_d923/runs/two_actor_p4/hopper-expert-v2_tau10_mcep4_seed1/params_1000000.pkl,4190528,a9fdf658b85802e247d396072781f85a8b64be515e302c64fd48a91fbbeb4f57,d4rl_eval,81.62472913557953
bar_p4|hopper-expert-v2|T=14|seed=0,bar_p4,hopper-expert-v2,14,0,hopper-expert-v2_tau14_mpi4_seed0,/home/ext_csv/mpi_sweep_lab/p0_bar_two_actor_p4_29fea94_cont2_gpu_d923/runs/bar_p4/hopper-expert-v2_tau14_mpi4_seed0,/home/ext_csv/mpi_sweep_lab/p0_bar_two_actor_p4_29fea94_cont2_gpu_d923/runs/bar_p4/hopper-expert-v2_tau14_mpi4_seed0/config.json,857,40324ebe709ba0f4294773beafee2fb8dc231e330c0d75ef03bad27cb684e89c,/home/ext_csv/mpi_sweep_lab/p0_bar_two_actor_p4_29fea94_cont2_gpu_d923/runs/bar_p4/hopper-expert-v2_tau14_mpi4_seed0/eval.csv,223,f7b6d1d8c2a53be7d04c4e2cb4808fc2ac1b81c4deb4e586932e4f95ab32e36c,/home/ext_csv/mpi_sweep_lab/p0_bar_two_actor_p4_29fea94_cont2_gpu_d923/runs/bar_p4/hopper-expert-v2_tau14_mpi4_seed0/params_1000000.pkl,5863179,c5adbd087e19ff6d5c0295dbe4b0a8321357d78e0934a75e9f97316c90fb1c65,d4rl_pi4,45.30764331021571
two_actor_p4|hopper-expert-v2|T=14|seed=0,two_actor_p4,hopper-expert-v2,14,0,hopper-expert-v2_tau14_mcep4_seed0,/home/ext_csv/mpi_sweep_lab/p0_bar_two_actor_p4_29fea94_cont2_gpu_d923/runs/two_actor_p4/hopper-expert-v2_tau14_mcep4_seed0,/home/ext_csv/mpi_sweep_lab/p0_bar_two_actor_p4_29fea94_cont2_gpu_d923/runs/two_actor_p4/hopper-expert-v2_tau14_mcep4_seed0/config.json,871,7d3b1ebcae3953b56336963dc492104a46118df851696151c47ca7e1e13d4b44,/home/ext_csv/mpi_sweep_lab/p0_bar_two_actor_p4_29fea94_cont2_gpu_d923/runs/two_actor_p4/hopper-expert-v2_tau14_mcep4_seed0/eval.csv,224,a0023b99c9473c1188fed9a956d763d646f01f22ccb2464f9f0524c8353a9d23,/home/ext_csv/mpi_sweep_lab/p0_bar_two_actor_p4_29fea94_cont2_gpu_d923/runs/two_actor_p4/hopper-expert-v2_tau14_mcep4_seed0/params_1000000.pkl,4190639,7d8a92dcd52165b62a710b2ef35594972c5e4bc2a6a333c5f771e58f5946de5a,d4rl_eval,1.818401049624143
bar_p4|hopper-expert-v2|T=14|seed=1,bar_p4,hopper-expert-v2,14,1,hopper-expert-v2_tau14_mpi4_seed1,/home/ext_csv/mpi_sweep_lab/p0_bar_two_actor_p4_29fea94_cont2_gpu_d923/runs/bar_p4/hopper-expert-v2_tau14_mpi4_seed1,/home/ext_csv/mpi_sweep_lab/p0_bar_two_actor_p4_29fea94_cont2_gpu_d923/runs/bar_p4/hopper-expert-v2_tau14_mpi4_seed1/config.json,725,65d090f561abe9ed2eb2b47bda230d5c45a4d2d2c42b1eced632cbdf3e51638e,/home/ext_csv/mpi_sweep_lab/p0_bar_two_actor_p4_29fea94_cont2_gpu_d923/runs/bar_p4/hopper-expert-v2_tau14_mpi4_seed1/eval.csv,223,ac42b8e06e27b6e66de98c2dd7962d98352b73d1e40f5f26e36b9ac9574c945e,/home/ext_csv/mpi_sweep_lab/p0_bar_two_actor_p4_29fea94_cont2_gpu_d923/runs/bar_p4/hopper-expert-v2_tau14_mpi4_seed1/params_1000000.pkl,5863060,5f75ec800e91c857f206fe546bf378e7afe7c325d00d087b2f51039d9afd4dfd,d4rl_pi4,1.7686955716754882
two_actor_p4|hopper-expert-v2|T=14|seed=1,two_actor_p4,hopper-expert-v2,14,1,hopper-expert-v2_tau14_mcep4_seed1,/home/ext_csv/mpi_sweep_lab/p0_bar_two_actor_p4_29fea94_cont2_gpu_d923/runs/two_actor_p4/hopper-expert-v2_tau14_mcep4_seed1,/home/ext_csv/mpi_sweep_lab/p0_bar_two_actor_p4_29fea94_cont2_gpu_d923/runs/two_actor_p4/hopper-expert-v2_tau14_mcep4_seed1/config.json,732,74697329824d6bc39e29deb4ea88373cbe222154a65836fb2e99756f9384ecc4,/home/ext_csv/mpi_sweep_lab/p0_bar_two_actor_p4_29fea94_cont2_gpu_d923/runs/two_actor_p4/hopper-expert-v2_tau14_mcep4_seed1/eval.csv,227,5b78ea3efa45db4123a3fd86bc8c64ad45686c65a10360e98951746df7df1238,/home/ext_csv/mpi_sweep_lab/p0_bar_two_actor_p4_29fea94_cont2_gpu_d923/runs/two_actor_p4/hopper-expert-v2_tau14_mcep4_seed1/params_1000000.pkl,4190528,4347f3372f24feb0441821e12b25f93378b30292f181f8707629ef3a52f7aa00,d4rl_eval,66.60117032833058
bar_p4|hopper-expert-v2|T=20|seed=0,bar_p4,hopper-expert-v2,20,0,hopper-expert-v2_tau20_mpi4_seed0,/home/ext_csv/mpi_sweep_lab/p0_bar_two_actor_p4_29fea94_cont2_gpu_d923/runs/bar_p4/hopper-expert-v2_tau20_mpi4_seed0,/home/ext_csv/mpi_sweep_lab/p0_bar_two_actor_p4_29fea94_cont2_gpu_d923/runs/bar_p4/hopper-expert-v2_tau20_mpi4_seed0/config.json,725,044b0c57932d4a27fbdb37d85600509b86b1ca77096fea88fcd874154aacc379,/home/ext_csv/mpi_sweep_lab/p0_bar_two_actor_p4_29fea94_cont2_gpu_d923/runs/bar_p4/hopper-expert-v2_tau20_mpi4_seed0/eval.csv,221,75ffe896560a4bed28d431e796d9cb2a220be8f8500f3d312a4e4397a625d207,/home/ext_csv/mpi_sweep_lab/p0_bar_two_actor_p4_29fea94_cont2_gpu_d923/runs/bar_p4/hopper-expert-v2_tau20_mpi4_seed0/params_1000000.pkl,5863060,8a56280abc545b59e372f23b1e268bc9e7641610fd2579c8917e6cc7f88d3dfb,d4rl_pi4,0.7850109539935497
two_actor_p4|hopper-expert-v2|T=20|seed=0,two_actor_p4,hopper-expert-v2,20,0,hopper-expert-v2_tau20_mcep4_seed0,/home/ext_csv/mpi_sweep_lab/p0_bar_two_actor_p4_29fea94_cont2_gpu_d923/runs/two_actor_p4/hopper-expert-v2_tau20_mcep4_seed0,/home/ext_csv/mpi_sweep_lab/p0_bar_two_actor_p4_29fea94_cont2_gpu_d923/runs/two_actor_p4/hopper-expert-v2_tau20_mcep4_seed0/config.json,732,3d093006d8f982976f05c68340b7c9cba1510aaac9d2c72b6898d47fdba59c2a,/home/ext_csv/mpi_sweep_lab/p0_bar_two_actor_p4_29fea94_cont2_gpu_d923/runs/two_actor_p4/hopper-expert-v2_tau20_mcep4_seed0/eval.csv,229,7d208183c93eee1c0286b6f17b4284643f8ca937de88b34eb65d023348bc7370,/home/ext_csv/mpi_sweep_lab/p0_bar_two_actor_p4_29fea94_cont2_gpu_d923/runs/two_actor_p4/hopper-expert-v2_tau20_mcep4_seed0/params_1000000.pkl,4190528,0dec3a84fc9bdcc101e9ddd1bb22d24aa4dc5ff7f2dd4f9dc1fa73d7ed526db0,d4rl_eval,1.8196078126231339
bar_p4|hopper-expert-v2|T=20|seed=1,bar_p4,hopper-expert-v2,20,1,hopper-expert-v2_tau20_mpi4_seed1,/home/ext_csv/mpi_sweep_lab/p0_bar_two_actor_p4_29fea94_cont2_gpu_d923/runs/bar_p4/hopper-expert-v2_tau20_mpi4_seed1,/home/ext_csv/mpi_sweep_lab/p0_bar_two_actor_p4_29fea94_cont2_gpu_d923/runs/bar_p4/hopper-expert-v2_tau20_mpi4_seed1/config.json,725,f778c1d88bc7a1afbbe3377044dc9a216cb940ffc3c610664c80829a09c2361a,/home/ext_csv/mpi_sweep_lab/p0_bar_two_actor_p4_29fea94_cont2_gpu_d923/runs/bar_p4/hopper-expert-v2_tau20_mpi4_seed1/eval.csv,216,9d0e6503d305ccb59b248def81855c1039b2a93c62a21bbdca3c2c2200c74ddd,/home/ext_csv/mpi_sweep_lab/p0_bar_two_actor_p4_29fea94_cont2_gpu_d923/runs/bar_p4/hopper-expert-v2_tau20_mpi4_seed1/params_1000000.pkl,5863060,6eb3cb536309f453caaa8c1aea4d0f263c9e67b002e5a334db823b4fbede41b6,d4rl_pi4,7.796362944909135
two_actor_p4|hopper-expert-v2|T=20|seed=1,two_actor_p4,hopper-expert-v2,20,1,hopper-expert-v2_tau20_mcep4_seed1,/home/ext_csv/mpi_sweep_lab/p0_bar_two_actor_p4_29fea94_cont2_gpu_d923/runs/two_actor_p4/hopper-expert-v2_tau20_mcep4_seed1,/home/ext_csv/mpi_sweep_lab/p0_bar_two_actor_p4_29fea94_cont2_gpu_d923/runs/two_actor_p4/hopper-expert-v2_tau20_mcep4_seed1/config.json,732,d3fdaac5b66192813c2d552c72f91ad76d91051b85ab9da427d4ca7996865bb6,/home/ext_csv/mpi_sweep_lab/p0_bar_two_actor_p4_29fea94_cont2_gpu_d923/runs/two_actor_p4/hopper-expert-v2_tau20_mcep4_seed1/eval.csv,228,f0bf13f693b15c4156df13f6971317a0f3bbb9b8a00e6f128b9becf5068cf5c6,/home/ext_csv/mpi_sweep_lab/p0_bar_two_actor_p4_29fea94_cont2_gpu_d923/runs/two_actor_p4/hopper-expert-v2_tau20_mcep4_seed1/params_1000000.pkl,4190528,b15c3682d15929b2f1217ee969ae2b8f2d5e06c8c62e6d3d24ce052c041b2633,d4rl_eval,1.819903610444258
bar_p4|halfcheetah-medium-v2|T=4|seed=0,bar_p4,halfcheetah-medium-v2,4,0,halfcheetah-medium-v2_tau4_mpi4_seed0,/home/ext_csv/mpi_sweep_lab/p0_bar_two_actor_p4_29fea94_cont2_gpu_d923/runs/bar_p4/halfcheetah-medium-v2_tau4_mpi4_seed0,/home/ext_csv/mpi_sweep_lab/p0_bar_two_actor_p4_29fea94_cont2_gpu_d923/runs/bar_p4/halfcheetah-medium-v2_tau4_mpi4_seed0/config.json,729,201b23fec195cf88f18071a45c6137e35c2e240fb887c74539df3908ebd6e887,/home/ext_csv/mpi_sweep_lab/p0_bar_two_actor_p4_29fea94_cont2_gpu_d923/runs/bar_p4/halfcheetah-medium-v2_tau4_mpi4_seed0/eval.csv,224,ddbdbd6d909ce9331ba614c3e9774bca0e01960d022a8a192be2af5278b5f062,/home/ext_csv/mpi_sweep_lab/p0_bar_two_actor_p4_29fea94_cont2_gpu_d923/runs/bar_p4/halfcheetah-medium-v2_tau4_mpi4_seed0/params_1000000.pkl,6056805,5e3cafdac489cd1ce323c654175cc5ad8082c63f067dd1e3800d656ff26f7b4b,d4rl_pi4,52.74645367754266
two_actor_p4|halfcheetah-medium-v2|T=4|seed=0,two_actor_p4,halfcheetah-medium-v2,4,0,halfcheetah-medium-v2_tau4_mcep4_seed0,/home/ext_csv/mpi_sweep_lab/p0_bar_two_actor_p4_29fea94_cont2_gpu_d923/runs/two_actor_p4/halfcheetah-medium-v2_tau4_mcep4_seed0,/home/ext_csv/mpi_sweep_lab/p0_bar_two_actor_p4_29fea94_cont2_gpu_d923/runs/two_actor_p4/halfcheetah-medium-v2_tau4_mcep4_seed0/config.json,736,3ca6909638cff4d93765e0c3e2e2733e9156d1939d4bd181ffca2b23c175e09a,/home/ext_csv/mpi_sweep_lab/p0_bar_two_actor_p4_29fea94_cont2_gpu_d923/runs/two_actor_p4/halfcheetah-medium-v2_tau4_mcep4_seed0/eval.csv,224,7449e1eb9e924821d0771bfcf638df7d9de178860b1e04de219f1b12138a8c78,/home/ext_csv/mpi_sweep_lab/p0_bar_two_actor_p4_29fea94_cont2_gpu_d923/runs/two_actor_p4/halfcheetah-medium-v2_tau4_mcep4_seed0/params_1000000.pkl,4328905,d4db1289494afc4c3c2fc4fe1c6309306a0854500dabc62aba05eda472047fd0,d4rl_eval,52.962581912272455
bar_p4|halfcheetah-medium-v2|T=4|seed=1,bar_p4,halfcheetah-medium-v2,4,1,halfcheetah-medium-v2_tau4_mpi4_seed1,/home/ext_csv/mpi_sweep_lab/p0_bar_two_actor_p4_29fea94_cont2_gpu_d923/runs/bar_p4/halfcheetah-medium-v2_tau4_mpi4_seed1,/home/ext_csv/mpi_sweep_lab/p0_bar_two_actor_p4_29fea94_cont2_gpu_d923/runs/bar_p4/halfcheetah-medium-v2_tau4_mpi4_seed1/config.json,729,3423eb93bd1c15aa857171bded73d59bbba2a4433171d44c461d027cc2c071ba,/home/ext_csv/mpi_sweep_lab/p0_bar_two_actor_p4_29fea94_cont2_gpu_d923/runs/bar_p4/halfcheetah-medium-v2_tau4_mpi4_seed1/eval.csv,224,264f6950b5c9b7c014c9dfca5965e6e4012bb928de4369049afc65003313f083,/home/ext_csv/mpi_sweep_lab/p0_bar_two_actor_p4_29fea94_cont2_gpu_d923/runs/bar_p4/halfcheetah-medium-v2_tau4_mpi4_seed1/params_1000000.pkl,6056805,709ad3caf0de4f8d7cf356baae66a430aad858e9b83d59828f7c8fa44d48c86b,d4rl_pi4,53.07063486494371
two_actor_p4|halfcheetah-medium-v2|T=4|seed=1,two_actor_p4,halfcheetah-medium-v2,4,1,halfcheetah-medium-v2_tau4_mcep4_seed1,/home/ext_csv/mpi_sweep_lab/p0_bar_two_actor_p4_29fea94_cont2_gpu_d923/runs/two_actor_p4/halfcheetah-medium-v2_tau4_mcep4_seed1,/home/ext_csv/mpi_sweep_lab/p0_bar_two_actor_p4_29fea94_cont2_gpu_d923/runs/two_actor_p4/halfcheetah-medium-v2_tau4_mcep4_seed1/config.json,736,3598aec78777caf1eeb69bfc449c08ddd234e8c09c8f6d8bcaaf0559351b4960,/home/ext_csv/mpi_sweep_lab/p0_bar_two_actor_p4_29fea94_cont2_gpu_d923/runs/two_actor_p4/halfcheetah-medium-v2_tau4_mcep4_seed1/eval.csv,225,dff7acc469c42d1af70be25a15018e9a8ee915e0cfc3a5af07fe3faa0581b692,/home/ext_csv/mpi_sweep_lab/p0_bar_two_actor_p4_29fea94_cont2_gpu_d923/runs/two_actor_p4/halfcheetah-medium-v2_tau4_mcep4_seed1/params_1000000.pkl,4328905,2423c06591b8afdebb23ec9e2a13885b79e36ffada1fc0d9da41cbe1adbee1f1,d4rl_eval,53.16662390378315
bar_p4|halfcheetah-medium-v2|T=7|seed=0,bar_p4,halfcheetah-medium-v2,7,0,halfcheetah-medium-v2_tau7_mpi4_seed0,/home/ext_csv/mpi_sweep_lab/p0_bar_two_actor_p4_29fea94_cont2_gpu_d923/runs/bar_p4/halfcheetah-medium-v2_tau7_mpi4_seed0,/home/ext_csv/mpi_sweep_lab/p0_bar_two_actor_p4_29fea94_cont2_gpu_d923/runs/bar_p4/halfcheetah-medium-v2_tau7_mpi4_seed0/config.json,729,ed45cb49c8a103ed9051b0085b5670fc6b710bd4c24c89571dc01030bd2492bd,/home/ext_csv/mpi_sweep_lab/p0_bar_two_actor_p4_29fea94_cont2_gpu_d923/runs/bar_p4/halfcheetah-medium-v2_tau7_mpi4_seed0/eval.csv,225,313f207bd07653f45fffe359d9a9c468cc49d259cfb613fd212d2d145b277a95,/home/ext_csv/mpi_sweep_lab/p0_bar_two_actor_p4_29fea94_cont2_gpu_d923/runs/bar_p4/halfcheetah-medium-v2_tau7_mpi4_seed0/params_1000000.pkl,6056805,de88e483eb078ac925e1942b4e01256800282d6957d6c3adfd476184ba24b5f8,d4rl_pi4,56.355928183990834
two_actor_p4|halfcheetah-medium-v2|T=7|seed=0,two_actor_p4,halfcheetah-medium-v2,7,0,halfcheetah-medium-v2_tau7_mcep4_seed0,/home/ext_csv/mpi_sweep_lab/p0_bar_two_actor_p4_29fea94_cont2_gpu_d923/runs/two_actor_p4/halfcheetah-medium-v2_tau7_mcep4_seed0,/home/ext_csv/mpi_sweep_lab/p0_bar_two_actor_p4_29fea94_cont2_gpu_d923/runs/two_actor_p4/halfcheetah-medium-v2_tau7_mcep4_seed0/config.json,736,6eb839fe98c1ec3bccf2d23d746d88175b8b871fafe0cfdffeb9c4c3d70e6f16,/home/ext_csv/mpi_sweep_lab/p0_bar_two_actor_p4_29fea94_cont2_gpu_d923/runs/two_actor_p4/halfcheetah-medium-v2_tau7_mcep4_seed0/eval.csv,227,5eb3ce57aa6dc13a15977f3e239bbf1ae62b1f75769777d8daf9fc0197546721,/home/ext_csv/mpi_sweep_lab/p0_bar_two_actor_p4_29fea94_cont2_gpu_d923/runs/two_actor_p4/halfcheetah-medium-v2_tau7_mcep4_seed0/params_1000000.pkl,4328905,7b4de3f19e691197bbd59143b283a3a3b1ed7b8fc7a1bcd800aaa518c84fc2bb,d4rl_eval,56.30589004601343
bar_p4|halfcheetah-medium-v2|T=7|seed=1,bar_p4,halfcheetah-medium-v2,7,1,halfcheetah-medium-v2_tau7_mpi4_seed1,/home/ext_csv/mpi_sweep_lab/p0_bar_two_actor_p4_29fea94_cont2_gpu_d923/runs/bar_p4/halfcheetah-medium-v2_tau7_mpi4_seed1,/home/ext_csv/mpi_sweep_lab/p0_bar_two_actor_p4_29fea94_cont2_gpu_d923/runs/bar_p4/halfcheetah-medium-v2_tau7_mpi4_seed1/config.json,729,bc1f5a3e85037950424c7f46789e98e81614d4f4f08da5e8fc4ccfb51c09f41c,/home/ext_csv/mpi_sweep_lab/p0_bar_two_actor_p4_29fea94_cont2_gpu_d923/runs/bar_p4/halfcheetah-medium-v2_tau7_mpi4_seed1/eval.csv,224,abf0809495d18f4d6bbbf017098b0debf0f5ce1766a6d6beeb694e4db04c86f3,/home/ext_csv/mpi_sweep_lab/p0_bar_two_actor_p4_29fea94_cont2_gpu_d923/runs/bar_p4/halfcheetah-medium-v2_tau7_mpi4_seed1/params_1000000.pkl,6056805,e22358d7b7edb1b5ae5cbf9cb3e0ba5fbd8d2e1c7ecb41c37dc0f74418bcb274,d4rl_pi4,57.16246090628708
two_actor_p4|halfcheetah-medium-v2|T=7|seed=1,two_actor_p4,halfcheetah-medium-v2,7,1,halfcheetah-medium-v2_tau7_mcep4_seed1,/home/ext_csv/mpi_sweep_lab/p0_bar_two_actor_p4_29fea94_cont2_gpu_d923/runs/two_actor_p4/halfcheetah-medium-v2_tau7_mcep4_seed1,/home/ext_csv/mpi_sweep_lab/p0_bar_two_actor_p4_29fea94_cont2_gpu_d923/runs/two_actor_p4/halfcheetah-medium-v2_tau7_mcep4_seed1/config.json,736,0c463b69b0647e0a28492e9ecf9ba4b30db35d9e4b38bbed4225182004f29945,/home/ext_csv/mpi_sweep_lab/p0_bar_two_actor_p4_29fea94_cont2_gpu_d923/runs/two_actor_p4/halfcheetah-medium-v2_tau7_mcep4_seed1/eval.csv,227,9d45f719160ce7af7427e995404436c352fc8e01add2e458c86a03b7c60a47b5,/home/ext_csv/mpi_sweep_lab/p0_bar_two_actor_p4_29fea94_cont2_gpu_d923/runs/two_actor_p4/halfcheetah-medium-v2_tau7_mcep4_seed1/params_1000000.pkl,4328905,80cc96e0f75fa4caff231725aeb557f5e609825eef93ebc756c782de0d88a237,d4rl_eval,56.133838026397676
bar_p4|halfcheetah-medium-v2|T=10|seed=0,bar_p4,halfcheetah-medium-v2,10,0,halfcheetah-medium-v2_tau10_mpi4_seed0,/home/ext_csv/mpi_sweep_lab/p0_bar_two_actor_p4_29fea94_cont2_gpu_d923/runs/bar_p4/halfcheetah-medium-v2_tau10_mpi4_seed0,/home/ext_csv/mpi_sweep_lab/p0_bar_two_actor_p4_29fea94_cont2_gpu_d923/runs/bar_p4/halfcheetah-medium-v2_tau10_mpi4_seed0/config.json,730,81b05550bb7cab3b74aa7d943241038ee5547979cab4b25d024eca6b12fdff95,/home/ext_csv/mpi_sweep_lab/p0_bar_two_actor_p4_29fea94_cont2_gpu_d923/runs/bar_p4/halfcheetah-medium-v2_tau10_mpi4_seed0/eval.csv,223,77b2ad85baf062e9f5ecdb94767068922a91a87847f95aba57e25f1e6cbcbb9d,/home/ext_csv/mpi_sweep_lab/p0_bar_two_actor_p4_29fea94_cont2_gpu_d923/runs/bar_p4/halfcheetah-medium-v2_tau10_mpi4_seed0/params_1000000.pkl,6056805,284da71dee65dc1cdad33c197fccc12b84f4898cc66b9a7ccf3a9153b206998e,d4rl_pi4,57.82220343076596
two_actor_p4|halfcheetah-medium-v2|T=10|seed=0,two_actor_p4,halfcheetah-medium-v2,10,0,halfcheetah-medium-v2_tau10_mcep4_seed0,/home/ext_csv/mpi_sweep_lab/p0_bar_two_actor_p4_29fea94_cont2_gpu_d923/runs/two_actor_p4/halfcheetah-medium-v2_tau10_mcep4_seed0,/home/ext_csv/mpi_sweep_lab/p0_bar_two_actor_p4_29fea94_cont2_gpu_d923/runs/two_actor_p4/halfcheetah-medium-v2_tau10_mcep4_seed0/config.json,737,4a482195e134533ede801f33473702128229eb88c4983275fb7e4c863e60d6b4,/home/ext_csv/mpi_sweep_lab/p0_bar_two_actor_p4_29fea94_cont2_gpu_d923/runs/two_actor_p4/halfcheetah-medium-v2_tau10_mcep4_seed0/eval.csv,227,1778bc20b7f45e25d812b6118eeb1ec848c7f9b3df49e3e10794dcfe40633547,/home/ext_csv/mpi_sweep_lab/p0_bar_two_actor_p4_29fea94_cont2_gpu_d923/runs/two_actor_p4/halfcheetah-medium-v2_tau10_mcep4_seed0/params_1000000.pkl,4328905,0d309b47c51877d479173eb45d57e08f2d318cb96908225ec9bdc91a52bf481c,d4rl_eval,58.346323127458014
bar_p4|halfcheetah-medium-v2|T=10|seed=1,bar_p4,halfcheetah-medium-v2,10,1,halfcheetah-medium-v2_tau10_mpi4_seed1,/home/ext_csv/mpi_sweep_lab/p0_bar_two_actor_p4_29fea94_cont2_gpu_d923/runs/bar_p4/halfcheetah-medium-v2_tau10_mpi4_seed1,/home/ext_csv/mpi_sweep_lab/p0_bar_two_actor_p4_29fea94_cont2_gpu_d923/runs/bar_p4/halfcheetah-medium-v2_tau10_mpi4_seed1/config.json,730,ccc513168f00021e300f1dae5a9264640a2fb8f11083af3b2ab726c2e75f1ca8,/home/ext_csv/mpi_sweep_lab/p0_bar_two_actor_p4_29fea94_cont2_gpu_d923/runs/bar_p4/halfcheetah-medium-v2_tau10_mpi4_seed1/eval.csv,221,523d1c727dd82384722a86fa0a125128c8d77038c97c837edb2749c4662291e6,/home/ext_csv/mpi_sweep_lab/p0_bar_two_actor_p4_29fea94_cont2_gpu_d923/runs/bar_p4/halfcheetah-medium-v2_tau10_mpi4_seed1/params_1000000.pkl,6056805,d483b2c1b59ea493b79ccdb85584423781ad1a0dff6542adae7ddaddd4af31e0,d4rl_pi4,59.00766321134182
two_actor_p4|halfcheetah-medium-v2|T=10|seed=1,two_actor_p4,halfcheetah-medium-v2,10,1,halfcheetah-medium-v2_tau10_mcep4_seed1,/home/ext_csv/mpi_sweep_lab/p0_bar_two_actor_p4_29fea94_cont2_gpu_d923/runs/two_actor_p4/halfcheetah-medium-v2_tau10_mcep4_seed1,/home/ext_csv/mpi_sweep_lab/p0_bar_two_actor_p4_29fea94_cont2_gpu_d923/runs/two_actor_p4/halfcheetah-medium-v2_tau10_mcep4_seed1/config.json,737,0e2d2e28e36dfe10b9b56870c2304ccbb72cb34987d713f313a48f8346984e3d,/home/ext_csv/mpi_sweep_lab/p0_bar_two_actor_p4_29fea94_cont2_gpu_d923/runs/two_actor_p4/halfcheetah-medium-v2_tau10_mcep4_seed1/eval.csv,226,ba31177d5d51912c393dc0d94b30dbb6147be0276033c20d4fcbeead05c5635a,/home/ext_csv/mpi_sweep_lab/p0_bar_two_actor_p4_29fea94_cont2_gpu_d923/runs/two_actor_p4/halfcheetah-medium-v2_tau10_mcep4_seed1/params_1000000.pkl,4328905,b9e10d8626829eba084f6cbb39024fcea82574a67715497f38b02eda8c35d70f,d4rl_eval,58.025305696200334
bar_p4|halfcheetah-medium-v2|T=14|seed=0,bar_p4,halfcheetah-medium-v2,14,0,halfcheetah-medium-v2_tau14_mpi4_seed0,/home/ext_csv/mpi_sweep_lab/p0_bar_two_actor_p4_29fea94_cont2_gpu_d923/runs/bar_p4/halfcheetah-medium-v2_tau14_mpi4_seed0,/home/ext_csv/mpi_sweep_lab/p0_bar_two_actor_p4_29fea94_cont2_gpu_d923/runs/bar_p4/halfcheetah-medium-v2_tau14_mpi4_seed0/config.json,730,c252f6c6c6dc64ad604bfe87f0e242f6b8442a4291c63eaac9d7e2f3e3c74b91,/home/ext_csv/mpi_sweep_lab/p0_bar_two_actor_p4_29fea94_cont2_gpu_d923/runs/bar_p4/halfcheetah-medium-v2_tau14_mpi4_seed0/eval.csv,222,edcfec65360d012f7ef12d44e0a953baafb8a3b78e58e592689564ed59e412a2,/home/ext_csv/mpi_sweep_lab/p0_bar_two_actor_p4_29fea94_cont2_gpu_d923/runs/bar_p4/halfcheetah-medium-v2_tau14_mpi4_seed0/params_1000000.pkl,6056805,9e67d10a416051f658ddd4e89c856a9f7994d1b5c2dd5381e2f6efed9d129006,d4rl_pi4,57.55367298081483
two_actor_p4|halfcheetah-medium-v2|T=14|seed=0,two_actor_p4,halfcheetah-medium-v2,14,0,halfcheetah-medium-v2_tau14_mcep4_seed0,/home/ext_csv/mpi_sweep_lab/p0_bar_two_actor_p4_29fea94_cont2_gpu_d923/runs/two_actor_p4/halfcheetah-medium-v2_tau14_mcep4_seed0,/home/ext_csv/mpi_sweep_lab/p0_bar_two_actor_p4_29fea94_cont2_gpu_d923/runs/two_actor_p4/halfcheetah-medium-v2_tau14_mcep4_seed0/config.json,737,6cf822cdf91a3ebf44a569aa59a2805b12e0b48029b89068b928435eb92f7ddd,/home/ext_csv/mpi_sweep_lab/p0_bar_two_actor_p4_29fea94_cont2_gpu_d923/runs/two_actor_p4/halfcheetah-medium-v2_tau14_mcep4_seed0/eval.csv,226,7967964ad557b0210bb14c253d669cc6dc6b8201a3beb63847d3d173dca4cceb,/home/ext_csv/mpi_sweep_lab/p0_bar_two_actor_p4_29fea94_cont2_gpu_d923/runs/two_actor_p4/halfcheetah-medium-v2_tau14_mcep4_seed0/params_1000000.pkl,4328905,c214e4122d4d67e0ca7ca48fb5cb0d9cef16fa9a83a198ecc3d956737bb86c26,d4rl_eval,59.41278169974219
bar_p4|halfcheetah-medium-v2|T=14|seed=1,bar_p4,halfcheetah-medium-v2,14,1,halfcheetah-medium-v2_tau14_mpi4_seed1,/home/ext_csv/mpi_sweep_lab/p0_bar_two_actor_p4_29fea94_cont2_gpu_d923/runs/bar_p4/halfcheetah-medium-v2_tau14_mpi4_seed1,/home/ext_csv/mpi_sweep_lab/p0_bar_two_actor_p4_29fea94_cont2_gpu_d923/runs/bar_p4/halfcheetah-medium-v2_tau14_mpi4_seed1/config.json,730,6abe48447e0fd637568f3764d57b4b796e2bf9145e5a111a2f9464a40a0726c0,/home/ext_csv/mpi_sweep_lab/p0_bar_two_actor_p4_29fea94_cont2_gpu_d923/runs/bar_p4/halfcheetah-medium-v2_tau14_mpi4_seed1/eval.csv,223,e66a77023e4362461e76701f8a50a3153e63829313507fd40bd8b1a6626f16ca,/home/ext_csv/mpi_sweep_lab/p0_bar_two_actor_p4_29fea94_cont2_gpu_d923/runs/bar_p4/halfcheetah-medium-v2_tau14_mpi4_seed1/params_1000000.pkl,6056805,7979f19d46a03fd79cb0c95208f18525df99fb1e11723cdafb7d149f1f28971f,d4rl_pi4,59.480857334604394
two_actor_p4|halfcheetah-medium-v2|T=14|seed=1,two_actor_p4,halfcheetah-medium-v2,14,1,halfcheetah-medium-v2_tau14_mcep4_seed1,/home/ext_csv/mpi_sweep_lab/p0_bar_two_actor_p4_29fea94_cont2_gpu_d923/runs/two_actor_p4/halfcheetah-medium-v2_tau14_mcep4_seed1,/home/ext_csv/mpi_sweep_lab/p0_bar_two_actor_p4_29fea94_cont2_gpu_d923/runs/two_actor_p4/halfcheetah-medium-v2_tau14_mcep4_seed1/config.json,737,4c8085de910ce2e30f0e0b4c615d078d12dcbd7a95dc93e972aab22891909b40,/home/ext_csv/mpi_sweep_lab/p0_bar_two_actor_p4_29fea94_cont2_gpu_d923/runs/two_actor_p4/halfcheetah-medium-v2_tau14_mcep4_seed1/eval.csv,225,8fd3313998e6f7ac0c9072ec7705a0e298c5a31357c4518981a7dfbeaf165027,/home/ext_csv/mpi_sweep_lab/p0_bar_two_actor_p4_29fea94_cont2_gpu_d923/runs/two_actor_p4/halfcheetah-medium-v2_tau14_mcep4_seed1/params_1000000.pkl,4328905,558638b0206caee1f3400af221316d010e2a1acc55cc96d4c42c108114224349,d4rl_eval,59.385104412122416
bar_p4|halfcheetah-medium-v2|T=20|seed=0,bar_p4,halfcheetah-medium-v2,20,0,halfcheetah-medium-v2_tau20_mpi4_seed0,/home/ext_csv/mpi_sweep_lab/p0_bar_two_actor_p4_29fea94_cont2_gpu_d923/runs/bar_p4/halfcheetah-medium-v2_tau20_mpi4_seed0,/home/ext_csv/mpi_sweep_lab/p0_bar_two_actor_p4_29fea94_cont2_gpu_d923/runs/bar_p4/halfcheetah-medium-v2_tau20_mpi4_seed0/config.json,730,f2df0e2d6409ee1c9cd71ac7872d249beaa023acf709cfeff8f3322320319caf,/home/ext_csv/mpi_sweep_lab/p0_bar_two_actor_p4_29fea94_cont2_gpu_d923/runs/bar_p4/halfcheetah-medium-v2_tau20_mpi4_seed0/eval.csv,221,774bdc659d532a80b9df363fbdffa7ec72b1471ad296044e3d4a9f5c84204475,/home/ext_csv/mpi_sweep_lab/p0_bar_two_actor_p4_29fea94_cont2_gpu_d923/runs/bar_p4/halfcheetah-medium-v2_tau20_mpi4_seed0/params_1000000.pkl,6056805,b461c81b79836afebbe1126e1dc4d76e099692a0d8a3f58395513e3f144b41d2,d4rl_pi4,61.09680394023715
two_actor_p4|halfcheetah-medium-v2|T=20|seed=0,two_actor_p4,halfcheetah-medium-v2,20,0,halfcheetah-medium-v2_tau20_mcep4_seed0,/home/ext_csv/mpi_sweep_lab/p0_bar_two_actor_p4_29fea94_cont2_gpu_d923/runs/two_actor_p4/halfcheetah-medium-v2_tau20_mcep4_seed0,/home/ext_csv/mpi_sweep_lab/p0_bar_two_actor_p4_29fea94_cont2_gpu_d923/runs/two_actor_p4/halfcheetah-medium-v2_tau20_mcep4_seed0/config.json,737,84760184d16a414a8fa2c1932539b84079fcf1d0393e7cd13fa0198597f5d7e0,/home/ext_csv/mpi_sweep_lab/p0_bar_two_actor_p4_29fea94_cont2_gpu_d923/runs/two_actor_p4/halfcheetah-medium-v2_tau20_mcep4_seed0/eval.csv,224,63f75c940f5a930baaedf0479c8d0e2818b80c6bb5ac085137a3285e9eab095c,/home/ext_csv/mpi_sweep_lab/p0_bar_two_actor_p4_29fea94_cont2_gpu_d923/runs/two_actor_p4/halfcheetah-medium-v2_tau20_mcep4_seed0/params_1000000.pkl,4328905,7047bda49fa3d427128c52ffaa80139e87467bb5788954f7bd0ea33792785c54,d4rl_eval,60.462339677218225
bar_p4|halfcheetah-medium-v2|T=20|seed=1,bar_p4,halfcheetah-medium-v2,20,1,halfcheetah-medium-v2_tau20_mpi4_seed1,/home/ext_csv/mpi_sweep_lab/p0_bar_two_actor_p4_29fea94_cont2_gpu_d923/runs/bar_p4/halfcheetah-medium-v2_tau20_mpi4_seed1,/home/ext_csv/mpi_sweep_lab/p0_bar_two_actor_p4_29fea94_cont2_gpu_d923/runs/bar_p4/halfcheetah-medium-v2_tau20_mpi4_seed1/config.json,730,4b83f27c383863c75ecc81daaf3433b0b0a6e623329f5140cf7dc66b055a3541,/home/ext_csv/mpi_sweep_lab/p0_bar_two_actor_p4_29fea94_cont2_gpu_d923/runs/bar_p4/halfcheetah-medium-v2_tau20_mpi4_seed1/eval.csv,222,4edfd1e0924c9bb60893bc589ebc0ce8ccc11e80523fd77ab5bb1ec6d0bfa273,/home/ext_csv/mpi_sweep_lab/p0_bar_two_actor_p4_29fea94_cont2_gpu_d923/runs/bar_p4/halfcheetah-medium-v2_tau20_mpi4_seed1/params_1000000.pkl,6056805,afaf9842d392feb4a994d39565ad5fc6cc2fb41f89bf5523751454083f1376a0,d4rl_pi4,59.085122796780546
two_actor_p4|halfcheetah-medium-v2|T=20|seed=1,two_actor_p4,halfcheetah-medium-v2,20,1,halfcheetah-medium-v2_tau20_mcep4_seed1,/home/ext_csv/mpi_sweep_lab/p0_bar_two_actor_p4_29fea94_cont2_gpu_d923/runs/two_actor_p4/halfcheetah-medium-v2_tau20_mcep4_seed1,/home/ext_csv/mpi_sweep_lab/p0_bar_two_actor_p4_29fea94_cont2_gpu_d923/runs/two_actor_p4/halfcheetah-medium-v2_tau20_mcep4_seed1/config.json,737,74dc84abff92b31c72050da5311afd2b3145b9ef37dbd6e83a18cba8184efc86,/home/ext_csv/mpi_sweep_lab/p0_bar_two_actor_p4_29fea94_cont2_gpu_d923/runs/two_actor_p4/halfcheetah-medium-v2_tau20_mcep4_seed1/eval.csv,224,8469c6af6c66d0e821842acc046ba5559a114638e205075d1491c499beb2ae6f,/home/ext_csv/mpi_sweep_lab/p0_bar_two_actor_p4_29fea94_cont2_gpu_d923/runs/two_actor_p4/halfcheetah-medium-v2_tau20_mcep4_seed1/params_1000000.pkl,4328905,c89579091cf0bc2b2f8cd75cda2af8d60a7e7e453c723f3971b550197e77a6c7,d4rl_eval,59.688496937973625
bar_p4|halfcheetah-medium-replay-v2|T=4|seed=0,bar_p4,halfcheetah-medium-replay-v2,4,0,halfcheetah-medium-replay-v2_tau4_mpi4_seed0,/home/ext_csv/mpi_sweep_lab/p0_bar_two_actor_p4_29fea94_cont2_gpu_d923/runs/bar_p4/halfcheetah-medium-replay-v2_tau4_mpi4_seed0,/home/ext_csv/mpi_sweep_lab/p0_bar_two_actor_p4_29fea94_cont2_gpu_d923/runs/bar_p4/halfcheetah-medium-replay-v2_tau4_mpi4_seed0/config.json,736,b3c46771d46f291ec9976989c0b6123db60a2ba869f61c5368d5db2cefa152d7,/home/ext_csv/mpi_sweep_lab/p0_bar_two_actor_p4_29fea94_cont2_gpu_d923/runs/bar_p4/halfcheetah-medium-replay-v2_tau4_mpi4_seed0/eval.csv,223,7f0f70d7a249f7729eb1fdc73565b7a715a1480612c60b70f2bfd4012fbc107c,/home/ext_csv/mpi_sweep_lab/p0_bar_two_actor_p4_29fea94_cont2_gpu_d923/runs/bar_p4/halfcheetah-medium-replay-v2_tau4_mpi4_seed0/params_1000000.pkl,6056812,c5ce93614b6b000763c75adfb588188bdef682bccd28059bf7567ae426bc1cde,d4rl_pi4,49.79160761637971
two_actor_p4|halfcheetah-medium-replay-v2|T=4|seed=0,two_actor_p4,halfcheetah-medium-replay-v2,4,0,halfcheetah-medium-replay-v2_tau4_mcep4_seed0,/home/ext_csv/mpi_sweep_lab/p0_bar_two_actor_p4_29fea94_cont2_gpu_d923/runs/two_actor_p4/halfcheetah-medium-replay-v2_tau4_mcep4_seed0,/home/ext_csv/mpi_sweep_lab/p0_bar_two_actor_p4_29fea94_cont2_gpu_d923/runs/two_actor_p4/halfcheetah-medium-replay-v2_tau4_mcep4_seed0/config.json,743,783640d536e542672fe077c90903e246889e3abdba11ff238912d3e3f754db43,/home/ext_csv/mpi_sweep_lab/p0_bar_two_actor_p4_29fea94_cont2_gpu_d923/runs/two_actor_p4/halfcheetah-medium-replay-v2_tau4_mcep4_seed0/eval.csv,224,48908a477c8f5de62bc2ecbcf341e4b0f22b6c036e00dcd8d87f7ff329386e76,/home/ext_csv/mpi_sweep_lab/p0_bar_two_actor_p4_29fea94_cont2_gpu_d923/runs/two_actor_p4/halfcheetah-medium-replay-v2_tau4_mcep4_seed0/params_1000000.pkl,4328912,8d0251ae77393799a6a1afeaa79e4d799fcfa79acc6a24bda60c67f25a5f37bd,d4rl_eval,48.65895464532098
bar_p4|halfcheetah-medium-replay-v2|T=4|seed=1,bar_p4,halfcheetah-medium-replay-v2,4,1,halfcheetah-medium-replay-v2_tau4_mpi4_seed1,/home/ext_csv/mpi_sweep_lab/p0_bar_two_actor_p4_29fea94_cont2_gpu_d923/runs/bar_p4/halfcheetah-medium-replay-v2_tau4_mpi4_seed1,/home/ext_csv/mpi_sweep_lab/p0_bar_two_actor_p4_29fea94_cont2_gpu_d923/runs/bar_p4/halfcheetah-medium-replay-v2_tau4_mpi4_seed1/config.json,736,1ca18fe33ee3d77092c52c143254bad96acad9fac6b90300a809984936d60ef1,/home/ext_csv/mpi_sweep_lab/p0_bar_two_actor_p4_29fea94_cont2_gpu_d923/runs/bar_p4/halfcheetah-medium-replay-v2_tau4_mpi4_seed1/eval.csv,224,6ce650af036f71b1447369acd168e4f0b073e9dc7673bc1796ec30caf4582106,/home/ext_csv/mpi_sweep_lab/p0_bar_two_actor_p4_29fea94_cont2_gpu_d923/runs/bar_p4/halfcheetah-medium-replay-v2_tau4_mpi4_seed1/params_1000000.pkl,6056812,0d814d8e636c8c19068a1c65868feba05f94ee0459889f54784b1efdd1fa9778,d4rl_pi4,50.69703860963962
two_actor_p4|halfcheetah-medium-replay-v2|T=4|seed=1,two_actor_p4,halfcheetah-medium-replay-v2,4,1,halfcheetah-medium-replay-v2_tau4_mcep4_seed1,/home/ext_csv/mpi_sweep_lab/p0_bar_two_actor_p4_29fea94_cont2_gpu_d923/runs/two_actor_p4/halfcheetah-medium-replay-v2_tau4_mcep4_seed1,/home/ext_csv/mpi_sweep_lab/p0_bar_two_actor_p4_29fea94_cont2_gpu_d923/runs/two_actor_p4/halfcheetah-medium-replay-v2_tau4_mcep4_seed1/config.json,743,dfea474d1ef5818b0622ff0bc994db7652f448a2d12ec1c8313c75619573f3e3,/home/ext_csv/mpi_sweep_lab/p0_bar_two_actor_p4_29fea94_cont2_gpu_d923/runs/two_actor_p4/halfcheetah-medium-replay-v2_tau4_mcep4_seed1/eval.csv,226,cefef6b3ab56be7a9baaa6bc47ddd1ce7586943248bd4abf3a6bd9635041f04a,/home/ext_csv/mpi_sweep_lab/p0_bar_two_actor_p4_29fea94_cont2_gpu_d923/runs/two_actor_p4/halfcheetah-medium-replay-v2_tau4_mcep4_seed1/params_1000000.pkl,4328912,12fe70a10eb303e05c8596ffdd93092b67bdad189f0463092a7ec7ee601c788b,d4rl_eval,49.33354581794247
bar_p4|halfcheetah-medium-replay-v2|T=7|seed=0,bar_p4,halfcheetah-medium-replay-v2,7,0,halfcheetah-medium-replay-v2_tau7_mpi4_seed0,/home/ext_csv/mpi_sweep_lab/p0_bar_two_actor_p4_29fea94_cont2_gpu_d923/runs/bar_p4/halfcheetah-medium-replay-v2_tau7_mpi4_seed0,/home/ext_csv/mpi_sweep_lab/p0_bar_two_actor_p4_29fea94_cont2_gpu_d923/runs/bar_p4/halfcheetah-medium-replay-v2_tau7_mpi4_seed0/config.json,736,18fd91db1acc3875d7132ff27ea24d11e26c34af17a46afe0ba5c653a8942ad0,/home/ext_csv/mpi_sweep_lab/p0_bar_two_actor_p4_29fea94_cont2_gpu_d923/runs/bar_p4/halfcheetah-medium-replay-v2_tau7_mpi4_seed0/eval.csv,223,fec2829c1d1a98d8a67c8ed2bf67d8f32051a056aecb812935b6ed5a7c06731a,/home/ext_csv/mpi_sweep_lab/p0_bar_two_actor_p4_29fea94_cont2_gpu_d923/runs/bar_p4/halfcheetah-medium-replay-v2_tau7_mpi4_seed0/params_1000000.pkl,6056812,d789f770dd883b0ee706a994e4aa8e2e4da554cf4c78d496ed7d205946d78e25,d4rl_pi4,52.64773847558395
two_actor_p4|halfcheetah-medium-replay-v2|T=7|seed=0,two_actor_p4,halfcheetah-medium-replay-v2,7,0,halfcheetah-medium-replay-v2_tau7_mcep4_seed0,/home/ext_csv/mpi_sweep_lab/p0_bar_two_actor_p4_29fea94_cont2_gpu_d923/runs/two_actor_p4/halfcheetah-medium-replay-v2_tau7_mcep4_seed0,/home/ext_csv/mpi_sweep_lab/p0_bar_two_actor_p4_29fea94_cont2_gpu_d923/runs/two_actor_p4/halfcheetah-medium-replay-v2_tau7_mcep4_seed0/config.json,743,03a765724cb5f22b3c26fe94f7b041aa9cc49326a4481fa061ed65dca3e8134f,/home/ext_csv/mpi_sweep_lab/p0_bar_two_actor_p4_29fea94_cont2_gpu_d923/runs/two_actor_p4/halfcheetah-medium-replay-v2_tau7_mcep4_seed0/eval.csv,225,721bce739ff5459e1596e71d30a00a2ac567cc904bb946d45f563715aa8585f5,/home/ext_csv/mpi_sweep_lab/p0_bar_two_actor_p4_29fea94_cont2_gpu_d923/runs/two_actor_p4/halfcheetah-medium-replay-v2_tau7_mcep4_seed0/params_1000000.pkl,4328912,7853fb8ab38e84013d60ce25f425e8980ddbdec50d089862f931c83cdc7bd259,d4rl_eval,50.30766102138726
bar_p4|halfcheetah-medium-replay-v2|T=7|seed=1,bar_p4,halfcheetah-medium-replay-v2,7,1,halfcheetah-medium-replay-v2_tau7_mpi4_seed1,/home/ext_csv/mpi_sweep_lab/p0_bar_two_actor_p4_29fea94_cont2_gpu_d923/runs/bar_p4/halfcheetah-medium-replay-v2_tau7_mpi4_seed1,/home/ext_csv/mpi_sweep_lab/p0_bar_two_actor_p4_29fea94_cont2_gpu_d923/runs/bar_p4/halfcheetah-medium-replay-v2_tau7_mpi4_seed1/config.json,736,2020511be1fcefbe3abd2ee9bbc9f3fe7bce207f7a0b75d183e7257e791157b6,/home/ext_csv/mpi_sweep_lab/p0_bar_two_actor_p4_29fea94_cont2_gpu_d923/runs/bar_p4/halfcheetah-medium-replay-v2_tau7_mpi4_seed1/eval.csv,224,7ed8a1fed1f5035a7fea48642437f6d03e87d80e9ea9e9f78a08e5262f4ecb95,/home/ext_csv/mpi_sweep_lab/p0_bar_two_actor_p4_29fea94_cont2_gpu_d923/runs/bar_p4/halfcheetah-medium-replay-v2_tau7_mpi4_seed1/params_1000000.pkl,6056812,f9d0860d3c0c2ec41e219c2e852a82e9860882cbe76e69c8b321837712c1b522,d4rl_pi4,52.90975951400368
two_actor_p4|halfcheetah-medium-replay-v2|T=7|seed=1,two_actor_p4,halfcheetah-medium-replay-v2,7,1,halfcheetah-medium-replay-v2_tau7_mcep4_seed1,/home/ext_csv/mpi_sweep_lab/p0_bar_two_actor_p4_29fea94_cont2_gpu_d923/runs/two_actor_p4/halfcheetah-medium-replay-v2_tau7_mcep4_seed1,/home/ext_csv/mpi_sweep_lab/p0_bar_two_actor_p4_29fea94_cont2_gpu_d923/runs/two_actor_p4/halfcheetah-medium-replay-v2_tau7_mcep4_seed1/config.json,743,0f98bf8690d7ba0c0c04cfa8b689a8d86b532464b3850b79dc1540c7c1457eff,/home/ext_csv/mpi_sweep_lab/p0_bar_two_actor_p4_29fea94_cont2_gpu_d923/runs/two_actor_p4/halfcheetah-medium-replay-v2_tau7_mcep4_seed1/eval.csv,224,195b191634826d4dd8197b67ff2f16d0be61c603e5663a0bfe4a14618f1a4db7,/home/ext_csv/mpi_sweep_lab/p0_bar_two_actor_p4_29fea94_cont2_gpu_d923/runs/two_actor_p4/halfcheetah-medium-replay-v2_tau7_mcep4_seed1/params_1000000.pkl,4328912,57689e9dbc77f8730d9a2ca8fe95b93d71374649205b9bd2076a0cba06be86ff,d4rl_eval,49.66572482881482
bar_p4|halfcheetah-medium-replay-v2|T=10|seed=0,bar_p4,halfcheetah-medium-replay-v2,10,0,halfcheetah-medium-replay-v2_tau10_mpi4_seed0,/home/ext_csv/mpi_sweep_lab/p0_bar_two_actor_p4_29fea94_cont2_gpu_d923/runs/bar_p4/halfcheetah-medium-replay-v2_tau10_mpi4_seed0,/home/ext_csv/mpi_sweep_lab/p0_bar_two_actor_p4_29fea94_cont2_gpu_d923/runs/bar_p4/halfcheetah-medium-replay-v2_tau10_mpi4_seed0/config.json,737,c0ec980636c06a0a466aa9cdaaf4f4199f8820f89d848c8d9ebabca231539c80,/home/ext_csv/mpi_sweep_lab/p0_bar_two_actor_p4_29fea94_cont2_gpu_d923/runs/bar_p4/halfcheetah-medium-replay-v2_tau10_mpi4_seed0/eval.csv,224,e778d1b771a6e119f689ab0567dd942225cafe660c3b24879c6526f00534aeff,/home/ext_csv/mpi_sweep_lab/p0_bar_two_actor_p4_29fea94_cont2_gpu_d923/runs/bar_p4/halfcheetah-medium-replay-v2_tau10_mpi4_seed0/params_1000000.pkl,6056812,140792dd27c41c1467ab013083c016da4ff009c93291a80657b4ea8817419b20,d4rl_pi4,52.47841857874139
two_actor_p4|halfcheetah-medium-replay-v2|T=10|seed=0,two_actor_p4,halfcheetah-medium-replay-v2,10,0,halfcheetah-medium-replay-v2_tau10_mcep4_seed0,/home/ext_csv/mpi_sweep_lab/p0_bar_two_actor_p4_29fea94_cont2_gpu_d923/runs/two_actor_p4/halfcheetah-medium-replay-v2_tau10_mcep4_seed0,/home/ext_csv/mpi_sweep_lab/p0_bar_two_actor_p4_29fea94_cont2_gpu_d923/runs/two_actor_p4/halfcheetah-medium-replay-v2_tau10_mcep4_seed0/config.json,744,a8906d039db47a87fb87e75e8ce0c0c5a75f11c0ce19b3aee25acacf2c377f91,/home/ext_csv/mpi_sweep_lab/p0_bar_two_actor_p4_29fea94_cont2_gpu_d923/runs/two_actor_p4/halfcheetah-medium-replay-v2_tau10_mcep4_seed0/eval.csv,223,a065f02eb9f73df71bc182535620df999a7c0535968690107f786c428e70cbcb,/home/ext_csv/mpi_sweep_lab/p0_bar_two_actor_p4_29fea94_cont2_gpu_d923/runs/two_actor_p4/halfcheetah-medium-replay-v2_tau10_mcep4_seed0/params_1000000.pkl,4328912,dac1ab5bf5dc329e9ec961d8ef437f7cb5a246a3a31f0b77c54d17e0e8db28cd,d4rl_eval,52.79990355060611
