key,status,method,environment,T,seed,checkpoint_hash,missing_reason,paired,host_run_dir
bar_p4|hopper-medium-v2|T=4|seed=0,evalable,MART4,hopper-medium-v2,4,0,4c25bbb74d113c89de8a023d43641d17d89c13138ef718380fb2ff0a2848da9b,,True,/home/ext_csv/mpi_sweep_lab/p0_bar_two_actor_p4_29fea94/runs/bar_p4/hopper-medium-v2_tau4_mpi4_seed0
two_actor_p4|hopper-medium-v2|T=4|seed=0,evalable,two_actor_p4,hopper-medium-v2,4,0,2ab14b0b352781ed285ebf5e2b2ebf628dda13b8c9b59f78b65f8a6c6b9d0bca,,True,/home/ext_csv/mpi_sweep_lab/p0_bar_two_actor_p4_29fea94/runs/two_actor_p4/hopper-medium-v2_tau4_mcep4_seed0
bar_p4|hopper-medium-v2|T=4|seed=1,evalable,MART4,hopper-medium-v2,4,1,a86004530a9b4190850300b6d6dd85c1d7e9a324b0f4f801b8d0da3be7dee6b1,,True,/home/ext_csv/mpi_sweep_lab/p0_bar_two_actor_p4_29fea94/runs/bar_p4/hopper-medium-v2_tau4_mpi4_seed1
two_actor_p4|hopper-medium-v2|T=4|seed=1,evalable,two_actor_p4,hopper-medium-v2,4,1,5d167436fa2250865497d7db03f0234af3d08f11c784a87683cd7bc1750d0e26,,True,/home/ext_csv/mpi_sweep_lab/p0_bar_two_actor_p4_29fea94/runs/two_actor_p4/hopper-medium-v2_tau4_mcep4_seed1
bar_p4|hopper-medium-v2|T=7|seed=0,evalable,MART4,hopper-medium-v2,7,0,33688a1a6801d7989e0eed53fd598298267c43f307a648c2e1626f3369dc7ccf,,True,/home/ext_csv/mpi_sweep_lab/p0_bar_two_actor_p4_29fea94/runs/bar_p4/hopper-medium-v2_tau7_mpi4_seed0
two_actor_p4|hopper-medium-v2|T=7|seed=0,evalable,two_actor_p4,hopper-medium-v2,7,0,dd991a7b5a0fc5b43d2c95941c94cec8788bd5784aae1eabb5a38e466738004c,,True,/home/ext_csv/mpi_sweep_lab/p0_bar_two_actor_p4_29fea94/runs/two_actor_p4/hopper-medium-v2_tau7_mcep4_seed0
bar_p4|hopper-medium-v2|T=7|seed=1,evalable,MART4,hopper-medium-v2,7,1,333d00bd6ed883a1c348c636cabaa88bc6936ee898c5e5d7de4c1d357244814c,,True,/home/ext_csv/mpi_sweep_lab/p0_bar_two_actor_p4_29fea94/runs/bar_p4/hopper-medium-v2_tau7_mpi4_seed1
two_actor_p4|hopper-medium-v2|T=7|seed=1,evalable,two_actor_p4,hopper-medium-v2,7,1,0d392f6989999e81cdb9662b6d7461b16c61357b36bc36a79567d32c2c4f5252,,True,/home/ext_csv/mpi_sweep_lab/p0_bar_two_actor_p4_29fea94/runs/two_actor_p4/hopper-medium-v2_tau7_mcep4_seed1
bar_p4|hopper-medium-v2|T=10|seed=0,evalable,MART4,hopper-medium-v2,10,0,c18b5784bbb5ff656afb5d80ca61d1b5a828853cc6108b710ad009500f1d0f3d,,True,/home/ext_csv/mpi_sweep_lab/p0_bar_two_actor_p4_29fea94/runs/bar_p4/hopper-medium-v2_tau10_mpi4_seed0
two_actor_p4|hopper-medium-v2|T=10|seed=0,evalable,two_actor_p4,hopper-medium-v2,10,0,11d881d2cdb89c2d671efbb1858f595689221bb8c08588fb35a4307829be8480,,True,/home/ext_csv/mpi_sweep_lab/p0_bar_two_actor_p4_29fea94/runs/two_actor_p4/hopper-medium-v2_tau10_mcep4_seed0
bar_p4|hopper-medium-v2|T=10|seed=1,evalable,MART4,hopper-medium-v2,10,1,6aa372aefdb40f3dac09e1f026d781d3bab7e63f4735743c358c1bda69a1acc3,,True,/home/ext_csv/mpi_sweep_lab/p0_bar_two_actor_p4_29fea94/runs/bar_p4/hopper-medium-v2_tau10_mpi4_seed1
two_actor_p4|hopper-medium-v2|T=10|seed=1,evalable,two_actor_p4,hopper-medium-v2,10,1,6ebbfe48b0b39daa531a6300b8c744a704986b2a138644d5d4bcc99179fdfbde,,True,/home/ext_csv/mpi_sweep_lab/p0_bar_two_actor_p4_29fea94/runs/two_actor_p4/hopper-medium-v2_tau10_mcep4_seed1
bar_p4|hopper-medium-v2|T=14|seed=0,evalable,MART4,hopper-medium-v2,14,0,0ceed413b05e58b8a621449786c897bf563b766ccf8e1f85e0509edb90ac39ce,,True,/home/ext_csv/mpi_sweep_lab/p0_bar_two_actor_p4_29fea94/runs/bar_p4/hopper-medium-v2_tau14_mpi4_seed0
two_actor_p4|hopper-medium-v2|T=14|seed=0,evalable,two_actor_p4,hopper-medium-v2,14,0,6d630dd884ad4b651cee6856c6d837201646aa07d4e70123055890bd42d87e96,,True,/home/ext_csv/mpi_sweep_lab/p0_bar_two_actor_p4_29fea94/runs/two_actor_p4/hopper-medium-v2_tau14_mcep4_seed0
bar_p4|hopper-medium-v2|T=14|seed=1,evalable,MART4,hopper-medium-v2,14,1,fc6fe4c69da3bae72598fda1d87c6042769d8a3b4bae88b26c1ef151a5061064,,True,/home/ext_csv/mpi_sweep_lab/p0_bar_two_actor_p4_29fea94/runs/bar_p4/hopper-medium-v2_tau14_mpi4_seed1
two_actor_p4|hopper-medium-v2|T=14|seed=1,evalable,two_actor_p4,hopper-medium-v2,14,1,689415978b31abe80333764004ca3bb9a6844a5e0163af3ee87d061abe7a499e,,True,/home/ext_csv/mpi_sweep_lab/p0_bar_two_actor_p4_29fea94/runs/two_actor_p4/hopper-medium-v2_tau14_mcep4_seed1
bar_p4|hopper-medium-v2|T=20|seed=0,evalable,MART4,hopper-medium-v2,20,0,a2858ba4c62d8ed0c4ef4a2ebe20f41b0482513e5dd2041f1895b9c3eef75edf,,True,/home/ext_csv/mpi_sweep_lab/p0_bar_two_actor_p4_29fea94/runs/bar_p4/hopper-medium-v2_tau20_mpi4_seed0
two_actor_p4|hopper-medium-v2|T=20|seed=0,evalable,two_actor_p4,hopper-medium-v2,20,0,fb8448e1903901d94e2952eb655ffe578c4aada2945d7cedc97e67dfb13e91cd,,True,/home/ext_csv/mpi_sweep_lab/p0_bar_two_actor_p4_29fea94/runs/two_actor_p4/hopper-medium-v2_tau20_mcep4_seed0
bar_p4|hopper-medium-v2|T=20|seed=1,evalable,MART4,hopper-medium-v2,20,1,bc29297aa1d30aafbe680b010b3573d34376f661fdb7c5e3b685f1967fa577ef,,True,/home/ext_csv/mpi_sweep_lab/p0_bar_two_actor_p4_29fea94/runs/bar_p4/hopper-medium-v2_tau20_mpi4_seed1
two_actor_p4|hopper-medium-v2|T=20|seed=1,evalable,two_actor_p4,hopper-medium-v2,20,1,d472f64cfaff36f0b04e04194e23afc01e0fb3cf2a96e007dd066bfbb70c070a,,True,/home/ext_csv/mpi_sweep_lab/p0_bar_two_actor_p4_29fea94/runs/two_actor_p4/hopper-medium-v2_tau20_mcep4_seed1
bar_p4|hopper-medium-replay-v2|T=4|seed=0,evalable,MART4,hopper-medium-replay-v2,4,0,380d503b0bff9f9287b8e8991eb85803c6b96f6ec5e5beec46e0df371d9ac11e,,True,/home/ext_csv/mpi_sweep_lab/p0_bar_two_actor_p4_29fea94/runs/bar_p4/hopper-medium-replay-v2_tau4_mpi4_seed0
two_actor_p4|hopper-medium-replay-v2|T=4|seed=0,evalable,two_actor_p4,hopper-medium-replay-v2,4,0,02fcac937753716c5bc9a5ae41610609fa8441c8c2d6eb3ff1cc766171b7bd1e,,True,/home/ext_csv/mpi_sweep_lab/p0_bar_two_actor_p4_29fea94/runs/two_actor_p4/hopper-medium-replay-v2_tau4_mcep4_seed0
bar_p4|hopper-medium-replay-v2|T=4|seed=1,evalable,MART4,hopper-medium-replay-v2,4,1,d4cfda952531c0eb9ed94211ab1f2f75a33e59aae2c41a26fdd741e2fc4f531b,,True,/home/ext_csv/mpi_sweep_lab/p0_bar_two_actor_p4_29fea94/runs/bar_p4/hopper-medium-replay-v2_tau4_mpi4_seed1
two_actor_p4|hopper-medium-replay-v2|T=4|seed=1,evalable,two_actor_p4,hopper-medium-replay-v2,4,1,3125b4fede02b05b01f13ba1528b5455ca38b4a941f1a22df8aecd7ee1339c97,,True,/home/ext_csv/mpi_sweep_lab/p0_bar_two_actor_p4_29fea94/runs/two_actor_p4/hopper-medium-replay-v2_tau4_mcep4_seed1
bar_p4|hopper-medium-replay-v2|T=7|seed=0,evalable,MART4,hopper-medium-replay-v2,7,0,ba4d777597bacbad4d76f1724c0f620b0102a32d85c053b1f5ea4c6f1c0a3d0d,,True,/home/ext_csv/mpi_sweep_lab/p0_bar_two_actor_p4_29fea94/runs/bar_p4/hopper-medium-replay-v2_tau7_mpi4_seed0
two_actor_p4|hopper-medium-replay-v2|T=7|seed=0,evalable,two_actor_p4,hopper-medium-replay-v2,7,0,893cc67f7ddca1d49452880d92cb2bd92c9a2f56978f2195102a0dfb78fd3f21,,True,/home/ext_csv/mpi_sweep_lab/p0_bar_two_actor_p4_29fea94/runs/two_actor_p4/hopper-medium-replay-v2_tau7_mcep4_seed0
bar_p4|hopper-medium-replay-v2|T=7|seed=1,evalable,MART4,hopper-medium-replay-v2,7,1,53569a44887a2016733772bc254dd8a1e9f49cdcd4f302c355ff3bdb724e3007,,True,/home/ext_csv/mpi_sweep_lab/p0_bar_two_actor_p4_29fea94/runs/bar_p4/hopper-medium-replay-v2_tau7_mpi4_seed1
two_actor_p4|hopper-medium-replay-v2|T=7|seed=1,evalable,two_actor_p4,hopper-medium-replay-v2,7,1,47faea7c72898a16bdaaa3f9b5fbd7b74ea46c82e928dc13c352da3505582e60,,True,/home/ext_csv/mpi_sweep_lab/p0_bar_two_actor_p4_29fea94/runs/two_actor_p4/hopper-medium-replay-v2_tau7_mcep4_seed1
bar_p4|hopper-medium-replay-v2|T=10|seed=0,evalable,MART4,hopper-medium-replay-v2,10,0,95fa8be2e5439c7708acc429dde5034367ef928cf3096282e9a37a8ee6acad28,,True,/home/ext_csv/mpi_sweep_lab/p0_bar_two_actor_p4_29fea94_cont2_gpu_d923/runs/bar_p4/hopper-medium-replay-v2_tau10_mpi4_seed0
two_actor_p4|hopper-medium-replay-v2|T=10|seed=0,evalable,two_actor_p4,hopper-medium-replay-v2,10,0,df254c3d6c7df282cb71dd6b01f62ee8f945c8c41b1d2c1e9717bb364836b4e9,,True,/home/ext_csv/mpi_sweep_lab/p0_bar_two_actor_p4_29fea94/runs/two_actor_p4/hopper-medium-replay-v2_tau10_mcep4_seed0
bar_p4|hopper-medium-replay-v2|T=10|seed=1,evalable,MART4,hopper-medium-replay-v2,10,1,e7f827ecf0e3aaed0fa772d58f597439b77fc47b3ae2565b7cd551ecc60b8db3,,True,/home/ext_csv/mpi_sweep_lab/p0_bar_two_actor_p4_29fea94_cont2_gpu_d923/runs/bar_p4/hopper-medium-replay-v2_tau10_mpi4_seed1
two_actor_p4|hopper-medium-replay-v2|T=10|seed=1,evalable,two_actor_p4,hopper-medium-replay-v2,10,1,4000e5ce69f8f0ae9110dc7f51294a78e44c105a71977db512b1fc314329b1f2,,True,/home/ext_csv/mpi_sweep_lab/p0_bar_two_actor_p4_29fea94_cont2_gpu_d923/runs/two_actor_p4/hopper-medium-replay-v2_tau10_mcep4_seed1
bar_p4|hopper-medium-replay-v2|T=14|seed=0,evalable,MART4,hopper-medium-replay-v2,14,0,0ac8c09a9116573490af3a7e2bcd7454faa5d70f6115eba458bfd1ffd8a03426,,True,/home/ext_csv/mpi_sweep_lab/p0_bar_two_actor_p4_29fea94_cont2_gpu_d923/runs/bar_p4/hopper-medium-replay-v2_tau14_mpi4_seed0
two_actor_p4|hopper-medium-replay-v2|T=14|seed=0,evalable,two_actor_p4,hopper-medium-replay-v2,14,0,335202bb3a59e15f86179109129b23eed78998b2e1321fc66d087450e21d3174,,True,/home/ext_csv/mpi_sweep_lab/p0_bar_two_actor_p4_29fea94_cont2_gpu_d923/runs/two_actor_p4/hopper-medium-replay-v2_tau14_mcep4_seed0
bar_p4|hopper-medium-replay-v2|T=14|seed=1,evalable,MART4,hopper-medium-replay-v2,14,1,6060d295a6d578b89eb9828e0dbe1f1b96afbf1110099abcd9ea45f84249cf73,,True,/home/ext_csv/mpi_sweep_lab/p0_bar_two_actor_p4_29fea94_cont2_gpu_d923/runs/bar_p4/hopper-medium-replay-v2_tau14_mpi4_seed1
two_actor_p4|hopper-medium-replay-v2|T=14|seed=1,evalable,two_actor_p4,hopper-medium-replay-v2,14,1,e51d9108dbce849111c989aa2f57e43fd53a643f6eb9a3ee1dac023754cbe01c,,True,/home/ext_csv/mpi_sweep_lab/p0_bar_two_actor_p4_29fea94_cont2_gpu_d923/runs/two_actor_p4/hopper-medium-replay-v2_tau14_mcep4_seed1
bar_p4|hopper-medium-replay-v2|T=20|seed=0,evalable,MART4,hopper-medium-replay-v2,20,0,b52e8d23a0238068345958f26180237177bb133c68c734dceee2e44a9166421b,,True,/home/ext_csv/mpi_sweep_lab/p0_bar_two_actor_p4_29fea94_cont2_gpu_d923/runs/bar_p4/hopper-medium-replay-v2_tau20_mpi4_seed0
two_actor_p4|hopper-medium-replay-v2|T=20|seed=0,evalable,two_actor_p4,hopper-medium-replay-v2,20,0,29683deb41fdd5902ede8a8abe8c29fca7abd73ffdca53ff12e33dd114806285,,True,/home/ext_csv/mpi_sweep_lab/p0_bar_two_actor_p4_29fea94_cont2_gpu_d923/runs/two_actor_p4/hopper-medium-replay-v2_tau20_mcep4_seed0
bar_p4|hopper-medium-replay-v2|T=20|seed=1,evalable,MART4,hopper-medium-replay-v2,20,1,e413d16a653a494c297a7e7c609b748437021dcc9c534cc0c46efc1e376a5fb4,,True,/home/ext_csv/mpi_sweep_lab/p0_bar_two_actor_p4_29fea94_cont2_gpu_d923/runs/bar_p4/hopper-medium-replay-v2_tau20_mpi4_seed1
two_actor_p4|hopper-medium-replay-v2|T=20|seed=1,evalable,two_actor_p4,hopper-medium-replay-v2,20,1,f157d18b2ced80da9c4faebeff20a4b76f25e9a6cb7146b4036716c5f3afc315,,True,/home/ext_csv/mpi_sweep_lab/p0_bar_two_actor_p4_29fea94_cont2_gpu_d923/runs/two_actor_p4/hopper-medium-replay-v2_tau20_mcep4_seed1
bar_p4|hopper-expert-v2|T=4|seed=0,evalable,MART4,hopper-expert-v2,4,0,4934dadbfeadc6a23425de6c13899f7d6bd543997db6b8960f44bbb57047543c,,True,/home/ext_csv/mpi_sweep_lab/p0_bar_two_actor_p4_29fea94_cont2_gpu_d923/runs/bar_p4/hopper-expert-v2_tau4_mpi4_seed0
two_actor_p4|hopper-expert-v2|T=4|seed=0,evalable,two_actor_p4,hopper-expert-v2,4,0,8c90b49467933995b5b315fc7d0b0131181e8968cbf835703cc3fd49ca4e653a,,True,/home/ext_csv/mpi_sweep_lab/p0_bar_two_actor_p4_29fea94_cont2_gpu_d923/runs/two_actor_p4/hopper-expert-v2_tau4_mcep4_seed0
bar_p4|hopper-expert-v2|T=4|seed=1,evalable,MART4,hopper-expert-v2,4,1,96746961fa99fa4dd4b358b3af506138b338a8f8ce377df8e6941e4076b35846,,True,/home/ext_csv/mpi_sweep_lab/p0_bar_two_actor_p4_29fea94_cont2_gpu_d923/runs/bar_p4/hopper-expert-v2_tau4_mpi4_seed1
two_actor_p4|hopper-expert-v2|T=4|seed=1,evalable,two_actor_p4,hopper-expert-v2,4,1,c2e6c4dc0e9897a588c32b52fa438ecf576067e4e6a9b5fe7d0ccc41a0f2fd1d,,True,/home/ext_csv/mpi_sweep_lab/p0_bar_two_actor_p4_29fea94_cont2_gpu_d923/runs/two_actor_p4/hopper-expert-v2_tau4_mcep4_seed1
bar_p4|hopper-expert-v2|T=7|seed=0,evalable,MART4,hopper-expert-v2,7,0,cf85d669dbf5ff3da195e643f41d220c4f4404d9ea66aca26624de0004f9633b,,True,/home/ext_csv/mpi_sweep_lab/p0_bar_two_actor_p4_29fea94_cont2_gpu_d923/runs/bar_p4/hopper-expert-v2_tau7_mpi4_seed0
two_actor_p4|hopper-expert-v2|T=7|seed=0,evalable,two_actor_p4,hopper-expert-v2,7,0,c5a2edbc376fbb0e3711afcde0ac27e2ce717fb5c53281f089ca3ae1447f3f45,,True,/home/ext_csv/mpi_sweep_lab/p0_bar_two_actor_p4_29fea94_cont2_gpu_d923/runs/two_actor_p4/hopper-expert-v2_tau7_mcep4_seed0
bar_p4|hopper-expert-v2|T=7|seed=1,evalable,MART4,hopper-expert-v2,7,1,f322b8c770fc2cec182602de6f9adeb8ed6109e92f474b2d36867aba78c4fdf5,,True,/home/ext_csv/mpi_sweep_lab/p0_bar_two_actor_p4_29fea94_cont2_gpu_d923/runs/bar_p4/hopper-expert-v2_tau7_mpi4_seed1
two_actor_p4|hopper-expert-v2|T=7|seed=1,evalable,two_actor_p4,hopper-expert-v2,7,1,2b767869bd2d01040d52f1748597392a8aea5c89fbdbf84709dbeadb4bf564cf,,True,/home/ext_csv/mpi_sweep_lab/p0_bar_two_actor_p4_29fea94_cont2_gpu_d923/runs/two_actor_p4/hopper-expert-v2_tau7_mcep4_seed1
bar_p4|hopper-expert-v2|T=10|seed=0,evalable,MART4,hopper-expert-v2,10,0,51f81441d59524dce5138520603a366434d87fa32a2e61090c2a9f51d6dcee11,,True,/home/ext_csv/mpi_sweep_lab/p0_bar_two_actor_p4_29fea94_cont2_gpu_d923/runs/bar_p4/hopper-expert-v2_tau10_mpi4_seed0
two_actor_p4|hopper-expert-v2|T=10|seed=0,evalable,two_actor_p4,hopper-expert-v2,10,0,28394e42e1aaf52023c81836c8240c82adc91d6ceecec2eaabb714f8c7adc1f2,,True,/home/ext_csv/mpi_sweep_lab/p0_bar_two_actor_p4_29fea94_cont2_gpu_d923/runs/two_actor_p4/hopper-expert-v2_tau10_mcep4_seed0
bar_p4|hopper-expert-v2|T=10|seed=1,evalable,MART4,hopper-expert-v2,10,1,7fb0cd4a9b7259187baae09587141fe05649f34ca4769f34127c62dbe9245319,,True,/home/ext_csv/mpi_sweep_lab/p0_bar_two_actor_p4_29fea94_cont2_gpu_d923/runs/bar_p4/hopper-expert-v2_tau10_mpi4_seed1
two_actor_p4|hopper-expert-v2|T=10|seed=1,evalable,two_actor_p4,hopper-expert-v2,10,1,a9fdf658b85802e247d396072781f85a8b64be515e302c64fd48a91fbbeb4f57,,True,/home/ext_csv/mpi_sweep_lab/p0_bar_two_actor_p4_29fea94_cont2_gpu_d923/runs/two_actor_p4/hopper-expert-v2_tau10_mcep4_seed1
bar_p4|hopper-expert-v2|T=14|seed=0,evalable,MART4,hopper-expert-v2,14,0,c5adbd087e19ff6d5c0295dbe4b0a8321357d78e0934a75e9f97316c90fb1c65,,True,/home/ext_csv/mpi_sweep_lab/p0_bar_two_actor_p4_29fea94_cont2_gpu_d923/runs/bar_p4/hopper-expert-v2_tau14_mpi4_seed0
two_actor_p4|hopper-expert-v2|T=14|seed=0,evalable,two_actor_p4,hopper-expert-v2,14,0,7d8a92dcd52165b62a710b2ef35594972c5e4bc2a6a333c5f771e58f5946de5a,,True,/home/ext_csv/mpi_sweep_lab/p0_bar_two_actor_p4_29fea94_cont2_gpu_d923/runs/two_actor_p4/hopper-expert-v2_tau14_mcep4_seed0
bar_p4|hopper-expert-v2|T=14|seed=1,evalable,MART4,hopper-expert-v2,14,1,5f75ec800e91c857f206fe546bf378e7afe7c325d00d087b2f51039d9afd4dfd,,True,/home/ext_csv/mpi_sweep_lab/p0_bar_two_actor_p4_29fea94_cont2_gpu_d923/runs/bar_p4/hopper-expert-v2_tau14_mpi4_seed1
two_actor_p4|hopper-expert-v2|T=14|seed=1,evalable,two_actor_p4,hopper-expert-v2,14,1,4347f3372f24feb0441821e12b25f93378b30292f181f8707629ef3a52f7aa00,,True,/home/ext_csv/mpi_sweep_lab/p0_bar_two_actor_p4_29fea94_cont2_gpu_d923/runs/two_actor_p4/hopper-expert-v2_tau14_mcep4_seed1
bar_p4|hopper-expert-v2|T=20|seed=0,evalable,MART4,hopper-expert-v2,20,0,8a56280abc545b59e372f23b1e268bc9e7641610fd2579c8917e6cc7f88d3dfb,,True,/home/ext_csv/mpi_sweep_lab/p0_bar_two_actor_p4_29fea94_cont2_gpu_d923/runs/bar_p4/hopper-expert-v2_tau20_mpi4_seed0
two_actor_p4|hopper-expert-v2|T=20|seed=0,evalable,two_actor_p4,hopper-expert-v2,20,0,0dec3a84fc9bdcc101e9ddd1bb22d24aa4dc5ff7f2dd4f9dc1fa73d7ed526db0,,True,/home/ext_csv/mpi_sweep_lab/p0_bar_two_actor_p4_29fea94_cont2_gpu_d923/runs/two_actor_p4/hopper-expert-v2_tau20_mcep4_seed0
bar_p4|hopper-expert-v2|T=20|seed=1,evalable,MART4,hopper-expert-v2,20,1,6eb3cb536309f453caaa8c1aea4d0f263c9e67b002e5a334db823b4fbede41b6,,True,/home/ext_csv/mpi_sweep_lab/p0_bar_two_actor_p4_29fea94_cont2_gpu_d923/runs/bar_p4/hopper-expert-v2_tau20_mpi4_seed1
two_actor_p4|hopper-expert-v2|T=20|seed=1,evalable,two_actor_p4,hopper-expert-v2,20,1,b15c3682d15929b2f1217ee969ae2b8f2d5e06c8c62e6d3d24ce052c041b2633,,True,/home/ext_csv/mpi_sweep_lab/p0_bar_two_actor_p4_29fea94_cont2_gpu_d923/runs/two_actor_p4/hopper-expert-v2_tau20_mcep4_seed1
bar_p4|halfcheetah-medium-v2|T=4|seed=0,evalable,MART4,halfcheetah-medium-v2,4,0,5e3cafdac489cd1ce323c654175cc5ad8082c63f067dd1e3800d656ff26f7b4b,,True,/home/ext_csv/mpi_sweep_lab/p0_bar_two_actor_p4_29fea94_cont2_gpu_d923/runs/bar_p4/halfcheetah-medium-v2_tau4_mpi4_seed0
two_actor_p4|halfcheetah-medium-v2|T=4|seed=0,evalable,two_actor_p4,halfcheetah-medium-v2,4,0,d4db1289494afc4c3c2fc4fe1c6309306a0854500dabc62aba05eda472047fd0,,True,/home/ext_csv/mpi_sweep_lab/p0_bar_two_actor_p4_29fea94_cont2_gpu_d923/runs/two_actor_p4/halfcheetah-medium-v2_tau4_mcep4_seed0
bar_p4|halfcheetah-medium-v2|T=4|seed=1,evalable,MART4,halfcheetah-medium-v2,4,1,709ad3caf0de4f8d7cf356baae66a430aad858e9b83d59828f7c8fa44d48c86b,,True,/home/ext_csv/mpi_sweep_lab/p0_bar_two_actor_p4_29fea94_cont2_gpu_d923/runs/bar_p4/halfcheetah-medium-v2_tau4_mpi4_seed1
two_actor_p4|halfcheetah-medium-v2|T=4|seed=1,evalable,two_actor_p4,halfcheetah-medium-v2,4,1,2423c06591b8afdebb23ec9e2a13885b79e36ffada1fc0d9da41cbe1adbee1f1,,True,/home/ext_csv/mpi_sweep_lab/p0_bar_two_actor_p4_29fea94_cont2_gpu_d923/runs/two_actor_p4/halfcheetah-medium-v2_tau4_mcep4_seed1
bar_p4|halfcheetah-medium-v2|T=7|seed=0,evalable,MART4,halfcheetah-medium-v2,7,0,de88e483eb078ac925e1942b4e01256800282d6957d6c3adfd476184ba24b5f8,,True,/home/ext_csv/mpi_sweep_lab/p0_bar_two_actor_p4_29fea94_cont2_gpu_d923/runs/bar_p4/halfcheetah-medium-v2_tau7_mpi4_seed0
two_actor_p4|halfcheetah-medium-v2|T=7|seed=0,evalable,two_actor_p4,halfcheetah-medium-v2,7,0,7b4de3f19e691197bbd59143b283a3a3b1ed7b8fc7a1bcd800aaa518c84fc2bb,,True,/home/ext_csv/mpi_sweep_lab/p0_bar_two_actor_p4_29fea94_cont2_gpu_d923/runs/two_actor_p4/halfcheetah-medium-v2_tau7_mcep4_seed0
bar_p4|halfcheetah-medium-v2|T=7|seed=1,evalable,MART4,halfcheetah-medium-v2,7,1,e22358d7b7edb1b5ae5cbf9cb3e0ba5fbd8d2e1c7ecb41c37dc0f74418bcb274,,True,/home/ext_csv/mpi_sweep_lab/p0_bar_two_actor_p4_29fea94_cont2_gpu_d923/runs/bar_p4/halfcheetah-medium-v2_tau7_mpi4_seed1
two_actor_p4|halfcheetah-medium-v2|T=7|seed=1,evalable,two_actor_p4,halfcheetah-medium-v2,7,1,80cc96e0f75fa4caff231725aeb557f5e609825eef93ebc756c782de0d88a237,,True,/home/ext_csv/mpi_sweep_lab/p0_bar_two_actor_p4_29fea94_cont2_gpu_d923/runs/two_actor_p4/halfcheetah-medium-v2_tau7_mcep4_seed1
bar_p4|halfcheetah-medium-v2|T=10|seed=0,evalable,MART4,halfcheetah-medium-v2,10,0,284da71dee65dc1cdad33c197fccc12b84f4898cc66b9a7ccf3a9153b206998e,,True,/home/ext_csv/mpi_sweep_lab/p0_bar_two_actor_p4_29fea94_cont2_gpu_d923/runs/bar_p4/halfcheetah-medium-v2_tau10_mpi4_seed0
two_actor_p4|halfcheetah-medium-v2|T=10|seed=0,evalable,two_actor_p4,halfcheetah-medium-v2,10,0,0d309b47c51877d479173eb45d57e08f2d318cb96908225ec9bdc91a52bf481c,,True,/home/ext_csv/mpi_sweep_lab/p0_bar_two_actor_p4_29fea94_cont2_gpu_d923/runs/two_actor_p4/halfcheetah-medium-v2_tau10_mcep4_seed0
bar_p4|halfcheetah-medium-v2|T=10|seed=1,evalable,MART4,halfcheetah-medium-v2,10,1,d483b2c1b59ea493b79ccdb85584423781ad1a0dff6542adae7ddaddd4af31e0,,True,/home/ext_csv/mpi_sweep_lab/p0_bar_two_actor_p4_29fea94_cont2_gpu_d923/runs/bar_p4/halfcheetah-medium-v2_tau10_mpi4_seed1
two_actor_p4|halfcheetah-medium-v2|T=10|seed=1,evalable,two_actor_p4,halfcheetah-medium-v2,10,1,b9e10d8626829eba084f6cbb39024fcea82574a67715497f38b02eda8c35d70f,,True,/home/ext_csv/mpi_sweep_lab/p0_bar_two_actor_p4_29fea94_cont2_gpu_d923/runs/two_actor_p4/halfcheetah-medium-v2_tau10_mcep4_seed1
bar_p4|halfcheetah-medium-v2|T=14|seed=0,evalable,MART4,halfcheetah-medium-v2,14,0,9e67d10a416051f658ddd4e89c856a9f7994d1b5c2dd5381e2f6efed9d129006,,True,/home/ext_csv/mpi_sweep_lab/p0_bar_two_actor_p4_29fea94_cont2_gpu_d923/runs/bar_p4/halfcheetah-medium-v2_tau14_mpi4_seed0
two_actor_p4|halfcheetah-medium-v2|T=14|seed=0,evalable,two_actor_p4,halfcheetah-medium-v2,14,0,c214e4122d4d67e0ca7ca48fb5cb0d9cef16fa9a83a198ecc3d956737bb86c26,,True,/home/ext_csv/mpi_sweep_lab/p0_bar_two_actor_p4_29fea94_cont2_gpu_d923/runs/two_actor_p4/halfcheetah-medium-v2_tau14_mcep4_seed0
bar_p4|halfcheetah-medium-v2|T=14|seed=1,evalable,MART4,halfcheetah-medium-v2,14,1,7979f19d46a03fd79cb0c95208f18525df99fb1e11723cdafb7d149f1f28971f,,True,/home/ext_csv/mpi_sweep_lab/p0_bar_two_actor_p4_29fea94_cont2_gpu_d923/runs/bar_p4/halfcheetah-medium-v2_tau14_mpi4_seed1
two_actor_p4|halfcheetah-medium-v2|T=14|seed=1,evalable,two_actor_p4,halfcheetah-medium-v2,14,1,558638b0206caee1f3400af221316d010e2a1acc55cc96d4c42c108114224349,,True,/home/ext_csv/mpi_sweep_lab/p0_bar_two_actor_p4_29fea94_cont2_gpu_d923/runs/two_actor_p4/halfcheetah-medium-v2_tau14_mcep4_seed1
bar_p4|halfcheetah-medium-v2|T=20|seed=0,evalable,MART4,halfcheetah-medium-v2,20,0,b461c81b79836afebbe1126e1dc4d76e099692a0d8a3f58395513e3f144b41d2,,True,/home/ext_csv/mpi_sweep_lab/p0_bar_two_actor_p4_29fea94_cont2_gpu_d923/runs/bar_p4/halfcheetah-medium-v2_tau20_mpi4_seed0
two_actor_p4|halfcheetah-medium-v2|T=20|seed=0,evalable,two_actor_p4,halfcheetah-medium-v2,20,0,7047bda49fa3d427128c52ffaa80139e87467bb5788954f7bd0ea33792785c54,,True,/home/ext_csv/mpi_sweep_lab/p0_bar_two_actor_p4_29fea94_cont2_gpu_d923/runs/two_actor_p4/halfcheetah-medium-v2_tau20_mcep4_seed0
bar_p4|halfcheetah-medium-v2|T=20|seed=1,evalable,MART4,halfcheetah-medium-v2,20,1,afaf9842d392feb4a994d39565ad5fc6cc2fb41f89bf5523751454083f1376a0,,True,/home/ext_csv/mpi_sweep_lab/p0_bar_two_actor_p4_29fea94_cont2_gpu_d923/runs/bar_p4/halfcheetah-medium-v2_tau20_mpi4_seed1
two_actor_p4|halfcheetah-medium-v2|T=20|seed=1,evalable,two_actor_p4,halfcheetah-medium-v2,20,1,c89579091cf0bc2b2f8cd75cda2af8d60a7e7e453c723f3971b550197e77a6c7,,True,/home/ext_csv/mpi_sweep_lab/p0_bar_two_actor_p4_29fea94_cont2_gpu_d923/runs/two_actor_p4/halfcheetah-medium-v2_tau20_mcep4_seed1
bar_p4|halfcheetah-medium-replay-v2|T=4|seed=0,evalable,MART4,halfcheetah-medium-replay-v2,4,0,c5ce93614b6b000763c75adfb588188bdef682bccd28059bf7567ae426bc1cde,,True,/home/ext_csv/mpi_sweep_lab/p0_bar_two_actor_p4_29fea94_cont2_gpu_d923/runs/bar_p4/halfcheetah-medium-replay-v2_tau4_mpi4_seed0
two_actor_p4|halfcheetah-medium-replay-v2|T=4|seed=0,evalable,two_actor_p4,halfcheetah-medium-replay-v2,4,0,8d0251ae77393799a6a1afeaa79e4d799fcfa79acc6a24bda60c67f25a5f37bd,,True,/home/ext_csv/mpi_sweep_lab/p0_bar_two_actor_p4_29fea94_cont2_gpu_d923/runs/two_actor_p4/halfcheetah-medium-replay-v2_tau4_mcep4_seed0
bar_p4|halfcheetah-medium-replay-v2|T=4|seed=1,evalable,MART4,halfcheetah-medium-replay-v2,4,1,0d814d8e636c8c19068a1c65868feba05f94ee0459889f54784b1efdd1fa9778,,True,/home/ext_csv/mpi_sweep_lab/p0_bar_two_actor_p4_29fea94_cont2_gpu_d923/runs/bar_p4/halfcheetah-medium-replay-v2_tau4_mpi4_seed1
two_actor_p4|halfcheetah-medium-replay-v2|T=4|seed=1,evalable,two_actor_p4,halfcheetah-medium-replay-v2,4,1,12fe70a10eb303e05c8596ffdd93092b67bdad189f0463092a7ec7ee601c788b,,True,/home/ext_csv/mpi_sweep_lab/p0_bar_two_actor_p4_29fea94_cont2_gpu_d923/runs/two_actor_p4/halfcheetah-medium-replay-v2_tau4_mcep4_seed1
bar_p4|halfcheetah-medium-replay-v2|T=7|seed=0,evalable,MART4,halfcheetah-medium-replay-v2,7,0,d789f770dd883b0ee706a994e4aa8e2e4da554cf4c78d496ed7d205946d78e25,,True,/home/ext_csv/mpi_sweep_lab/p0_bar_two_actor_p4_29fea94_cont2_gpu_d923/runs/bar_p4/halfcheetah-medium-replay-v2_tau7_mpi4_seed0
two_actor_p4|halfcheetah-medium-replay-v2|T=7|seed=0,evalable,two_actor_p4,halfcheetah-medium-replay-v2,7,0,7853fb8ab38e84013d60ce25f425e8980ddbdec50d089862f931c83cdc7bd259,,True,/home/ext_csv/mpi_sweep_lab/p0_bar_two_actor_p4_29fea94_cont2_gpu_d923/runs/two_actor_p4/halfcheetah-medium-replay-v2_tau7_mcep4_seed0
bar_p4|halfcheetah-medium-replay-v2|T=7|seed=1,evalable,MART4,halfcheetah-medium-replay-v2,7,1,f9d0860d3c0c2ec41e219c2e852a82e9860882cbe76e69c8b321837712c1b522,,True,/home/ext_csv/mpi_sweep_lab/p0_bar_two_actor_p4_29fea94_cont2_gpu_d923/runs/bar_p4/halfcheetah-medium-replay-v2_tau7_mpi4_seed1
two_actor_p4|halfcheetah-medium-replay-v2|T=7|seed=1,evalable,two_actor_p4,halfcheetah-medium-replay-v2,7,1,57689e9dbc77f8730d9a2ca8fe95b93d71374649205b9bd2076a0cba06be86ff,,True,/home/ext_csv/mpi_sweep_lab/p0_bar_two_actor_p4_29fea94_cont2_gpu_d923/runs/two_actor_p4/halfcheetah-medium-replay-v2_tau7_mcep4_seed1
bar_p4|halfcheetah-medium-replay-v2|T=10|seed=0,evalable,MART4,halfcheetah-medium-replay-v2,10,0,140792dd27c41c1467ab013083c016da4ff009c93291a80657b4ea8817419b20,,True,/home/ext_csv/mpi_sweep_lab/p0_bar_two_actor_p4_29fea94_cont2_gpu_d923/runs/bar_p4/halfcheetah-medium-replay-v2_tau10_mpi4_seed0
two_actor_p4|halfcheetah-medium-replay-v2|T=10|seed=0,evalable,two_actor_p4,halfcheetah-medium-replay-v2,10,0,dac1ab5bf5dc329e9ec961d8ef437f7cb5a246a3a31f0b77c54d17e0e8db28cd,,True,/home/ext_csv/mpi_sweep_lab/p0_bar_two_actor_p4_29fea94_cont2_gpu_d923/runs/two_actor_p4/halfcheetah-medium-replay-v2_tau10_mcep4_seed0
bar_p4|halfcheetah-medium-replay-v2|T=10|seed=1,missing_on_this_host,MART4,halfcheetah-medium-replay-v2,10,1,,1M checkpoint lives on ext_csh; not re-trained and not replaced,,/home/ext_csh/p0_bar_p4_two_actor_p4_29fea94_gpu_v2/runs/bar_p4/halfcheetah-medium-replay-v2_tau10_mpi4_seed1
two_actor_p4|halfcheetah-medium-replay-v2|T=10|seed=1,missing_on_this_host,two_actor_p4,halfcheetah-medium-replay-v2,10,1,,1M checkpoint lives on ext_csh; not re-trained and not replaced,,/home/ext_csh/p0_bar_p4_two_actor_p4_29fea94_gpu_v2/runs/two_actor_p4/halfcheetah-medium-replay-v2_tau10_mcep4_seed1
bar_p4|halfcheetah-medium-replay-v2|T=14|seed=0,missing_on_this_host,MART4,halfcheetah-medium-replay-v2,14,0,,1M checkpoint lives on ext_csh; not re-trained and not replaced,,/home/ext_csh/p0_bar_p4_two_actor_p4_29fea94_gpu_v2/runs/bar_p4/halfcheetah-medium-replay-v2_tau14_mpi4_seed0
two_actor_p4|halfcheetah-medium-replay-v2|T=14|seed=0,missing_on_this_host,two_actor_p4,halfcheetah-medium-replay-v2,14,0,,1M checkpoint lives on ext_csh; not re-trained and not replaced,,/home/ext_csh/p0_bar_p4_two_actor_p4_29fea94_gpu_v2/runs/two_actor_p4/halfcheetah-medium-replay-v2_tau14_mcep4_seed0
bar_p4|halfcheetah-medium-replay-v2|T=14|seed=1,missing_on_this_host,MART4,halfcheetah-medium-replay-v2,14,1,,1M checkpoint lives on ext_csh; not re-trained and not replaced,,/home/ext_csh/p0_bar_p4_two_actor_p4_29fea94_gpu_v2/runs/bar_p4/halfcheetah-medium-replay-v2_tau14_mpi4_seed1
two_actor_p4|halfcheetah-medium-replay-v2|T=14|seed=1,missing_on_this_host,two_actor_p4,halfcheetah-medium-replay-v2,14,1,,1M checkpoint lives on ext_csh; not re-trained and not replaced,,/home/ext_csh/p0_bar_p4_two_actor_p4_29fea94_gpu_v2/runs/two_actor_p4/halfcheetah-medium-replay-v2_tau14_mcep4_seed1
bar_p4|halfcheetah-medium-replay-v2|T=20|seed=0,missing_on_this_host,MART4,halfcheetah-medium-replay-v2,20,0,,1M checkpoint lives on ext_csh; not re-trained and not replaced,,/home/ext_csh/p0_bar_p4_two_actor_p4_29fea94_gpu_v2/runs/bar_p4/halfcheetah-medium-replay-v2_tau20_mpi4_seed0
two_actor_p4|halfcheetah-medium-replay-v2|T=20|seed=0,missing_on_this_host,two_actor_p4,halfcheetah-medium-replay-v2,20,0,,1M checkpoint lives on ext_csh; not re-trained and not replaced,,/home/ext_csh/p0_bar_p4_two_actor_p4_29fea94_gpu_v2/runs/two_actor_p4/halfcheetah-medium-replay-v2_tau20_mcep4_seed0
bar_p4|halfcheetah-medium-replay-v2|T=20|seed=1,missing_on_this_host,MART4,halfcheetah-medium-replay-v2,20,1,,1M checkpoint lives on ext_csh; not re-trained and not replaced,,/home/ext_csh/p0_bar_p4_two_actor_p4_29fea94_gpu_v2/runs/bar_p4/halfcheetah-medium-replay-v2_tau20_mpi4_seed1
two_actor_p4|halfcheetah-medium-replay-v2|T=20|seed=1,missing_on_this_host,two_actor_p4,halfcheetah-medium-replay-v2,20,1,,1M checkpoint lives on ext_csh; not re-trained and not replaced,,/home/ext_csh/p0_bar_p4_two_actor_p4_29fea94_gpu_v2/runs/two_actor_p4/halfcheetah-medium-replay-v2_tau20_mcep4_seed1
bar_p4|halfcheetah-expert-v2|T=4|seed=0,missing_on_this_host,MART4,halfcheetah-expert-v2,4,0,,1M checkpoint lives on ext_csh; not re-trained and not replaced,,/home/ext_csh/p0_bar_p4_two_actor_p4_29fea94_gpu_v2/runs/bar_p4/halfcheetah-expert-v2_tau4_mpi4_seed0
two_actor_p4|halfcheetah-expert-v2|T=4|seed=0,missing_on_this_host,two_actor_p4,halfcheetah-expert-v2,4,0,,1M checkpoint lives on ext_csh; not re-trained and not replaced,,/home/ext_csh/p0_bar_p4_two_actor_p4_29fea94_gpu_v2/runs/two_actor_p4/halfcheetah-expert-v2_tau4_mcep4_seed0
bar_p4|halfcheetah-expert-v2|T=4|seed=1,missing_on_this_host,MART4,halfcheetah-expert-v2,4,1,,1M checkpoint lives on ext_csh; not re-trained and not replaced,,/home/ext_csh/p0_bar_p4_two_actor_p4_29fea94_gpu_v2/runs/bar_p4/halfcheetah-expert-v2_tau4_mpi4_seed1
two_actor_p4|halfcheetah-expert-v2|T=4|seed=1,missing_on_this_host,two_actor_p4,halfcheetah-expert-v2,4,1,,1M checkpoint lives on ext_csh; not re-trained and not replaced,,/home/ext_csh/p0_bar_p4_two_actor_p4_29fea94_gpu_v2/runs/two_actor_p4/halfcheetah-expert-v2_tau4_mcep4_seed1
bar_p4|halfcheetah-expert-v2|T=7|seed=0,missing_on_this_host,MART4,halfcheetah-expert-v2,7,0,,1M checkpoint lives on ext_csh; not re-trained and not replaced,,/home/ext_csh/p0_bar_p4_two_actor_p4_29fea94_gpu_v2/runs/bar_p4/halfcheetah-expert-v2_tau7_mpi4_seed0
two_actor_p4|halfcheetah-expert-v2|T=7|seed=0,missing_on_this_host,two_actor_p4,halfcheetah-expert-v2,7,0,,1M checkpoint lives on ext_csh; not re-trained and not replaced,,/home/ext_csh/p0_bar_p4_two_actor_p4_29fea94_gpu_v2/runs/two_actor_p4/halfcheetah-expert-v2_tau7_mcep4_seed0
bar_p4|halfcheetah-expert-v2|T=7|seed=1,missing_on_this_host,MART4,halfcheetah-expert-v2,7,1,,1M checkpoint lives on ext_csh; not re-trained and not replaced,,/home/ext_csh/p0_bar_p4_two_actor_p4_29fea94_gpu_v2/runs/bar_p4/halfcheetah-expert-v2_tau7_mpi4_seed1
two_actor_p4|halfcheetah-expert-v2|T=7|seed=1,missing_on_this_host,two_actor_p4,halfcheetah-expert-v2,7,1,,1M checkpoint lives on ext_csh; not re-trained and not replaced,,/home/ext_csh/p0_bar_p4_two_actor_p4_29fea94_gpu_v2/runs/two_actor_p4/halfcheetah-expert-v2_tau7_mcep4_seed1
bar_p4|halfcheetah-expert-v2|T=10|seed=0,missing_on_this_host,MART4,halfcheetah-expert-v2,10,0,,1M checkpoint lives on ext_csh; not re-trained and not replaced,,/home/ext_csh/p0_bar_p4_two_actor_p4_29fea94_gpu_v2/runs/bar_p4/halfcheetah-expert-v2_tau10_mpi4_seed0
two_actor_p4|halfcheetah-expert-v2|T=10|seed=0,missing_on_this_host,two_actor_p4,halfcheetah-expert-v2,10,0,,1M checkpoint lives on ext_csh; not re-trained and not replaced,,/home/ext_csh/p0_bar_p4_two_actor_p4_29fea94_gpu_v2/runs/two_actor_p4/halfcheetah-expert-v2_tau10_mcep4_seed0
bar_p4|halfcheetah-expert-v2|T=10|seed=1,missing_on_this_host,MART4,halfcheetah-expert-v2,10,1,,1M checkpoint lives on ext_csh; not re-trained and not replaced,,/home/ext_csh/p0_bar_p4_two_actor_p4_29fea94_gpu_v2/runs/bar_p4/halfcheetah-expert-v2_tau10_mpi4_seed1
two_actor_p4|halfcheetah-expert-v2|T=10|seed=1,missing_on_this_host,two_actor_p4,halfcheetah-expert-v2,10,1,,1M checkpoint lives on ext_csh; not re-trained and not replaced,,/home/ext_csh/p0_bar_p4_two_actor_p4_29fea94_gpu_v2/runs/two_actor_p4/halfcheetah-expert-v2_tau10_mcep4_seed1
bar_p4|halfcheetah-expert-v2|T=14|seed=0,missing_on_this_host,MART4,halfcheetah-expert-v2,14,0,,1M checkpoint lives on ext_csh; not re-trained and not replaced,,/home/ext_csh/p0_bar_p4_two_actor_p4_29fea94_gpu_v2/runs/bar_p4/halfcheetah-expert-v2_tau14_mpi4_seed0
two_actor_p4|halfcheetah-expert-v2|T=14|seed=0,missing_on_this_host,two_actor_p4,halfcheetah-expert-v2,14,0,,1M checkpoint lives on ext_csh; not re-trained and not replaced,,/home/ext_csh/p0_bar_p4_two_actor_p4_29fea94_gpu_v2/runs/two_actor_p4/halfcheetah-expert-v2_tau14_mcep4_seed0
bar_p4|halfcheetah-expert-v2|T=14|seed=1,missing_on_this_host,MART4,halfcheetah-expert-v2,14,1,,1M checkpoint lives on ext_csh; not re-trained and not replaced,,/home/ext_csh/p0_bar_p4_two_actor_p4_29fea94_gpu_v2/runs/bar_p4/halfcheetah-expert-v2_tau14_mpi4_seed1
two_actor_p4|halfcheetah-expert-v2|T=14|seed=1,missing_on_this_host,two_actor_p4,halfcheetah-expert-v2,14,1,,1M checkpoint lives on ext_csh; not re-trained and not replaced,,/home/ext_csh/p0_bar_p4_two_actor_p4_29fea94_gpu_v2/runs/two_actor_p4/halfcheetah-expert-v2_tau14_mcep4_seed1
bar_p4|halfcheetah-expert-v2|T=20|seed=0,missing_on_this_host,MART4,halfcheetah-expert-v2,20,0,,1M checkpoint lives on ext_csh; not re-trained and not replaced,,/home/ext_csh/p0_bar_p4_two_actor_p4_29fea94_gpu_v2/runs/bar_p4/halfcheetah-expert-v2_tau20_mpi4_seed0
two_actor_p4|halfcheetah-expert-v2|T=20|seed=0,missing_on_this_host,two_actor_p4,halfcheetah-expert-v2,20,0,,1M checkpoint lives on ext_csh; not re-trained and not replaced,,/home/ext_csh/p0_bar_p4_two_actor_p4_29fea94_gpu_v2/runs/two_actor_p4/halfcheetah-expert-v2_tau20_mcep4_seed0
bar_p4|halfcheetah-expert-v2|T=20|seed=1,missing_on_this_host,MART4,halfcheetah-expert-v2,20,1,,1M checkpoint lives on ext_csh; not re-trained and not replaced,,/home/ext_csh/p0_bar_p4_two_actor_p4_29fea94_gpu_v2/runs/bar_p4/halfcheetah-expert-v2_tau20_mpi4_seed1
two_actor_p4|halfcheetah-expert-v2|T=20|seed=1,missing_on_this_host,two_actor_p4,halfcheetah-expert-v2,20,1,,1M checkpoint lives on ext_csh; not re-trained and not replaced,,/home/ext_csh/p0_bar_p4_two_actor_p4_29fea94_gpu_v2/runs/two_actor_p4/halfcheetah-expert-v2_tau20_mcep4_seed1
bar_p4|walker2d-medium-v2|T=4|seed=0,missing_on_this_host,MART4,walker2d-medium-v2,4,0,,1M checkpoint lives on ext_csh; not re-trained and not replaced,,/home/ext_csh/p0_bar_p4_two_actor_p4_29fea94_gpu_v2/runs/bar_p4/walker2d-medium-v2_tau4_mpi4_seed0
two_actor_p4|walker2d-medium-v2|T=4|seed=0,missing_on_this_host,two_actor_p4,walker2d-medium-v2,4,0,,1M checkpoint lives on ext_csh; not re-trained and not replaced,,/home/ext_csh/p0_bar_p4_two_actor_p4_29fea94_gpu_v2/runs/two_actor_p4/walker2d-medium-v2_tau4_mcep4_seed0
bar_p4|walker2d-medium-v2|T=4|seed=1,missing_on_this_host,MART4,walker2d-medium-v2,4,1,,1M checkpoint lives on ext_csh; not re-trained and not replaced,,/home/ext_csh/p0_bar_p4_two_actor_p4_29fea94_gpu_v2/runs/bar_p4/walker2d-medium-v2_tau4_mpi4_seed1
two_actor_p4|walker2d-medium-v2|T=4|seed=1,missing_on_this_host,two_actor_p4,walker2d-medium-v2,4,1,,1M checkpoint lives on ext_csh; not re-trained and not replaced,,/home/ext_csh/p0_bar_p4_two_actor_p4_29fea94_gpu_v2/runs/two_actor_p4/walker2d-medium-v2_tau4_mcep4_seed1
bar_p4|walker2d-medium-v2|T=7|seed=0,missing_on_this_host,MART4,walker2d-medium-v2,7,0,,1M checkpoint lives on ext_csh; not re-trained and not replaced,,/home/ext_csh/p0_bar_p4_two_actor_p4_29fea94_gpu_v2/runs/bar_p4/walker2d-medium-v2_tau7_mpi4_seed0
two_actor_p4|walker2d-medium-v2|T=7|seed=0,missing_on_this_host,two_actor_p4,walker2d-medium-v2,7,0,,1M checkpoint lives on ext_csh; not re-trained and not replaced,,/home/ext_csh/p0_bar_p4_two_actor_p4_29fea94_gpu_v2/runs/two_actor_p4/walker2d-medium-v2_tau7_mcep4_seed0
bar_p4|walker2d-medium-v2|T=7|seed=1,missing_on_this_host,MART4,walker2d-medium-v2,7,1,,1M checkpoint lives on ext_csh; not re-trained and not replaced,,/home/ext_csh/p0_bar_p4_two_actor_p4_29fea94_gpu_v2/runs/bar_p4/walker2d-medium-v2_tau7_mpi4_seed1
two_actor_p4|walker2d-medium-v2|T=7|seed=1,missing_on_this_host,two_actor_p4,walker2d-medium-v2,7,1,,1M checkpoint lives on ext_csh; not re-trained and not replaced,,/home/ext_csh/p0_bar_p4_two_actor_p4_29fea94_gpu_v2/runs/two_actor_p4/walker2d-medium-v2_tau7_mcep4_seed1
bar_p4|walker2d-medium-v2|T=10|seed=0,missing_on_this_host,MART4,walker2d-medium-v2,10,0,,1M checkpoint lives on ext_csh; not re-trained and not replaced,,/home/ext_csh/p0_bar_p4_two_actor_p4_29fea94_gpu_v2/runs/bar_p4/walker2d-medium-v2_tau10_mpi4_seed0
two_actor_p4|walker2d-medium-v2|T=10|seed=0,missing_on_this_host,two_actor_p4,walker2d-medium-v2,10,0,,1M checkpoint lives on ext_csh; not re-trained and not replaced,,/home/ext_csh/p0_bar_p4_two_actor_p4_29fea94_gpu_v2/runs/two_actor_p4/walker2d-medium-v2_tau10_mcep4_seed0
bar_p4|walker2d-medium-v2|T=10|seed=1,missing_on_this_host,MART4,walker2d-medium-v2,10,1,,1M checkpoint lives on ext_csh; not re-trained and not replaced,,/home/ext_csh/p0_bar_p4_two_actor_p4_29fea94_gpu_v2/runs/bar_p4/walker2d-medium-v2_tau10_mpi4_seed1
two_actor_p4|walker2d-medium-v2|T=10|seed=1,missing_on_this_host,two_actor_p4,walker2d-medium-v2,10,1,,1M checkpoint lives on ext_csh; not re-trained and not replaced,,/home/ext_csh/p0_bar_p4_two_actor_p4_29fea94_gpu_v2/runs/two_actor_p4/walker2d-medium-v2_tau10_mcep4_seed1
bar_p4|walker2d-medium-v2|T=14|seed=0,missing_on_this_host,MART4,walker2d-medium-v2,14,0,,1M checkpoint lives on ext_csh; not re-trained and not replaced,,/home/ext_csh/p0_bar_p4_two_actor_p4_29fea94_gpu_v2/runs/bar_p4/walker2d-medium-v2_tau14_mpi4_seed0
two_actor_p4|walker2d-medium-v2|T=14|seed=0,missing_on_this_host,two_actor_p4,walker2d-medium-v2,14,0,,1M checkpoint lives on ext_csh; not re-trained and not replaced,,/home/ext_csh/p0_bar_p4_two_actor_p4_29fea94_gpu_v2/runs/two_actor_p4/walker2d-medium-v2_tau14_mcep4_seed0
bar_p4|walker2d-medium-v2|T=14|seed=1,missing_on_this_host,MART4,walker2d-medium-v2,14,1,,1M checkpoint lives on ext_csh; not re-trained and not replaced,,/home/ext_csh/p0_bar_p4_two_actor_p4_29fea94_gpu_v2/runs/bar_p4/walker2d-medium-v2_tau14_mpi4_seed1
two_actor_p4|walker2d-medium-v2|T=14|seed=1,missing_on_this_host,two_actor_p4,walker2d-medium-v2,14,1,,1M checkpoint lives on ext_csh; not re-trained and not replaced,,/home/ext_csh/p0_bar_p4_two_actor_p4_29fea94_gpu_v2/runs/two_actor_p4/walker2d-medium-v2_tau14_mcep4_seed1
bar_p4|walker2d-medium-v2|T=20|seed=0,missing_on_this_host,MART4,walker2d-medium-v2,20,0,,1M checkpoint lives on ext_csh; not re-trained and not replaced,,/home/ext_csh/p0_bar_p4_two_actor_p4_29fea94_gpu_v2/runs/bar_p4/walker2d-medium-v2_tau20_mpi4_seed0
two_actor_p4|walker2d-medium-v2|T=20|seed=0,missing_on_this_host,two_actor_p4,walker2d-medium-v2,20,0,,1M checkpoint lives on ext_csh; not re-trained and not replaced,,/home/ext_csh/p0_bar_p4_two_actor_p4_29fea94_gpu_v2/runs/two_actor_p4/walker2d-medium-v2_tau20_mcep4_seed0
bar_p4|walker2d-medium-v2|T=20|seed=1,missing_on_this_host,MART4,walker2d-medium-v2,20,1,,1M checkpoint lives on ext_csh; not re-trained and not replaced,,/home/ext_csh/p0_bar_p4_two_actor_p4_29fea94_gpu_v2/runs/bar_p4/walker2d-medium-v2_tau20_mpi4_seed1
two_actor_p4|walker2d-medium-v2|T=20|seed=1,missing_on_this_host,two_actor_p4,walker2d-medium-v2,20,1,,1M checkpoint lives on ext_csh; not re-trained and not replaced,,/home/ext_csh/p0_bar_p4_two_actor_p4_29fea94_gpu_v2/runs/two_actor_p4/walker2d-medium-v2_tau20_mcep4_seed1
bar_p4|walker2d-medium-replay-v2|T=4|seed=0,missing_on_this_host,MART4,walker2d-medium-replay-v2,4,0,,1M checkpoint lives on ext_csh; not re-trained and not replaced,,/home/ext_csh/p0_bar_p4_two_actor_p4_29fea94_gpu_v2/runs/bar_p4/walker2d-medium-replay-v2_tau4_mpi4_seed0
two_actor_p4|walker2d-medium-replay-v2|T=4|seed=0,missing_on_this_host,two_actor_p4,walker2d-medium-replay-v2,4,0,,1M checkpoint lives on ext_csh; not re-trained and not replaced,,/home/ext_csh/p0_bar_p4_two_actor_p4_29fea94_gpu_v2/runs/two_actor_p4/walker2d-medium-replay-v2_tau4_mcep4_seed0
bar_p4|walker2d-medium-replay-v2|T=4|seed=1,missing_on_this_host,MART4,walker2d-medium-replay-v2,4,1,,1M checkpoint lives on ext_csh; not re-trained and not replaced,,/home/ext_csh/p0_bar_p4_two_actor_p4_29fea94_gpu_v2/runs/bar_p4/walker2d-medium-replay-v2_tau4_mpi4_seed1
two_actor_p4|walker2d-medium-replay-v2|T=4|seed=1,missing_on_this_host,two_actor_p4,walker2d-medium-replay-v2,4,1,,1M checkpoint lives on ext_csh; not re-trained and not replaced,,/home/ext_csh/p0_bar_p4_two_actor_p4_29fea94_gpu_v2/runs/two_actor_p4/walker2d-medium-replay-v2_tau4_mcep4_seed1
bar_p4|walker2d-medium-replay-v2|T=7|seed=0,missing_on_this_host,MART4,walker2d-medium-replay-v2,7,0,,1M checkpoint lives on ext_csh; not re-trained and not replaced,,/home/ext_csh/p0_bar_p4_two_actor_p4_29fea94_gpu_v2/runs/bar_p4/walker2d-medium-replay-v2_tau7_mpi4_seed0
two_actor_p4|walker2d-medium-replay-v2|T=7|seed=0,missing_on_this_host,two_actor_p4,walker2d-medium-replay-v2,7,0,,1M checkpoint lives on ext_csh; not re-trained and not replaced,,/home/ext_csh/p0_bar_p4_two_actor_p4_29fea94_gpu_v2/runs/two_actor_p4/walker2d-medium-replay-v2_tau7_mcep4_seed0
bar_p4|walker2d-medium-replay-v2|T=7|seed=1,missing_on_this_host,MART4,walker2d-medium-replay-v2,7,1,,1M checkpoint lives on ext_csh; not re-trained and not replaced,,/home/ext_csh/p0_bar_p4_two_actor_p4_29fea94_gpu_v2/runs/bar_p4/walker2d-medium-replay-v2_tau7_mpi4_seed1
two_actor_p4|walker2d-medium-replay-v2|T=7|seed=1,missing_on_this_host,two_actor_p4,walker2d-medium-replay-v2,7,1,,1M checkpoint lives on ext_csh; not re-trained and not replaced,,/home/ext_csh/p0_bar_p4_two_actor_p4_29fea94_gpu_v2/runs/two_actor_p4/walker2d-medium-replay-v2_tau7_mcep4_seed1
bar_p4|walker2d-medium-replay-v2|T=10|seed=0,missing_on_this_host,MART4,walker2d-medium-replay-v2,10,0,,1M checkpoint lives on ext_csh; not re-trained and not replaced,,/home/ext_csh/p0_bar_p4_two_actor_p4_29fea94_gpu_v2/runs/bar_p4/walker2d-medium-replay-v2_tau10_mpi4_seed0
two_actor_p4|walker2d-medium-replay-v2|T=10|seed=0,missing_on_this_host,two_actor_p4,walker2d-medium-replay-v2,10,0,,1M checkpoint lives on ext_csh; not re-trained and not replaced,,/home/ext_csh/p0_bar_p4_two_actor_p4_29fea94_gpu_v2/runs/two_actor_p4/walker2d-medium-replay-v2_tau10_mcep4_seed0
bar_p4|walker2d-medium-replay-v2|T=10|seed=1,missing_on_this_host,MART4,walker2d-medium-replay-v2,10,1,,1M checkpoint lives on ext_csh; not re-trained and not replaced,,/home/ext_csh/p0_bar_p4_two_actor_p4_29fea94_gpu_v2/runs/bar_p4/walker2d-medium-replay-v2_tau10_mpi4_seed1
two_actor_p4|walker2d-medium-replay-v2|T=10|seed=1,missing_on_this_host,two_actor_p4,walker2d-medium-replay-v2,10,1,,1M checkpoint lives on ext_csh; not re-trained and not replaced,,/home/ext_csh/p0_bar_p4_two_actor_p4_29fea94_gpu_v2/runs/two_actor_p4/walker2d-medium-replay-v2_tau10_mcep4_seed1
bar_p4|walker2d-medium-replay-v2|T=14|seed=0,missing_on_this_host,MART4,walker2d-medium-replay-v2,14,0,,1M checkpoint lives on ext_csh; not re-trained and not replaced,,/home/ext_csh/p0_bar_p4_two_actor_p4_29fea94_gpu_v2/runs/bar_p4/walker2d-medium-replay-v2_tau14_mpi4_seed0
two_actor_p4|walker2d-medium-replay-v2|T=14|seed=0,missing_on_this_host,two_actor_p4,walker2d-medium-replay-v2,14,0,,1M checkpoint lives on ext_csh; not re-trained and not replaced,,/home/ext_csh/p0_bar_p4_two_actor_p4_29fea94_gpu_v2/runs/two_actor_p4/walker2d-medium-replay-v2_tau14_mcep4_seed0
bar_p4|walker2d-medium-replay-v2|T=14|seed=1,missing_on_this_host,MART4,walker2d-medium-replay-v2,14,1,,1M checkpoint lives on ext_csh; not re-trained and not replaced,,/home/ext_csh/p0_bar_p4_two_actor_p4_29fea94_gpu_v2/runs/bar_p4/walker2d-medium-replay-v2_tau14_mpi4_seed1
two_actor_p4|walker2d-medium-replay-v2|T=14|seed=1,missing_on_this_host,two_actor_p4,walker2d-medium-replay-v2,14,1,,1M checkpoint lives on ext_csh; not re-trained and not replaced,,/home/ext_csh/p0_bar_p4_two_actor_p4_29fea94_gpu_v2/runs/two_actor_p4/walker2d-medium-replay-v2_tau14_mcep4_seed1
bar_p4|walker2d-medium-replay-v2|T=20|seed=0,missing_on_this_host,MART4,walker2d-medium-replay-v2,20,0,,1M checkpoint lives on ext_csh; not re-trained and not replaced,,/home/ext_csh/p0_bar_p4_two_actor_p4_29fea94_gpu_v2/runs/bar_p4/walker2d-medium-replay-v2_tau20_mpi4_seed0
two_actor_p4|walker2d-medium-replay-v2|T=20|seed=0,missing_on_this_host,two_actor_p4,walker2d-medium-replay-v2,20,0,,1M checkpoint lives on ext_csh; not re-trained and not replaced,,/home/ext_csh/p0_bar_p4_two_actor_p4_29fea94_gpu_v2/runs/two_actor_p4/walker2d-medium-replay-v2_tau20_mcep4_seed0
bar_p4|walker2d-medium-replay-v2|T=20|seed=1,missing_on_this_host,MART4,walker2d-medium-replay-v2,20,1,,1M checkpoint lives on ext_csh; not re-trained and not replaced,,/home/ext_csh/p0_bar_p4_two_actor_p4_29fea94_gpu_v2/runs/bar_p4/walker2d-medium-replay-v2_tau20_mpi4_seed1
two_actor_p4|walker2d-medium-replay-v2|T=20|seed=1,missing_on_this_host,two_actor_p4,walker2d-medium-replay-v2,20,1,,1M checkpoint lives on ext_csh; not re-trained and not replaced,,/home/ext_csh/p0_bar_p4_two_actor_p4_29fea94_gpu_v2/runs/two_actor_p4/walker2d-medium-replay-v2_tau20_mcep4_seed1
bar_p4|walker2d-expert-v2|T=4|seed=0,missing_on_this_host,MART4,walker2d-expert-v2,4,0,,1M checkpoint lives on ext_csh; not re-trained and not replaced,,/home/ext_csh/p0_bar_p4_two_actor_p4_29fea94_gpu_v2/runs/bar_p4/walker2d-expert-v2_tau4_mpi4_seed0
two_actor_p4|walker2d-expert-v2|T=4|seed=0,missing_on_this_host,two_actor_p4,walker2d-expert-v2,4,0,,1M checkpoint lives on ext_csh; not re-trained and not replaced,,/home/ext_csh/p0_bar_p4_two_actor_p4_29fea94_gpu_v2/runs/two_actor_p4/walker2d-expert-v2_tau4_mcep4_seed0
bar_p4|walker2d-expert-v2|T=4|seed=1,missing_on_this_host,MART4,walker2d-expert-v2,4,1,,1M checkpoint lives on ext_csh; not re-trained and not replaced,,/home/ext_csh/p0_bar_p4_two_actor_p4_29fea94_gpu_v2/runs/bar_p4/walker2d-expert-v2_tau4_mpi4_seed1
two_actor_p4|walker2d-expert-v2|T=4|seed=1,missing_on_this_host,two_actor_p4,walker2d-expert-v2,4,1,,1M checkpoint lives on ext_csh; not re-trained and not replaced,,/home/ext_csh/p0_bar_p4_two_actor_p4_29fea94_gpu_v2/runs/two_actor_p4/walker2d-expert-v2_tau4_mcep4_seed1
bar_p4|walker2d-expert-v2|T=7|seed=0,missing_on_this_host,MART4,walker2d-expert-v2,7,0,,1M checkpoint lives on ext_csh; not re-trained and not replaced,,/home/ext_csh/p0_bar_p4_two_actor_p4_29fea94_gpu_v2/runs/bar_p4/walker2d-expert-v2_tau7_mpi4_seed0
two_actor_p4|walker2d-expert-v2|T=7|seed=0,missing_on_this_host,two_actor_p4,walker2d-expert-v2,7,0,,1M checkpoint lives on ext_csh; not re-trained and not replaced,,/home/ext_csh/p0_bar_p4_two_actor_p4_29fea94_gpu_v2/runs/two_actor_p4/walker2d-expert-v2_tau7_mcep4_seed0
bar_p4|walker2d-expert-v2|T=7|seed=1,missing_on_this_host,MART4,walker2d-expert-v2,7,1,,1M checkpoint lives on ext_csh; not re-trained and not replaced,,/home/ext_csh/p0_bar_p4_two_actor_p4_29fea94_gpu_v2/runs/bar_p4/walker2d-expert-v2_tau7_mpi4_seed1
two_actor_p4|walker2d-expert-v2|T=7|seed=1,missing_on_this_host,two_actor_p4,walker2d-expert-v2,7,1,,1M checkpoint lives on ext_csh; not re-trained and not replaced,,/home/ext_csh/p0_bar_p4_two_actor_p4_29fea94_gpu_v2/runs/two_actor_p4/walker2d-expert-v2_tau7_mcep4_seed1
bar_p4|walker2d-expert-v2|T=10|seed=0,missing_on_this_host,MART4,walker2d-expert-v2,10,0,,1M checkpoint lives on ext_csh; not re-trained and not replaced,,/home/ext_csh/p0_bar_p4_two_actor_p4_29fea94_gpu_v2/runs/bar_p4/walker2d-expert-v2_tau10_mpi4_seed0
two_actor_p4|walker2d-expert-v2|T=10|seed=0,missing_on_this_host,two_actor_p4,walker2d-expert-v2,10,0,,1M checkpoint lives on ext_csh; not re-trained and not replaced,,/home/ext_csh/p0_bar_p4_two_actor_p4_29fea94_gpu_v2/runs/two_actor_p4/walker2d-expert-v2_tau10_mcep4_seed0
bar_p4|walker2d-expert-v2|T=10|seed=1,missing_on_this_host,MART4,walker2d-expert-v2,10,1,,1M checkpoint lives on ext_csh; not re-trained and not replaced,,/home/ext_csh/p0_bar_p4_two_actor_p4_29fea94_gpu_v2/runs/bar_p4/walker2d-expert-v2_tau10_mpi4_seed1
two_actor_p4|walker2d-expert-v2|T=10|seed=1,missing_on_this_host,two_actor_p4,walker2d-expert-v2,10,1,,1M checkpoint lives on ext_csh; not re-trained and not replaced,,/home/ext_csh/p0_bar_p4_two_actor_p4_29fea94_gpu_v2/runs/two_actor_p4/walker2d-expert-v2_tau10_mcep4_seed1
bar_p4|walker2d-expert-v2|T=14|seed=0,missing_on_this_host,MART4,walker2d-expert-v2,14,0,,1M checkpoint lives on ext_csh; not re-trained and not replaced,,/home/ext_csh/p0_bar_p4_two_actor_p4_29fea94_gpu_v2/runs/bar_p4/walker2d-expert-v2_tau14_mpi4_seed0
two_actor_p4|walker2d-expert-v2|T=14|seed=0,missing_on_this_host,two_actor_p4,walker2d-expert-v2,14,0,,1M checkpoint lives on ext_csh; not re-trained and not replaced,,/home/ext_csh/p0_bar_p4_two_actor_p4_29fea94_gpu_v2/runs/two_actor_p4/walker2d-expert-v2_tau14_mcep4_seed0
bar_p4|walker2d-expert-v2|T=14|seed=1,missing_on_this_host,MART4,walker2d-expert-v2,14,1,,1M checkpoint lives on ext_csh; not re-trained and not replaced,,/home/ext_csh/p0_bar_p4_two_actor_p4_29fea94_gpu_v2/runs/bar_p4/walker2d-expert-v2_tau14_mpi4_seed1
two_actor_p4|walker2d-expert-v2|T=14|seed=1,missing_on_this_host,two_actor_p4,walker2d-expert-v2,14,1,,1M checkpoint lives on ext_csh; not re-trained and not replaced,,/home/ext_csh/p0_bar_p4_two_actor_p4_29fea94_gpu_v2/runs/two_actor_p4/walker2d-expert-v2_tau14_mcep4_seed1
bar_p4|walker2d-expert-v2|T=20|seed=0,missing_on_this_host,MART4,walker2d-expert-v2,20,0,,1M checkpoint lives on ext_csh; not re-trained and not replaced,,/home/ext_csh/p0_bar_p4_two_actor_p4_29fea94_gpu_v2/runs/bar_p4/walker2d-expert-v2_tau20_mpi4_seed0
two_actor_p4|walker2d-expert-v2|T=20|seed=0,missing_on_this_host,two_actor_p4,walker2d-expert-v2,20,0,,1M checkpoint lives on ext_csh; not re-trained and not replaced,,/home/ext_csh/p0_bar_p4_two_actor_p4_29fea94_gpu_v2/runs/two_actor_p4/walker2d-expert-v2_tau20_mcep4_seed0
bar_p4|walker2d-expert-v2|T=20|seed=1,missing_on_this_host,MART4,walker2d-expert-v2,20,1,,1M checkpoint lives on ext_csh; not re-trained and not replaced,,/home/ext_csh/p0_bar_p4_two_actor_p4_29fea94_gpu_v2/runs/bar_p4/walker2d-expert-v2_tau20_mpi4_seed1
two_actor_p4|walker2d-expert-v2|T=20|seed=1,missing_on_this_host,two_actor_p4,walker2d-expert-v2,20,1,,1M checkpoint lives on ext_csh; not re-trained and not replaced,,/home/ext_csh/p0_bar_p4_two_actor_p4_29fea94_gpu_v2/runs/two_actor_p4/walker2d-expert-v2_tau20_mcep4_seed1
