task,T,training_seed,method,actor_index,actor_role,n_episodes,mean_normalized,mean_raw_return,mean_length,n_timeout,pooled_reward_per_step,mean_episode_reward_per_step
halfcheetah-medium-replay-v2,4,0,MART4,1,mu1,10,44.17465911220721,5204.184027658248,1000.0,10,5.204184027658248,5.204184027658248
halfcheetah-medium-replay-v2,4,0,MART4,2,mu2,10,46.93416694311328,5546.781863087284,1000.0,10,5.5467818630872845,5.546781863087285
halfcheetah-medium-replay-v2,4,0,MART4,3,mu3,10,49.205660346792705,5828.791834059675,1000.0,10,5.828791834059675,5.828791834059676
halfcheetah-medium-replay-v2,4,0,MART4,4,mu4,10,49.86607758129658,5910.783815559785,1000.0,10,5.9107838155597845,5.910783815559785
halfcheetah-medium-replay-v2,4,0,two_actor_p4,1,target_value,10,43.07539308886831,5067.708183691196,1000.0,10,5.067708183691196,5.067708183691196
halfcheetah-medium-replay-v2,4,0,two_actor_p4,2,deployment,10,48.92762619142634,5794.273396120478,1000.0,10,5.794273396120478,5.794273396120479
halfcheetah-medium-replay-v2,4,1,MART4,1,mu1,10,43.45238254982036,5114.512099902344,1000.0,10,5.114512099902344,5.114512099902343
halfcheetah-medium-replay-v2,4,1,MART4,2,mu2,10,46.94189191636309,5547.740932340319,1000.0,10,5.547740932340319,5.54774093234032
halfcheetah-medium-replay-v2,4,1,MART4,3,mu3,10,49.3951480173468,5852.317067452836,1000.0,10,5.852317067452836,5.852317067452836
halfcheetah-medium-replay-v2,4,1,MART4,4,mu4,10,50.58720382885469,6000.3129296711795,1000.0,10,6.000312929671179,6.000312929671178
halfcheetah-medium-replay-v2,4,1,two_actor_p4,1,target_value,10,43.68838529870621,5143.81226351052,1000.0,10,5.143812263510521,5.143812263510521
halfcheetah-medium-replay-v2,4,1,two_actor_p4,2,deployment,10,49.55473772152287,5872.130414816859,1000.0,10,5.872130414816859,5.8721304148168585
halfcheetah-medium-replay-v2,7,0,MART4,1,mu1,10,45.589074027238766,5379.7861704973375,1000.0,10,5.379786170497337,5.379786170497338
halfcheetah-medium-replay-v2,7,0,MART4,2,mu2,10,49.156061627624226,5822.634064316512,1000.0,10,5.822634064316512,5.822634064316512
halfcheetah-medium-replay-v2,7,0,MART4,3,mu3,10,51.40623349835736,6101.996928818099,1000.0,10,6.101996928818099,6.101996928818099
halfcheetah-medium-replay-v2,7,0,MART4,4,mu4,10,52.118984859233635,6190.486285760831,1000.0,10,6.190486285760832,6.190486285760832
halfcheetah-medium-replay-v2,7,0,two_actor_p4,1,target_value,10,45.25538280082528,5338.357807587645,1000.0,10,5.338357807587644,5.338357807587644
halfcheetah-medium-replay-v2,7,0,two_actor_p4,2,deployment,10,49.805666504639,5903.283672285313,1000.0,10,5.903283672285313,5.903283672285314
halfcheetah-medium-replay-v2,7,1,MART4,1,mu1,10,45.51263741104785,5370.296427811618,1000.0,10,5.370296427811618,5.370296427811619
halfcheetah-medium-replay-v2,7,1,MART4,2,mu2,10,48.819638321420335,5780.8665088117,1000.0,10,5.780866508811701,5.780866508811701
halfcheetah-medium-replay-v2,7,1,MART4,3,mu3,10,50.3626714982568,5972.43683902011,1000.0,10,5.9724368390201095,5.9724368390201095
halfcheetah-medium-replay-v2,7,1,MART4,4,mu4,10,52.38929577867826,6224.045870139382,1000.0,10,6.224045870139381,6.224045870139381
halfcheetah-medium-replay-v2,7,1,two_actor_p4,1,target_value,10,45.00888861312758,5307.7551130762295,1000.0,10,5.3077551130762295,5.307755113076229
halfcheetah-medium-replay-v2,7,1,two_actor_p4,2,deployment,10,49.61453000637222,5879.5537339809935,1000.0,10,5.879553733980993,5.879553733980994
halfcheetah-medium-replay-v2,10,0,MART4,1,mu1,10,45.98080820747854,5428.420669994172,1000.0,10,5.428420669994172,5.428420669994173
halfcheetah-medium-replay-v2,10,0,MART4,2,mu2,10,50.262137406289135,5959.9553515935495,1000.0,10,5.95995535159355,5.959955351593549
halfcheetah-medium-replay-v2,10,0,MART4,3,mu3,10,51.37287155436205,6097.854983768882,1000.0,10,6.097854983768883,6.097854983768882
halfcheetah-medium-replay-v2,10,0,MART4,4,mu4,10,52.70658294527838,6263.437639667689,1000.0,10,6.263437639667689,6.263437639667688
halfcheetah-medium-replay-v2,10,0,two_actor_p4,1,target_value,10,46.07085604169669,5439.600269755658,1000.0,10,5.439600269755657,5.439600269755657
halfcheetah-medium-replay-v2,10,0,two_actor_p4,2,deployment,10,52.54595404322214,6243.495274027167,1000.0,10,6.243495274027167,6.243495274027168
halfcheetah-medium-v2,4,0,MART4,1,mu1,10,47.13356050619648,5571.536930764827,1000.0,10,5.571536930764827,5.571536930764826
halfcheetah-medium-v2,4,0,MART4,2,mu2,10,49.1594848223385,5823.059060066198,1000.0,10,5.823059060066198,5.823059060066199
halfcheetah-medium-v2,4,0,MART4,3,mu3,10,50.981941740709395,6049.320347823275,1000.0,10,6.049320347823276,6.049320347823275
halfcheetah-medium-v2,4,0,MART4,4,mu4,10,52.151026495697636,6194.464312267308,1000.0,10,6.194464312267308,6.194464312267306
halfcheetah-medium-v2,4,0,two_actor_p4,1,target_value,10,47.32948332496132,5595.861099324244,1000.0,10,5.595861099324244,5.595861099324243
halfcheetah-medium-v2,4,0,two_actor_p4,2,deployment,10,53.1841174535117,6322.724403427184,1000.0,10,6.322724403427185,6.322724403427185
halfcheetah-medium-v2,4,1,MART4,1,mu1,10,47.79090847175479,5653.1478570327945,1000.0,10,5.653147857032795,5.6531478570327955
halfcheetah-medium-v2,4,1,MART4,2,mu2,10,50.10261461099583,5940.150311087058,1000.0,10,5.940150311087058,5.9401503110870575
halfcheetah-medium-v2,4,1,MART4,3,mu3,10,52.68580993725452,6260.858633547606,1000.0,10,6.260858633547606,6.260858633547605
halfcheetah-medium-v2,4,1,MART4,4,mu4,10,52.757146393140246,6269.715182204548,1000.0,10,6.269715182204548,6.269715182204548
halfcheetah-medium-v2,4,1,two_actor_p4,1,target_value,10,47.87936730780519,5664.130179828193,1000.0,10,5.664130179828193,5.664130179828193
halfcheetah-medium-v2,4,1,two_actor_p4,2,deployment,10,52.66217264182417,6257.924021020279,1000.0,10,6.257924021020279,6.257924021020278
halfcheetah-medium-v2,7,0,MART4,1,mu1,10,48.99770645079939,5802.97398573237,1000.0,10,5.80297398573237,5.80297398573237
halfcheetah-medium-v2,7,0,MART4,2,mu2,10,52.98048478614457,6297.443043366789,1000.0,10,6.297443043366789,6.297443043366789
halfcheetah-medium-v2,7,0,MART4,3,mu3,10,55.341044638593964,6590.510773341053,1000.0,10,6.5905107733410535,6.5905107733410535
halfcheetah-medium-v2,7,0,MART4,4,mu4,10,56.50028061417741,6734.4319941972935,1000.0,10,6.734431994197293,6.734431994197294
halfcheetah-medium-v2,7,0,two_actor_p4,1,target_value,10,49.67286099202137,5886.795630234384,1000.0,10,5.886795630234384,5.886795630234384
halfcheetah-medium-v2,7,0,two_actor_p4,2,deployment,10,56.2003590487717,6697.196195133534,1000.0,10,6.697196195133534,6.697196195133536
halfcheetah-medium-v2,7,1,MART4,1,mu1,10,49.240942918082844,5833.172228424566,1000.0,10,5.833172228424566,5.833172228424566
halfcheetah-medium-v2,7,1,MART4,2,mu2,10,54.29198316470418,6460.267914030657,1000.0,10,6.460267914030657,6.460267914030657
halfcheetah-medium-v2,7,1,MART4,3,mu3,10,56.056479396558174,6679.333278834272,1000.0,10,6.679333278834273,6.679333278834274
halfcheetah-medium-v2,7,1,MART4,4,mu4,10,57.04646570951049,6802.24185119751,1000.0,10,6.80224185119751,6.80224185119751
halfcheetah-medium-v2,7,1,two_actor_p4,1,target_value,10,49.27836096246116,5837.817745594846,1000.0,10,5.837817745594847,5.837817745594846
halfcheetah-medium-v2,7,1,two_actor_p4,2,deployment,10,56.33117924166404,6713.437756187779,1000.0,10,6.713437756187779,6.71343775618778
halfcheetah-medium-v2,10,0,MART4,1,mu1,10,50.889636153734784,6037.86044401676,1000.0,10,6.03786044401676,6.03786044401676
halfcheetah-medium-v2,10,0,MART4,2,mu2,10,55.56656661479302,6618.509730264508,1000.0,10,6.618509730264508,6.618509730264508
halfcheetah-medium-v2,10,0,MART4,3,mu3,10,57.14771594554097,6814.812249191028,1000.0,10,6.814812249191029,6.814812249191029
halfcheetah-medium-v2,10,0,MART4,4,mu4,10,58.08364292668374,6931.0092587693125,1000.0,10,6.931009258769313,6.931009258769313
halfcheetah-medium-v2,10,0,two_actor_p4,1,target_value,10,50.946840347172,6044.962447000611,1000.0,10,6.044962447000611,6.04496244700061
halfcheetah-medium-v2,10,0,two_actor_p4,2,deployment,10,58.44630480664813,6976.034380161206,1000.0,10,6.976034380161206,6.976034380161207
halfcheetah-medium-v2,10,1,MART4,1,mu1,10,51.063204872730815,6059.409311086546,1000.0,10,6.059409311086546,6.059409311086546
halfcheetah-medium-v2,10,1,MART4,2,mu2,10,55.38849290596738,6596.4015606455605,1000.0,10,6.59640156064556,6.59640156064556
halfcheetah-medium-v2,10,1,MART4,3,mu3,10,56.74229506758421,6764.478521679873,1000.0,10,6.764478521679873,6.764478521679872
halfcheetah-medium-v2,10,1,MART4,4,mu4,10,58.82742669992454,7023.351345240534,1000.0,10,7.023351345240535,7.023351345240533
halfcheetah-medium-v2,10,1,two_actor_p4,1,target_value,10,51.12489662500975,6067.068452531218,1000.0,10,6.067068452531218,6.067068452531219
halfcheetah-medium-v2,10,1,two_actor_p4,2,deployment,10,58.547854388821065,6988.641942514,1000.0,10,6.9886419425140005,6.988641942513999
halfcheetah-medium-v2,14,0,MART4,1,mu1,10,52.03580263208791,6180.159063403597,1000.0,10,6.180159063403598,6.180159063403598
halfcheetah-medium-v2,14,0,MART4,2,mu2,10,55.215550415024936,6574.930440909282,1000.0,10,6.574930440909282,6.574930440909282
halfcheetah-medium-v2,14,0,MART4,3,mu3,10,57.98461107119722,6918.714276690186,1000.0,10,6.918714276690186,6.918714276690186
halfcheetah-medium-v2,14,0,MART4,4,mu4,10,57.75822040803213,6890.607470725357,1000.0,10,6.8906074707253575,6.890607470725357
halfcheetah-medium-v2,14,0,two_actor_p4,1,target_value,10,51.899875808710135,6163.283505036121,1000.0,10,6.163283505036121,6.163283505036121
halfcheetah-medium-v2,14,0,two_actor_p4,2,deployment,10,59.09278884491208,7056.296530414258,1000.0,10,7.056296530414258,7.056296530414258
halfcheetah-medium-v2,14,1,MART4,1,mu1,10,51.85221298590953,6157.366080291374,1000.0,10,6.157366080291373,6.157366080291374
halfcheetah-medium-v2,14,1,MART4,2,mu2,10,56.17790560572625,6694.408559998333,1000.0,10,6.694408559998333,6.694408559998334
halfcheetah-medium-v2,14,1,MART4,3,mu3,10,58.72908184038407,7011.141654937509,1000.0,10,7.011141654937509,7.011141654937509
halfcheetah-medium-v2,14,1,MART4,4,mu4,10,59.53994062954217,7111.8112246676155,1000.0,10,7.1118112246676155,7.111811224667616
halfcheetah-medium-v2,14,1,two_actor_p4,1,target_value,10,52.6186553002677,6252.521265190456,1000.0,10,6.252521265190456,6.252521265190454
halfcheetah-medium-v2,14,1,two_actor_p4,2,deployment,10,58.52484452925254,6985.785227271733,1000.0,10,6.985785227271733,6.985785227271732
halfcheetah-medium-v2,20,0,MART4,1,mu1,10,53.417102067794815,6351.64986022339,1000.0,10,6.35164986022339,6.35164986022339
halfcheetah-medium-v2,20,0,MART4,2,mu2,10,58.23669254816961,6950.010643163672,1000.0,10,6.950010643163672,6.950010643163672
halfcheetah-medium-v2,20,0,MART4,3,mu3,10,60.58990549222956,7242.166241313875,1000.0,10,7.242166241313875,7.2421662413138765
halfcheetah-medium-v2,20,0,MART4,4,mu4,10,60.8669391081653,7276.5604604922655,1000.0,10,7.276560460492266,7.276560460492266
halfcheetah-medium-v2,20,0,two_actor_p4,1,target_value,10,53.69835190017043,6386.567530217835,1000.0,10,6.386567530217835,6.386567530217835
halfcheetah-medium-v2,20,0,two_actor_p4,2,deployment,10,60.68232858755705,7253.640733992684,1000.0,10,7.253640733992683,7.253640733992684
halfcheetah-medium-v2,20,1,MART4,1,mu1,10,54.331437214700976,6465.166204941966,1000.0,10,6.465166204941966,6.465166204941966
halfcheetah-medium-v2,20,1,MART4,2,mu2,10,58.20077564604875,6945.551495490994,1000.0,10,6.945551495490994,6.945551495490994
halfcheetah-medium-v2,20,1,MART4,3,mu3,10,58.681736979530605,7005.263705737501,1000.0,10,7.005263705737502,7.0052637057375025
halfcheetah-medium-v2,20,1,MART4,4,mu4,10,59.71251403500105,7133.236521780624,1000.0,10,7.133236521780623,7.133236521780622
halfcheetah-medium-v2,20,1,two_actor_p4,1,target_value,10,52.801546960834266,6275.227592139906,1000.0,10,6.275227592139906,6.275227592139905
halfcheetah-medium-v2,20,1,two_actor_p4,2,deployment,10,59.60035690587698,7119.3120134913215,1000.0,10,7.119312013491322,7.119312013491323
hopper-expert-v2,4,0,MART4,1,mu1,10,107.10420094823219,3465.511356552712,968.0,9,3.580073715447017,3.5863431361722085
hopper-expert-v2,4,0,MART4,2,mu2,10,109.57006498828682,3545.764684679285,1000.0,10,3.545764684679285,3.545764684679284
hopper-expert-v2,4,0,MART4,3,mu3,10,106.05017807062696,3431.207419889809,950.8,8,3.6087583297116206,3.618707476533139
hopper-expert-v2,4,0,MART4,4,mu4,10,87.0265742208804,2812.070477583043,766.6,5,3.668236991368436,3.692944709490469
hopper-expert-v2,4,0,two_actor_p4,1,target_value,10,98.72780447683695,3192.8954768376852,885.1,6,3.6073838852532885,3.623629469825366
hopper-expert-v2,4,0,two_actor_p4,2,deployment,10,106.65492420594985,3450.889320125585,967.4,9,3.56717936750629,3.574583887623652
hopper-expert-v2,4,1,MART4,1,mu1,10,92.92854182575512,3004.154280701368,824.0,5,3.6458183018220485,3.667921929091734
hopper-expert-v2,4,1,MART4,2,mu2,10,102.89614893538476,3328.5572611625844,916.7,7,3.6310213386741403,3.6416199898082757
hopper-expert-v2,4,1,MART4,3,mu3,10,97.7171930117054,3160.00439598236,861.7,6,3.667174650089776,3.6855412684755793
hopper-expert-v2,4,1,MART4,4,mu4,10,107.18750522543448,3468.222554487419,961.9,9,3.6055957526639144,3.6109977696591677
hopper-expert-v2,4,1,two_actor_p4,1,target_value,10,100.27845249495051,3243.362437783241,894.6,7,3.6254889758363973,3.636763838015283
hopper-expert-v2,4,1,two_actor_p4,2,deployment,10,105.25087881996808,3405.193647843793,927.3,6,3.672159654743657,3.6778763763480598
hopper-expert-v2,7,0,MART4,1,mu1,10,104.20425599780069,3371.1305513357233,938.9,7,3.5905107586917917,3.59868742697873
hopper-expert-v2,7,0,MART4,2,mu2,10,110.43266602182777,3573.838659019553,1000.0,10,3.573838659019553,3.5738386590195526
hopper-expert-v2,7,0,MART4,3,mu3,10,105.10027144926565,3400.292022067622,930.6,7,3.6538706448179905,3.6647088903980802
hopper-expert-v2,7,0,MART4,4,mu4,10,91.16977916064454,2946.914078091999,795.7,4,3.7035491744275464,3.71722485185366
hopper-expert-v2,7,0,two_actor_p4,1,target_value,10,110.70736250536467,3582.7788546955535,994.5,9,3.6025931168381633,3.603291178297775
hopper-expert-v2,7,0,two_actor_p4,2,deployment,10,98.29921353120724,3178.9466746194835,858.2,4,3.7042026038446556,3.709179607122781
hopper-expert-v2,7,1,MART4,1,mu1,10,102.80211221564836,3325.4967681255134,927.0,8,3.5873751543964545,3.597538046531902
hopper-expert-v2,7,1,MART4,2,mu2,10,93.42932689210868,3020.4526927784864,820.6,4,3.680785635849971,3.6922143070416467
hopper-expert-v2,7,1,MART4,3,mu3,10,92.79343360592011,2999.757085996839,807.1,4,3.7167105513527927,3.7236849459907484
hopper-expert-v2,7,1,MART4,4,mu4,10,96.7492618741995,3128.502377249621,857.4,5,3.6488247926867516,3.64626860323684
hopper-expert-v2,7,1,two_actor_p4,1,target_value,10,97.54809248207393,3154.5008969773653,868.6,6,3.6317072265454353,3.649688348135738
hopper-expert-v2,7,1,two_actor_p4,2,deployment,10,98.6801513873032,3191.344572583243,867.6,6,3.6783593506030923,3.6796523811487263
hopper-expert-v2,10,0,MART4,1,mu1,10,107.70723070261383,3485.137395929727,962.4,7,3.6212982085720355,3.6260647927113867
hopper-expert-v2,10,0,MART4,2,mu2,10,103.44688948581711,3346.4815105893604,910.3,7,3.676240262099704,3.6836107188770093
hopper-expert-v2,10,0,MART4,3,mu3,10,90.45582048721919,2923.6777768375514,782.1,4,3.7382403488525147,3.7452753428434384
hopper-expert-v2,10,0,MART4,4,mu4,10,72.1537557984125,2328.0238482324658,619.4,0,3.758514446613603,3.7534841157679195
hopper-expert-v2,10,0,two_actor_p4,1,target_value,10,104.47839967501291,3380.05275553018,930.5,7,3.6325123648900375,3.6431790053589195
hopper-expert-v2,10,0,two_actor_p4,2,deployment,10,106.22414187607494,3436.869197722642,937.4,8,3.6663848919592943,3.6616793497301954
hopper-expert-v2,10,1,MART4,1,mu1,10,91.6371545239256,2962.1251472257377,803.7,4,3.6856104855365652,3.697083674535288
hopper-expert-v2,10,1,MART4,2,mu2,10,95.36061512199014,3083.3078646379336,839.4,5,3.6732283352846484,3.680090543504769
hopper-expert-v2,10,1,MART4,3,mu3,10,46.09400467757429,1479.8904055017376,415.1,1,3.565141906773639,3.5296713165316014
hopper-expert-v2,10,1,MART4,4,mu4,10,30.883688734190024,984.8596753053537,293.6,0,3.354426687007335,3.125338009629267
hopper-expert-v2,10,1,two_actor_p4,1,target_value,10,104.73385067877783,3388.366593151558,935.1,7,3.623533946264098,3.629386555659501
hopper-expert-v2,10,1,two_actor_p4,2,deployment,10,94.11679281549155,3042.826768327218,819.8,3,3.7116696368958504,3.7100470948731243
hopper-expert-v2,14,0,MART4,1,mu1,10,90.68467577951,2931.126037798975,790.8,4,3.706532672988082,3.7250242763547683
hopper-expert-v2,14,0,MART4,2,mu2,10,111.32739734930767,3602.9583370078717,1000.0,10,3.602958337007872,3.602958337007872
hopper-expert-v2,14,0,MART4,3,mu3,10,58.7980295293104,1893.352079946658,501.0,0,3.779145868157002,3.7786315184232024
hopper-expert-v2,14,0,MART4,4,mu4,10,44.070301198704655,1414.0275125431249,388.8,0,3.636902038433963,3.6369180521185642
hopper-expert-v2,14,0,two_actor_p4,1,target_value,10,11.86403122820929,365.8511696098509,153.8,0,2.3787462263319306,2.351199994835944
hopper-expert-v2,14,0,two_actor_p4,2,deployment,10,1.8207685012664,38.98592238037984,22.1,0,1.764068885990038,1.7640917519028487
hopper-expert-v2,14,1,MART4,1,mu1,10,14.277764324344256,444.4078584732785,154.1,0,2.883892657191944,2.883760000473923
hopper-expert-v2,14,1,MART4,2,mu2,10,6.506743224960023,191.49435795701277,84.9,0,2.255528362273413,2.2555205428091174
hopper-expert-v2,14,1,MART4,3,mu3,10,4.281297237005556,119.06560917031307,59.6,0,1.9977451203072663,1.8781890680745819
hopper-expert-v2,14,1,MART4,4,mu4,10,1.765446297449979,37.18542125645494,21.3,0,1.7457944251856776,1.7458369611008702
hopper-expert-v2,14,1,two_actor_p4,1,target_value,10,102.85449115991989,3327.2014787394264,915.0,5,3.636285769114127,3.6445177220865532
hopper-expert-v2,14,1,two_actor_p4,2,deployment,10,59.403703879670694,1913.064189611973,515.8,0,3.7089263078944805,3.6878414195867726
hopper-expert-v2,20,0,MART4,1,mu1,10,23.463973080307415,743.3796645243406,232.6,0,3.1959572851433387,3.195583919176368
hopper-expert-v2,20,0,MART4,2,mu2,10,1.5909662714507038,31.506842652525727,24.9,0,1.2653350462861739,1.265334870192114
hopper-expert-v2,20,0,MART4,3,mu3,10,0.8390254206488279,7.034383972346506,9.0,0,0.7815982191496117,0.7815982191496118
hopper-expert-v2,20,0,MART4,4,mu4,10,0.7837575935114363,5.235652576757685,8.0,0,0.6544565720947106,0.6544565720947106
hopper-expert-v2,20,0,two_actor_p4,1,target_value,10,1.8093330671800953,38.613747909650414,21.9,0,1.7631848360570965,1.7631841380383784
hopper-expert-v2,20,0,two_actor_p4,2,deployment,10,1.8093330671800953,38.613747909650414,21.9,0,1.7631848360570965,1.7631841380383784
hopper-expert-v2,20,1,MART4,1,mu1,10,12.166543692931533,375.69665650587393,135.2,0,2.7788214238600144,2.778827533945665
hopper-expert-v2,20,1,MART4,2,mu2,10,7.736036092635189,231.50258317570905,99.8,0,2.319665162081253,2.3196603779340124
hopper-expert-v2,20,1,MART4,3,mu3,10,2.318831040212662,55.1957278345047,36.2,0,1.5247438628316217,1.5247287628964925
hopper-expert-v2,20,1,MART4,4,mu4,10,7.76567044362195,232.46705455569062,101.9,0,2.2813253636476016,2.2813250864386934
hopper-expert-v2,20,1,two_actor_p4,1,target_value,10,1.8093330749201786,38.613748161557034,21.9,0,1.7631848475596819,1.7631841494885283
hopper-expert-v2,20,1,two_actor_p4,2,deployment,10,1.8093330671800953,38.613747909650414,21.9,0,1.7631848360570965,1.7631841380383784
hopper-medium-replay-v2,4,0,MART4,1,mu1,10,53.25687324918415,1713.0111422769012,534.4,0,3.205484921925339,3.2008249692410047
hopper-medium-replay-v2,4,0,MART4,2,mu2,10,99.12061185565426,3205.679677000671,1000.0,10,3.205679677000671,3.2056796770006706
hopper-medium-replay-v2,4,0,MART4,3,mu3,10,99.62010580177092,3221.9360686361347,1000.0,10,3.2219360686361345,3.221936068636134
hopper-medium-replay-v2,4,0,MART4,4,mu4,10,99.02465934737398,3202.5568332402277,1000.0,10,3.2025568332402274,3.2025568332402274
hopper-medium-replay-v2,4,0,two_actor_p4,1,target_value,10,36.44359664247009,1165.8108982717417,358.0,0,3.2564550231054237,3.2558354373435527
hopper-medium-replay-v2,4,0,two_actor_p4,2,deployment,10,96.82221363617008,3130.876645090725,1000.0,10,3.130876645090725,3.1308766450907255
hopper-medium-replay-v2,4,1,MART4,1,mu1,10,23.07259899028517,730.6421117815307,215.3,0,3.3936001476150985,3.4032083614661124
hopper-medium-replay-v2,4,1,MART4,2,mu2,10,99.25226017624321,3209.964266782556,1000.0,10,3.209964266782556,3.2099642667825563
hopper-medium-replay-v2,4,1,MART4,3,mu3,10,99.06314339962461,3203.809324546618,1000.0,10,3.203809324546618,3.2038093245466177
hopper-medium-replay-v2,4,1,MART4,4,mu4,10,99.01468718717436,3202.2322820761597,1000.0,10,3.2022322820761597,3.20223228207616
hopper-medium-replay-v2,4,1,two_actor_p4,1,target_value,10,35.64828988096674,1139.9270646720613,345.2,1,3.3022220876942683,3.3512424417786972
hopper-medium-replay-v2,4,1,two_actor_p4,2,deployment,10,98.3885029026815,3181.852661774793,1000.0,10,3.181852661774793,3.1818526617747933
hopper-medium-replay-v2,7,0,MART4,1,mu1,10,44.24623884138024,1419.753530335714,430.7,0,3.2963861860592387,3.2947919313834966
hopper-medium-replay-v2,7,0,MART4,2,mu2,10,98.84558652617922,3196.7287787958403,1000.0,10,3.1967287787958405,3.19672877879584
hopper-medium-replay-v2,7,0,MART4,3,mu3,10,98.94528339333895,3199.9734854233748,1000.0,10,3.199973485423375,3.1999734854233752
hopper-medium-replay-v2,7,0,MART4,4,mu4,10,99.47513842476474,3217.218000532807,1000.0,10,3.2172180005328066,3.2172180005328066
hopper-medium-replay-v2,7,0,two_actor_p4,1,target_value,10,47.48586734067305,1525.1895822585852,459.2,0,3.321405884709463,3.3156699946660693
hopper-medium-replay-v2,7,0,two_actor_p4,2,deployment,10,98.21077971809645,3176.068532229724,1000.0,10,3.176068532229724,3.176068532229724
hopper-medium-replay-v2,7,1,MART4,1,mu1,10,98.86446505515117,3197.3431941713525,1000.0,10,3.197343194171353,3.1973431941713533
hopper-medium-replay-v2,7,1,MART4,2,mu2,10,99.33354292595334,3212.609672643365,1000.0,10,3.2126096726433646,3.2126096726433637
hopper-medium-replay-v2,7,1,MART4,3,mu3,10,97.95963833387725,3167.894954292532,1000.0,10,3.167894954292532,3.1678949542925325
hopper-medium-replay-v2,7,1,MART4,4,mu4,10,100.42883828332464,3248.256852002321,1000.0,10,3.248256852002321,3.2482568520023207
hopper-medium-replay-v2,7,1,two_actor_p4,1,target_value,10,53.9708083849077,1736.2466774798238,541.6,2,3.2057730381828358,3.127770919161511
hopper-medium-replay-v2,7,1,two_actor_p4,2,deployment,10,98.48447875492971,3184.9762652815516,1000.0,10,3.1849762652815516,3.184976265281551
hopper-medium-replay-v2,10,0,MART4,1,mu1,10,55.36944577005676,1781.7663424642615,542.3,1,3.285573192816267,3.2926810608218573
hopper-medium-replay-v2,10,0,MART4,2,mu2,10,99.42909221568645,3215.719393364642,1000.0,10,3.215719393364642,3.2157193933646426
hopper-medium-replay-v2,10,0,MART4,3,mu3,10,100.3590368400521,3245.985113561083,1000.0,10,3.245985113561083,3.2459851135610824
hopper-medium-replay-v2,10,0,MART4,4,mu4,10,100.75349494517232,3258.8230378051535,1000.0,10,3.2588230378051537,3.2588230378051533
hopper-medium-replay-v2,10,0,two_actor_p4,1,target_value,10,64.3899112041829,2075.3439122654286,630.8,1,3.290018884377661,3.291230819264439
hopper-medium-replay-v2,10,0,two_actor_p4,2,deployment,10,100.286463538428,3243.6231629856,1000.0,10,3.2436231629856005,3.2436231629856005
hopper-medium-replay-v2,10,1,MART4,1,mu1,10,53.87788256504352,1733.2223394823304,532.0,1,3.257936728350245,3.25946302698233
hopper-medium-replay-v2,10,1,MART4,2,mu2,10,100.3637234590717,3246.1376429657353,1000.0,10,3.2461376429657354,3.246137642965736
hopper-medium-replay-v2,10,1,MART4,3,mu3,10,98.94029713337045,3199.811203987383,1000.0,10,3.199811203987383,3.199811203987384
hopper-medium-replay-v2,10,1,MART4,4,mu4,10,100.09646089724525,3237.439389646899,1000.0,10,3.237439389646899,3.237439389646899
hopper-medium-replay-v2,10,1,two_actor_p4,1,target_value,10,52.97858804812879,1703.9541491944397,528.1,4,3.226574794914675,3.2864585114335676
hopper-medium-replay-v2,10,1,two_actor_p4,2,deployment,10,99.22743006731743,3209.1561529341557,1000.0,10,3.2091561529341557,3.2091561529341552
hopper-medium-replay-v2,14,0,MART4,1,mu1,10,58.15286574285136,1872.354758030673,570.5,1,3.281954001806614,3.281023347411564
hopper-medium-replay-v2,14,0,MART4,2,mu2,10,98.57432640606922,3187.9004220522306,1000.0,10,3.187900422052231,3.1879004220522305
hopper-medium-replay-v2,14,0,MART4,3,mu3,10,98.50490800395286,3185.641149962378,1000.0,10,3.185641149962378,3.185641149962378
hopper-medium-replay-v2,14,0,MART4,4,mu4,10,97.36654495325637,3148.5923013840575,1000.0,10,3.148592301384057,3.148592301384057
hopper-medium-replay-v2,14,0,two_actor_p4,1,target_value,10,34.40015727292199,1099.3056864809625,330.6,0,3.3251835646732077,3.3244668212580564
hopper-medium-replay-v2,14,0,two_actor_p4,2,deployment,10,98.8366842819025,3196.4390488190875,1000.0,10,3.1964390488190877,3.1964390488190877
hopper-medium-replay-v2,14,1,MART4,1,mu1,10,84.38957780278557,2726.247522475887,844.0,8,3.2301510929809085,3.244507037118415
hopper-medium-replay-v2,14,1,MART4,2,mu2,10,99.87117629681444,3230.1073394338478,1000.0,10,3.2301073394338475,3.2301073394338475
hopper-medium-replay-v2,14,1,MART4,3,mu3,10,99.26683485851395,3210.4386103552815,1000.0,10,3.2104386103552813,3.2104386103552813
hopper-medium-replay-v2,14,1,MART4,4,mu4,10,100.14735999205102,3239.0959374899426,1000.0,10,3.239095937489943,3.2390959374899433
hopper-medium-replay-v2,14,1,two_actor_p4,1,target_value,10,60.999182130742476,1964.9901829036535,608.3,5,3.2302978512307305,3.3141601614382905
hopper-medium-replay-v2,14,1,two_actor_p4,2,deployment,10,99.47626558067633,3217.254684636939,1000.0,10,3.217254684636939,3.217254684636939
hopper-medium-replay-v2,20,0,MART4,1,mu1,10,91.9476581069172,2972.2307108438144,904.1,6,3.2875021688351005,3.2970660918683934
hopper-medium-replay-v2,20,0,MART4,2,mu2,10,100.49422626711595,3250.384951213591,1000.0,10,3.2503849512135914,3.2503849512135914
hopper-medium-replay-v2,20,0,MART4,3,mu3,10,100.82456764966344,3261.136150361936,1000.0,10,3.261136150361936,3.2611361503619363
hopper-medium-replay-v2,20,0,MART4,4,mu4,10,101.27703642348965,3275.8620737636566,1000.0,10,3.2758620737636566,3.275862073763657
hopper-medium-replay-v2,20,0,two_actor_p4,1,target_value,10,91.04893253205675,2942.981037186454,898.7,6,3.2747090655240396,3.285355622959669
hopper-medium-replay-v2,20,0,two_actor_p4,2,deployment,10,100.66040900071565,3255.7934884370184,1000.0,10,3.2557934884370185,3.255793488437019
hopper-medium-replay-v2,20,1,MART4,1,mu1,10,24.931157183133482,791.1302319982805,236.5,0,3.34515954333311,3.3393467537408013
hopper-medium-replay-v2,20,1,MART4,2,mu2,10,101.41367453401597,3280.309059866921,1000.0,10,3.2803090598669207,3.2803090598669216
hopper-medium-replay-v2,20,1,MART4,3,mu3,10,100.05498002047324,3236.0893645196056,1000.0,10,3.236089364519606,3.236089364519606
hopper-medium-replay-v2,20,1,MART4,4,mu4,10,99.63249148049455,3222.3391695056607,1000.0,10,3.2223391695056605,3.2223391695056605
hopper-medium-replay-v2,20,1,two_actor_p4,1,target_value,10,83.52034944188954,2697.9578569749588,842.6,7,3.2019438131675275,3.2192407846172046
hopper-medium-replay-v2,20,1,two_actor_p4,2,deployment,10,99.69359862300173,3224.327945642076,1000.0,10,3.224327945642076,3.224327945642076
hopper-medium-v2,4,0,MART4,1,mu1,10,48.93194671227714,1572.2532809951297,489.2,0,3.213927393694051,3.2110433604842945
hopper-medium-v2,4,0,MART4,2,mu2,10,54.83446937388798,1764.3551488362652,542.1,0,3.254667310157287,3.2501505499522416
hopper-medium-v2,4,0,MART4,3,mu3,10,51.57271419838413,1658.1989682374126,506.9,0,3.271254622681816,3.269250385770616
hopper-medium-v2,4,0,MART4,4,mu4,10,65.97890991878539,2127.0590243576876,643.4,1,3.305966777055778,3.2995012960908157
hopper-medium-v2,4,0,two_actor_p4,1,target_value,10,51.076481800603936,1642.0487260508212,510.2,0,3.2184412505896143,3.2173038226199573
hopper-medium-v2,4,0,two_actor_p4,2,deployment,10,58.795639567783326,1893.2742969206981,578.8,0,3.2710336850737702,3.2667859987786465
hopper-medium-v2,4,1,MART4,1,mu1,10,51.27353119787324,1648.4618411615174,515.3,0,3.199033264431433,3.1928535961490474
hopper-medium-v2,4,1,MART4,2,mu2,10,47.232692867983566,1516.9498359871036,469.6,0,3.230302035747665,3.227211416273149
hopper-medium-v2,4,1,MART4,3,mu3,10,56.818995051640044,1828.9429719299976,559.2,0,3.2706419383583647,3.2676764597294543
hopper-medium-v2,4,1,MART4,4,mu4,10,63.64222324391253,2051.00986698265,623.7,1,3.2884557751846235,3.2906318788661197
hopper-medium-v2,4,1,two_actor_p4,1,target_value,10,43.177836351281215,1384.981598787021,436.9,0,3.1700196813619157,3.1658190261381685
hopper-medium-v2,4,1,two_actor_p4,2,deployment,10,63.03180459341354,2031.1433506389549,615.7,0,3.2989172496978316,3.294367573002943
hopper-medium-v2,7,0,MART4,1,mu1,10,51.000127179022265,1639.5637096832365,508.9,0,3.2217797399945693,3.2170017071877623
hopper-medium-v2,7,0,MART4,2,mu2,10,59.4971936805979,1916.1068827809497,581.8,0,3.293411623893004,3.292721367375995
hopper-medium-v2,7,0,MART4,3,mu3,10,59.854610199211336,1927.7392618092376,583.0,0,3.3065853547328263,3.299172635899154
hopper-medium-v2,7,0,MART4,4,mu4,10,100.46322048509231,3249.375845618901,1000.0,10,3.2493758456189012,3.2493758456189012
hopper-medium-v2,7,0,two_actor_p4,1,target_value,10,43.263964322839115,1387.7846958962027,436.8,0,3.1771627653301344,3.1723405338784145
hopper-medium-v2,7,0,two_actor_p4,2,deployment,10,99.10605751560672,3205.2059954803076,1000.0,10,3.205205995480308,3.205205995480308
hopper-medium-v2,7,1,MART4,1,mu1,10,44.92077324733556,1441.7067402996322,449.0,0,3.210928152114994,3.2079538723903163
hopper-medium-v2,7,1,MART4,2,mu2,10,64.48781628392099,2078.530303875773,630.3,0,3.29768412482274,3.295334482746889
hopper-medium-v2,7,1,MART4,3,mu3,10,82.17459017756534,2654.159148666292,804.5,4,3.299141266210431,3.3027094094027647
hopper-medium-v2,7,1,MART4,4,mu4,10,90.86054512690157,2936.849832872166,890.8,6,3.296867796219315,3.3020242866816383
hopper-medium-v2,7,1,two_actor_p4,1,target_value,10,49.988760202323284,1606.6480401576757,496.5,0,3.2359477143155604,3.234718790354227
hopper-medium-v2,7,1,two_actor_p4,2,deployment,10,96.16145365117141,3109.3717336164364,955.8,9,3.2531614706177403,3.255797957143797
hopper-medium-v2,10,0,MART4,1,mu1,10,52.353186115547466,1683.599991101713,517.2,0,3.2552204004286796,3.2490229254309413
hopper-medium-v2,10,0,MART4,2,mu2,10,63.804981740215794,2056.3069599273704,625.9,1,3.2853602171710667,3.2849981991966493
hopper-medium-v2,10,0,MART4,3,mu3,10,89.5124052404546,2892.9736454952044,878.6,6,3.292708451508314,3.2975134076376014
hopper-medium-v2,10,0,MART4,4,mu4,10,100.75296774952444,3258.805879841604,1000.0,10,3.258805879841604,3.258805879841605
hopper-medium-v2,10,0,two_actor_p4,1,target_value,10,61.23115277733658,1972.5398353234348,601.0,0,3.282096231819359,3.279582488917454
hopper-medium-v2,10,0,two_actor_p4,2,deployment,10,99.7071824251968,3224.770040306283,1000.0,10,3.224770040306283,3.224770040306283
hopper-medium-v2,10,1,MART4,1,mu1,10,54.85612116085351,1765.0598218983828,539.6,0,3.2710523015166473,3.267253992672571
hopper-medium-v2,10,1,MART4,2,mu2,10,70.06833960626014,2260.152470398689,680.0,0,3.323753632939248,3.3186586542517924
hopper-medium-v2,10,1,MART4,3,mu3,10,98.53727946748066,3186.6947026490775,978.8,9,3.255715879290026,3.257719013347078
hopper-medium-v2,10,1,MART4,4,mu4,10,100.71061772822802,3257.4275677773294,1000.0,10,3.2574275677773294,3.25742756777733
hopper-medium-v2,10,1,two_actor_p4,1,target_value,10,54.410198211862415,1750.5469370988799,537.3,0,3.258043806251405,3.247490987003669
hopper-medium-v2,10,1,two_actor_p4,2,deployment,10,97.00205039064612,3136.729562296113,1000.0,10,3.1367295622961127,3.1367295622961127
hopper-medium-v2,14,0,MART4,1,mu1,10,60.64819039132792,1953.5669029598296,595.7,0,3.279447545677068,3.2740070677047193
hopper-medium-v2,14,0,MART4,2,mu2,10,98.02140733378558,3169.9052710566243,971.3,9,3.2635697220803297,3.2660915328303988
hopper-medium-v2,14,0,MART4,3,mu3,10,101.55616262915323,3284.9464379491815,1000.0,10,3.2849464379491815,3.2849464379491815
hopper-medium-v2,14,0,MART4,4,mu4,10,101.37247188609294,3278.9680898986926,1000.0,10,3.2789680898986924,3.2789680898986924
hopper-medium-v2,14,0,two_actor_p4,1,target_value,10,58.88472666024008,1896.173700759125,577.0,0,3.286262912927427,3.283978643361633
hopper-medium-v2,14,0,two_actor_p4,2,deployment,10,99.91116204962894,3231.4087046708946,1000.0,10,3.2314087046708946,3.231408704670895
hopper-medium-v2,14,1,MART4,1,mu1,10,51.74627251844041,1663.8475492549878,510.8,0,3.2573366273590207,3.255718730152862
hopper-medium-v2,14,1,MART4,2,mu2,10,100.62839173419653,3254.7514633480696,1000.0,10,3.2547514633480694,3.2547514633480694
hopper-medium-v2,14,1,MART4,3,mu3,10,101.23390448586733,3274.458313667191,1000.0,10,3.274458313667191,3.2744583136671914
hopper-medium-v2,14,1,MART4,4,mu4,10,100.96707305813271,3265.7740919191037,1000.0,10,3.265774091919104,3.2657740919191034
hopper-medium-v2,14,1,two_actor_p4,1,target_value,10,53.86125604983617,1732.6812175231055,531.1,0,3.262438745100933,3.2599577959032393
hopper-medium-v2,14,1,two_actor_p4,2,deployment,10,98.85728452712655,3197.1094986949115,1000.0,10,3.197109498694912,3.1971094986949113
hopper-medium-v2,20,0,MART4,1,mu1,10,72.69102521641432,2345.5096699139863,713.5,1,3.287329600440065,3.287975800902332
hopper-medium-v2,20,0,MART4,2,mu2,10,89.36210904389284,2888.0821471064364,876.2,5,3.296144883709697,3.29997623343093
hopper-medium-v2,20,0,MART4,3,mu3,10,100.90604199685181,3263.7877919012085,1000.0,10,3.2637877919012084,3.2637877919012075
hopper-medium-v2,20,0,MART4,4,mu4,10,101.39372848302614,3279.6599012154657,1000.0,10,3.2796599012154655,3.279659901215466
hopper-medium-v2,20,0,two_actor_p4,1,target_value,10,68.54779290881206,2210.665178698951,671.7,1,3.291149588654088,3.286737750899556
hopper-medium-v2,20,0,two_actor_p4,2,deployment,10,101.46760047903238,3282.0641187386345,1000.0,10,3.2820641187386346,3.282064118738635
hopper-medium-v2,20,1,MART4,1,mu1,10,52.89357469509273,1701.187328150976,520.5,0,3.268371427763643,3.2667885526610263
hopper-medium-v2,20,1,MART4,2,mu2,10,87.774071855617,2836.39832858371,856.8,6,3.310455565573891,3.3195144154316254
hopper-medium-v2,20,1,MART4,3,mu3,10,101.38119321906646,3279.2519319862745,1000.0,10,3.2792519319862747,3.2792519319862747
hopper-medium-v2,20,1,MART4,4,mu4,10,41.85749852989048,1342.0102497195976,437.9,2,3.0646500336140616,2.7683141312175534
hopper-medium-v2,20,1,two_actor_p4,1,target_value,10,54.8297812550177,1764.2025706178872,540.2,0,3.2658322299479585,3.26367775481186
hopper-medium-v2,20,1,two_actor_p4,2,deployment,10,15.71943984236869,491.328230610867,184.7,0,2.6601420173842287,2.6600708428369786
