manifest_index,run_key,condition,environment,T,seed,score_column,score,config_sha256,eval_sha256,checkpoint_sha256,weights_sha256,normalization_sha256
91,bar_p4|halfcheetah-medium-replay-v2|T=10|seed=1,bar_p4,halfcheetah-medium-replay-v2,10,1,d4rl_pi4,53.70193926810577,f4973835f96db2d891be5dcd1a5566758e8a6c34475dbb5bea8f26ab584c784f,34b9db84eeb2c10d581d8a90919be054e5c91388bfa155229756b3cafa574277,bca667ab6f2b67be782aba45da1a9af008203b631f16bc7bdfcaee6393d75052,5e9a87c2c87eb418e6f2eb6ebf564c50e9565047409ad0a30f35d2fdeb165929,bf401106c1cefcd93a5a75cf13117b0cdd46eb3bab8cb311a9201c639f6d31ba
92,two_actor_p4|halfcheetah-medium-replay-v2|T=10|seed=1,two_actor_p4,halfcheetah-medium-replay-v2,10,1,d4rl_eval,51.96291150023398,be6614aae256664d524f64c141d77781584fe99926902fff0850e1e5b627b30a,bf2c16a7641e8eb7cd3eea16ef03936515ae8329685dcb7dedff66592590a032,b9392b613cb6fda2eb9b9ce8236d8d314786461787430e87031bfb78c84fe268,bcd665462d9a5b9d6bed36073d3ea7dfb9c14190aab14c7be046d0e81b1d4218,bf401106c1cefcd93a5a75cf13117b0cdd46eb3bab8cb311a9201c639f6d31ba
93,bar_p4|halfcheetah-medium-replay-v2|T=14|seed=0,bar_p4,halfcheetah-medium-replay-v2,14,0,d4rl_pi4,52.31519721150914,a9af3a9a2d5183748837020057fd740b5e5a784ee729872a81344aebd25280b0,1bd314b6687c7d7b1efde77eadd0e75de4af7ec4014c7e9cb2af9e9ddef79915,04e73a03d39cb49e80014985a51e01ac92b477c4a9bfb723ee7e922a1f016956,f61ba7103641bb3f7256a3bf3234cfcede3669e19767d46c3af38b1388abc948,bf401106c1cefcd93a5a75cf13117b0cdd46eb3bab8cb311a9201c639f6d31ba
94,two_actor_p4|halfcheetah-medium-replay-v2|T=14|seed=0,two_actor_p4,halfcheetah-medium-replay-v2,14,0,d4rl_eval,51.389433675308894,4a430759607c112cab6424094c7f8e3ecce230a20393792815a7f0f70a9f0243,1bef73eb2f4fd697a6b47404cc7f60e1d397b5d3cdae1be3929620c72a8315b3,83d4ce139849aa170f02429126343ab89f0838e53320823a7afc23c8d94f9eaa,30f819fb4f90358a0cba5624f6a14f21a884b66937eabab3c1c4cbb06bfce46e,bf401106c1cefcd93a5a75cf13117b0cdd46eb3bab8cb311a9201c639f6d31ba
95,bar_p4|halfcheetah-medium-replay-v2|T=14|seed=1,bar_p4,halfcheetah-medium-replay-v2,14,1,d4rl_pi4,54.50020292561148,11fa8e11a4e6dfaf05aa633c618730960aa861b2f4bb73f5408465861e95e485,cf16c1b25a38475b784e2a5165c4f0f8390e84aa3562d6fb0ef4fd9daef79598,bd654a90de83eb4abd1cea2d05894d138f55d62951194f6887a2527be95fc3cc,725ec68821e946bb1210ef850863f0b5dfb1b9d83298ac106161c6a111b7088b,bf401106c1cefcd93a5a75cf13117b0cdd46eb3bab8cb311a9201c639f6d31ba
96,two_actor_p4|halfcheetah-medium-replay-v2|T=14|seed=1,two_actor_p4,halfcheetah-medium-replay-v2,14,1,d4rl_eval,51.13782699756704,7eeb277923a0e3de3b6361a7398917558eaeece249e0b52e73991e93d2d8d87e,ea3e24dbe63ac18b50fb4bda1928ee5c9dd018da6cf5d61115aeaf61fac8beab,75e4677cb181d459c9f04c7dbfe8f99d47d94e80f5c1b055e8f271d75ffba0a4,53ca5ad9d221ac74aef55a7819b13ce26e756ff94e235e84f6cfe9c34d85d98d,bf401106c1cefcd93a5a75cf13117b0cdd46eb3bab8cb311a9201c639f6d31ba
97,bar_p4|halfcheetah-medium-replay-v2|T=20|seed=0,bar_p4,halfcheetah-medium-replay-v2,20,0,d4rl_pi4,54.312867875520965,92ad52031a0609b920bf102244f366fc524595fc9f053413f7c7aceea3ece194,7383c25031648026fb2f63f35d3280fda62cd6d3678a8b9c89f4f21d249a9f5c,f51cf41b8ab9dbb2200bd8f6a9f53fa964c51759da54c8bf871ee9b71917eefb,0ff1801a97b5451ee3d27544435d1374ea5a1ef7d21d6e1c03c8d7efa8ab27c1,bf401106c1cefcd93a5a75cf13117b0cdd46eb3bab8cb311a9201c639f6d31ba
98,two_actor_p4|halfcheetah-medium-replay-v2|T=20|seed=0,two_actor_p4,halfcheetah-medium-replay-v2,20,0,d4rl_eval,52.290282043897506,e01adc8dfb32824c1f4ad7abe2af90887a96aec364319172a6409e5dadeea879,cc353054f521161191f7365d50c9bb7ddbf1df9caf216820e3b56cdee514daab,222d7bc64ac71aea9f58805e48a7411803ae0166129d00c924e762cd55a2b31a,093f678e99a10527a7ae02c9fc38791868defa95d9ca43967409633cbafd90c2,bf401106c1cefcd93a5a75cf13117b0cdd46eb3bab8cb311a9201c639f6d31ba
99,bar_p4|halfcheetah-medium-replay-v2|T=20|seed=1,bar_p4,halfcheetah-medium-replay-v2,20,1,d4rl_pi4,56.68041747385581,4142feeb53d51678b43d0d8231ed920557dc16fa1fc79c96665ce58ab964c3c2,39a8557a6a4c1ba3e5af9fc9c041f76fd6b2a516f59430a39d501f18217b39dd,9fc4da9029914b97a90bb0f861e196f2a2ae10b2daf775d27a41acd29bcb1a1a,ed6031d575e032aad359c405f5678c41fbd74b6a281a368ef05a733e2a04e882,bf401106c1cefcd93a5a75cf13117b0cdd46eb3bab8cb311a9201c639f6d31ba
100,two_actor_p4|halfcheetah-medium-replay-v2|T=20|seed=1,two_actor_p4,halfcheetah-medium-replay-v2,20,1,d4rl_eval,53.95052435926516,0f4441667d14acfc27a4d97e80a8d7f67a18707653e3b46b2584a4be6fccf245,9ec507a39fa3c52581ec2b20ca949739c5eaaaf3cccf4946e90a4aae1159c9d7,bde1353f046a07e7ca4671483f755936d874483066b9c5d9765d2341a0f85339,32128f5c931f26207188de24f747c9242bbde82db11a0e5719375edb8b4bd3d2,bf401106c1cefcd93a5a75cf13117b0cdd46eb3bab8cb311a9201c639f6d31ba
101,bar_p4|halfcheetah-expert-v2|T=4|seed=0,bar_p4,halfcheetah-expert-v2,4,0,d4rl_pi4,74.22507150343527,75ffb0d6bc6ff4d99385ba25d02bdab375bf4a2b5312a9ff0f9e9817abf68664,73265996f821eff691ccaed7f5075ac4848bcb6a69d93b1d1ae9d8ab3aec5ac5,9ae1c39410bdc921644bad4f995267125947348b101ae40e324b1563d1bc22e3,5da304c611b86471611cfed825b4d200318fd79b52be4d8bad230f5877a90076,47033947b98d05bac56a2803c7ba28a7a57e08f60d90c6bf95a5cca0fd6d73bc
102,two_actor_p4|halfcheetah-expert-v2|T=4|seed=0,two_actor_p4,halfcheetah-expert-v2,4,0,d4rl_eval,89.74481299077706,97147179eb78d7a934c07d0b192bea58e1a21d373788575a4a9bec51117bd852,de678a75e4760cc9419f9132b75d1d38698b874c6af340168b15cb173ce5b52e,47f88dbc23dff0919b1d9821581554182c917c72a338fdd5cb8761d17deceaaa,301f514a60a0c164d0385c76daa2f68e15ab57c9ad8d6f01afe3ffc2406637de,47033947b98d05bac56a2803c7ba28a7a57e08f60d90c6bf95a5cca0fd6d73bc
103,bar_p4|halfcheetah-expert-v2|T=4|seed=1,bar_p4,halfcheetah-expert-v2,4,1,d4rl_pi4,94.06452562369631,5f7b4332a371ad29e344bfc4a4a1244c19e016315645a63e034639d548fadb01,2b9aa8b65b81078f92af911eba1d176351c23e0db2f8211aabbba587e64d8f92,1ae6710a5883e1ea5b29e431591d29dcd1d8e4dfd79acd04e50a73feae8172ed,f3bfc14b268b6cddece4efd85ae7f1e3e87a2597d6186a50098a0f67234bd29d,47033947b98d05bac56a2803c7ba28a7a57e08f60d90c6bf95a5cca0fd6d73bc
104,two_actor_p4|halfcheetah-expert-v2|T=4|seed=1,two_actor_p4,halfcheetah-expert-v2,4,1,d4rl_eval,86.08686580930708,308557455856500b01f07ff420c69cafb744f7e4fcf51f6701b6693e48302115,aa2bcee91a588cff1ea1326fce36aa3a2fed20fbf6daa61a443cf5e06e9a3ab4,191e0196213c589599e51730fc79f5d2744ad616e5d2e1cc7d4e0e43f51b4de2,0e02b228bd95ec827b749a450931355a2975650bae742b510cb5ff3bfe32f978,47033947b98d05bac56a2803c7ba28a7a57e08f60d90c6bf95a5cca0fd6d73bc
105,bar_p4|halfcheetah-expert-v2|T=7|seed=0,bar_p4,halfcheetah-expert-v2,7,0,d4rl_pi4,31.384514010774232,6de5e7d7f5b69285c2319f85065073f181409b77c9fed8300b990ad2df1b9682,f708264e510ad6ba7e270fe840d39a351ed7767fa5d640f6fc12e328901e90f3,d75415d37c726b83ec1bacf40851c481ebb1acab22e053147f27c0673626c334,8fe42b0d9bf5200a4619ab92eacba297eb17e4c12ccd457834be9a73df7c6174,47033947b98d05bac56a2803c7ba28a7a57e08f60d90c6bf95a5cca0fd6d73bc
106,two_actor_p4|halfcheetah-expert-v2|T=7|seed=0,two_actor_p4,halfcheetah-expert-v2,7,0,d4rl_eval,57.348746863094924,7ed47b62fba0f22688bf8baf6e9df1fd463aa0bcea59aec0e339969d93c3f461,16978e20082472658e632cadbab6756b845e238502c8386e437736b1b3709240,a0bef1d81781ee95c55118f261505889104efba13531d08ad24ab15b99084fb8,6fb27cfa5c592c8329958aeb571fdbe04f483946e1c7eec4e9887c7222b02e83,47033947b98d05bac56a2803c7ba28a7a57e08f60d90c6bf95a5cca0fd6d73bc
107,bar_p4|halfcheetah-expert-v2|T=7|seed=1,bar_p4,halfcheetah-expert-v2,7,1,d4rl_pi4,35.62704890971348,b075391d5aafde72052711831a8bd95e8505cef7ed66093d4b82405e4001f9c6,b81f0045e09905c177ddb2ced9e66f8cdbe6dd446cce9c5c2e6618a8045a1aaf,bdc4086d3c6e9990f8913a79335b1e03f628a6d5287850b0c319290f44e8df2a,154e32c9d74521efb00d35c18430264e3e86b5f3191c4df1e3e7c2fcbd3cd3c1,47033947b98d05bac56a2803c7ba28a7a57e08f60d90c6bf95a5cca0fd6d73bc
108,two_actor_p4|halfcheetah-expert-v2|T=7|seed=1,two_actor_p4,halfcheetah-expert-v2,7,1,d4rl_eval,47.74874396075685,0804d80fed3b82e9acc63383b7dca9d82a31150164cba4bc4853252f59220f69,15f19b3b2f8f260563ffa87f33f46e4004c77f95c00d763f7f2fbe577ef14318,5dda6f40b74b0a4ee65e4e38ed4c2be6c493de38ded8070255ad5912d3bc6ad3,727d61168e203e21f061721d223d41bc45e61746b2eb2b1b2cc673221f1d1d78,47033947b98d05bac56a2803c7ba28a7a57e08f60d90c6bf95a5cca0fd6d73bc
109,bar_p4|halfcheetah-expert-v2|T=10|seed=0,bar_p4,halfcheetah-expert-v2,10,0,d4rl_pi4,24.972552109996286,d2c77a944f303d503ee1ff627411fea3adc7b362f456fcf441d899f32f23a3e6,75ea94936bbd8178fb85d866863309a6ac3b1a4fe7bffe5aedc77d3d528bcd30,5153bd3200cdf5b07b21d3d805814b6b2254b3f74fa8d0c003efb134a78feb02,35b719efb23f5d05e278484bb1c2b769a8c4d1db9c17df571588a51d08e9ccc6,47033947b98d05bac56a2803c7ba28a7a57e08f60d90c6bf95a5cca0fd6d73bc
110,two_actor_p4|halfcheetah-expert-v2|T=10|seed=0,two_actor_p4,halfcheetah-expert-v2,10,0,d4rl_eval,52.55466634477458,36b2517c5f9b967f53ea6df11564c6b7ec4c3a9bbd31ab47d95c5fca2544a408,36ff85594a4e2410612c5f279493ae33f8951124980a961abf6ca2e6ef77cb05,160707979c68fcac9ca1002b47c1e467e6877b7a7937e213584d16501c2db460,ef81d87a7ec08ed137cedaf038842a344a1c9ad5986d981b880347b69659118c,47033947b98d05bac56a2803c7ba28a7a57e08f60d90c6bf95a5cca0fd6d73bc
111,bar_p4|halfcheetah-expert-v2|T=10|seed=1,bar_p4,halfcheetah-expert-v2,10,1,d4rl_pi4,41.232821913456384,187f39151eae66928b81afab8d10866a0af8371600b44b26fcd736f89e096318,8764b556400f4277872a6900508125bdfff0ee6919acfa5114690e3aacd092fa,fbb6cfc43fbd56fa4af6f74997f44f02ce2d5bd2189d5230963fffc8b118b61c,dd9f9629c039d93293ddc62cd52f59cb4044954f9afc199ba6990567a1de1277,47033947b98d05bac56a2803c7ba28a7a57e08f60d90c6bf95a5cca0fd6d73bc
112,two_actor_p4|halfcheetah-expert-v2|T=10|seed=1,two_actor_p4,halfcheetah-expert-v2,10,1,d4rl_eval,26.342163487556142,536094b4fd01e6644774414bcfe10885c48db325472158ce0804db0c1d31c5fb,97e79affa8fcca51dbf7bd6c51c34b0f5acd077b4737ca917392cb5c819ade94,7c63a498f84ea35e044d27aa5eb661becd025d65665c8001c403d2dcb2aeebaa,4e8f123d67bfce93b90a6cdb96ef9279a3ef52459a27d4386e1970bc2788a6c7,47033947b98d05bac56a2803c7ba28a7a57e08f60d90c6bf95a5cca0fd6d73bc
113,bar_p4|halfcheetah-expert-v2|T=14|seed=0,bar_p4,halfcheetah-expert-v2,14,0,d4rl_pi4,26.040214738529162,a3f597588820c2a0c4f7ad402ea944d085b3be51bc05905249c3563647d71887,9450071bbdee1f05bf14dd10028a59b3bfa8f5673d05932f6ed46c6ba2253ba9,27afb22361ed4f7ad0baba06eac47e60442970807ac940762b72444b5b563f0f,b77b4fc65e23353ccd5ca404d581185305130a379a2a85c7c8ba26a31f8634fd,47033947b98d05bac56a2803c7ba28a7a57e08f60d90c6bf95a5cca0fd6d73bc
114,two_actor_p4|halfcheetah-expert-v2|T=14|seed=0,two_actor_p4,halfcheetah-expert-v2,14,0,d4rl_eval,33.53994714324535,d3b4e3e78cab78842cb22543224943e650823e1100fa25fe59ab2d4954866af2,59b6818c0bbc38e8e23c5282ed8ac79511b07eabd54969bc8005a0cba8fd5658,1bbac446e0c7db91ed701bad5cdf611db1b052613bddfb5f8edcb7bf6bb7d10a,48b3f9f64b79843ab198ceafbd51eb227c50e62a4bf14ec039f59b847954b18a,47033947b98d05bac56a2803c7ba28a7a57e08f60d90c6bf95a5cca0fd6d73bc
115,bar_p4|halfcheetah-expert-v2|T=14|seed=1,bar_p4,halfcheetah-expert-v2,14,1,d4rl_pi4,8.342140542300422,db88307c76d29a7592719313b8409fa17f0aa1ec499d598c9810c1f5eb47c5ce,0e16cfa635fa0e50e296dc74e5b55eb533cf59234355430aa22932d2615141ed,0a06319be4cc5c9c7cc744399057098f1016dfb9a53bc920602859c38c857f0d,6f51f8a217bd238dba1d9ddef716f04a73e115e5a3e5f5e6bfda040e319f1152,47033947b98d05bac56a2803c7ba28a7a57e08f60d90c6bf95a5cca0fd6d73bc
116,two_actor_p4|halfcheetah-expert-v2|T=14|seed=1,two_actor_p4,halfcheetah-expert-v2,14,1,d4rl_eval,40.43714155643631,2d49ff4e37c9603d3c28aeb46e93d13d24d40611b806763801e9b54716000cd4,4be348795bb8f7028204d11453cbe0308f2739ae81dbcbb44e12857635d5b58e,926c8d7727f4638d30295b8f549255380ac9453fd3544b037b7d6ce2661e2bbc,fc46a672e23b09794414ff59b11cb2543ff811c97d4315d5d93cd04919f66abc,47033947b98d05bac56a2803c7ba28a7a57e08f60d90c6bf95a5cca0fd6d73bc
117,bar_p4|halfcheetah-expert-v2|T=20|seed=0,bar_p4,halfcheetah-expert-v2,20,0,d4rl_pi4,8.55808575818147,0deb17b1fcfbeacd67e2581372d33fb96521368ba142cce37c06d3fee6ceeb3c,30bababccf0ec9e729fc3420a34877e3b275da98109f07bec56cb5be731cdcc0,b18808d7657b612d5e957418e5ab1f7026cca9068ac70ae6991112ccb3ed82f5,6678b77d4919b33738173bdf51321d74a94155e04eff7eca075470b218773ba8,47033947b98d05bac56a2803c7ba28a7a57e08f60d90c6bf95a5cca0fd6d73bc
118,two_actor_p4|halfcheetah-expert-v2|T=20|seed=0,two_actor_p4,halfcheetah-expert-v2,20,0,d4rl_eval,12.68515070423327,4024c5063486d24b4c97261a323b049140d80fd03935abb0d01695accd6fe65d,24c3814fbc8fafd3f0aa963df0767eb0c3d491bec07b7811c66b464ff0a6c58a,df55f7933699f79d8cc0a49a45806e94d989cef9380ccada7dfb547cb10da2ab,2d3c80ea1b70900a281d8a8a6b118cba9cb36e054a23d798fab23fb066b872b3,47033947b98d05bac56a2803c7ba28a7a57e08f60d90c6bf95a5cca0fd6d73bc
119,bar_p4|halfcheetah-expert-v2|T=20|seed=1,bar_p4,halfcheetah-expert-v2,20,1,d4rl_pi4,2.3147341391772236,fce80ecdaa1adeed5c274b410e8cd8dbc4ab3b8491918680006f53dc9b39cf8b,58cc78b3c79dcc3228725d4d0bc028cc9a195cd41983cd29d68f70ce903d74e2,d7481160bfa23c7d913b9ec50bf971dc6a19eb24489b0274e1fb27a6a0b83078,bc52dcaf7a72fa36a02c3fba5b7756c227ecb178d4745ee95c51748ebe7883d4,47033947b98d05bac56a2803c7ba28a7a57e08f60d90c6bf95a5cca0fd6d73bc
120,two_actor_p4|halfcheetah-expert-v2|T=20|seed=1,two_actor_p4,halfcheetah-expert-v2,20,1,d4rl_eval,1.3661814122539073,4340a3d8c94a5f547b320d8eb111841008b7dbd6c67f255bef51763ce600350b,1f35e2880708b68dbb34a2f57253a62aa1685c6caab93ec71154bdf480f31d21,1334c1777744ee8dac270026f2b904e577f8caa43d1ea5b65af20b7bec2bdff6,e39a41fb6654e442f82b996e5151a59feb7467c0a40ca500661de697a760a30a,47033947b98d05bac56a2803c7ba28a7a57e08f60d90c6bf95a5cca0fd6d73bc
121,bar_p4|walker2d-medium-v2|T=4|seed=0,bar_p4,walker2d-medium-v2,4,0,d4rl_pi4,88.72534232851106,9adb7d4449922cb3c76c70a790369a8291e52a889d2e27aff55a0b672f8151cd,48204262dbe252b98e11ac4ef4e64114b839f184976c467be23befe86e68a2b3,8523b2a186b0a1bbadea9e0f035295b94670721a9a0af3a170d8646a09d4e06f,3d9a867675194cfc1ee35c71f65cc24dafca18a931e5c0868e0057e9f56c6008,96861b39a00800d6b9ffc9be1bc67ef91cd360f5a7dea9ae86c6b4aeaa264431
122,two_actor_p4|walker2d-medium-v2|T=4|seed=0,two_actor_p4,walker2d-medium-v2,4,0,d4rl_eval,87.40739714868116,c50e734835a6953106238265c6773af963e11745bd3041df242edb6d4c772688,c6a418c86120c792ee6b2fc1b33d8424a5e2577067ad84cc745057963d26dd87,f7371b17b7f4cbfe90144d363eda195a93cb9181f9edf559243ccfcf0e0df27f,868b7e2d5dea3123c3df1835a71e9ae49f5fb6f4544404dbe484871141c3a3ff,96861b39a00800d6b9ffc9be1bc67ef91cd360f5a7dea9ae86c6b4aeaa264431
123,bar_p4|walker2d-medium-v2|T=4|seed=1,bar_p4,walker2d-medium-v2,4,1,d4rl_pi4,89.85819173074496,cd29543be6e13c8df68e0764e1ffc7e6f7e95c998b0659054b0d26fd6c5d989b,5f16301e06148a1d2d8a21300eb71672651fae6e980c0c5c1a6d986f24b08e46,6549e517732e05ac4fbc976b9b8b385f924483f42115beb2dd735ae13bdb0a5c,a5cfeb88bbfe64acaac727afb557127a185973b209576adb4cc48c1745a09dae,96861b39a00800d6b9ffc9be1bc67ef91cd360f5a7dea9ae86c6b4aeaa264431
124,two_actor_p4|walker2d-medium-v2|T=4|seed=1,two_actor_p4,walker2d-medium-v2,4,1,d4rl_eval,88.45158026247975,d561e2523888ee9edaeec874762801bf8f30f82308af55319a80041bb8fbae68,39e2da34ddb01fffec56844d9f818de52d0834298db02f95b82ae43561640c50,bf4038b00db746c7f23a6e1a18b13bbf85b1567f236993f4452d6cba6376470b,825d66cc3f66e35b50f9a2969d5708b55c9446872fe98db8bc7b14336e2f9445,96861b39a00800d6b9ffc9be1bc67ef91cd360f5a7dea9ae86c6b4aeaa264431
125,bar_p4|walker2d-medium-v2|T=7|seed=0,bar_p4,walker2d-medium-v2,7,0,d4rl_pi4,89.27012181154268,04c6d106643029c819ec2d593fcc0e0a79873e010f137a4756dd8694ce0bd9ec,196a45cdb6f11ecd27104f2d6998555c4a93b22a089e098968a73e20371a2456,277dfffba5f78eea67749980556e705208711c94c2e53ec4bf07a0ddc8acccc2,1259084d909b5ab1ffd24763af5709d0f0a3cf2424e185d2d5ed53dbfa8f613a,96861b39a00800d6b9ffc9be1bc67ef91cd360f5a7dea9ae86c6b4aeaa264431
126,two_actor_p4|walker2d-medium-v2|T=7|seed=0,two_actor_p4,walker2d-medium-v2,7,0,d4rl_eval,91.97261431377298,7ae8a2fe9abb467e8144b9334919d4e5f1ec717aa0d04158d4995c34e422e084,7aef41a5d66c31d4943c3cc3af7756e7d3f67e5856571b0723b2ce362d8aa1de,47038683ee95b68bb592605ac13b402c98e527e93180fdba38bce254b6f48e54,cd00acc2f96b77673563ad33e74ba527e53eed5fd66e285334ae6f068b1d2c48,96861b39a00800d6b9ffc9be1bc67ef91cd360f5a7dea9ae86c6b4aeaa264431
127,bar_p4|walker2d-medium-v2|T=7|seed=1,bar_p4,walker2d-medium-v2,7,1,d4rl_pi4,88.72644935618112,11bd034652cd64d2b680cbbb20cd0b7dbcf0f0985b02549e05cb7e9bf2d951a0,1bb016ec5aed8e6c0e09b468bf92bbb46c4f9d789d26cedda69d73dc44d6bb20,8cf3db36cdb70e0a651a1d4a13e7f965b8250d7b93d17d3f81cf913555e7b355,16e11c37fe3afb01ec5d82154fb4c69c9fe9ebb52e574441c25d061fd3b1092c,96861b39a00800d6b9ffc9be1bc67ef91cd360f5a7dea9ae86c6b4aeaa264431
128,two_actor_p4|walker2d-medium-v2|T=7|seed=1,two_actor_p4,walker2d-medium-v2,7,1,d4rl_eval,89.75506356741164,07f3b3ae05ee39ec69a42786877c0af85894cbe6cc71089f2b698f853939b78b,5f50408509d64e67ce51be45500ae37c288aa98502e92bd7676c8257c39da18d,4746813999922dd3c93ed8872591e2a32becfd40e3c24ba128f3fcffecb188a6,83f029df90fffc1ebcd131ba92280ae1fddbfa672c270354c4e628360b75ca19,96861b39a00800d6b9ffc9be1bc67ef91cd360f5a7dea9ae86c6b4aeaa264431
129,bar_p4|walker2d-medium-v2|T=10|seed=0,bar_p4,walker2d-medium-v2,10,0,d4rl_pi4,92.92431161219768,71de15601b60a715a925b0adea4056f862915d5af7040b628971fec0eadd6f61,89de1a6cc31b0c92fdba196ce4c4b8eabb0e4e1eff4c3d5be7ff03be45cd331d,5b6299735e20485ab56731ecace71aa4c67822f8c44027a4fe677fae4f9ac175,237f619b1383a5943fb5f2d5113a91ff3fafe3843c26cff71f5cd2415425b23d,96861b39a00800d6b9ffc9be1bc67ef91cd360f5a7dea9ae86c6b4aeaa264431
130,two_actor_p4|walker2d-medium-v2|T=10|seed=0,two_actor_p4,walker2d-medium-v2,10,0,d4rl_eval,91.32778208708253,0ad68ae28ee627724c6f57cf07b810d3561ed474847305058f150412372e334a,11c17fd9a79154550eb351f2711f1b9b0ad7c195eacf10bb6eecc6e71eebfe25,18277f15988533eb590f56846056ec5ed7942fe035ba5ba0da2dfa598e9d8094,dd0f4f319019b0a086e4307c9d291dfe3e5f403d78d47ea2d2bc6c65239fa96e,96861b39a00800d6b9ffc9be1bc67ef91cd360f5a7dea9ae86c6b4aeaa264431
131,bar_p4|walker2d-medium-v2|T=10|seed=1,bar_p4,walker2d-medium-v2,10,1,d4rl_pi4,93.07047603961797,fd0294c12a38fde986da53968d379d6d9051e9f8aa9735c11d0780103e88d7c3,4b895af0d0641461ac4c76c6bbb4d06c90c818f9a58b08ec1cb8e1ee339b630f,2f926b9efd68b5830351b41a8020091fbd9375703c1c2669c31f589acc07d677,aacacd4374eb2976e06b288e04f1445fa86769788d881f70015350a84c05af4d,96861b39a00800d6b9ffc9be1bc67ef91cd360f5a7dea9ae86c6b4aeaa264431
132,two_actor_p4|walker2d-medium-v2|T=10|seed=1,two_actor_p4,walker2d-medium-v2,10,1,d4rl_eval,90.82085450199497,0e7228dea94802cc9125dddc4a7567b546ff288c6e9c916bdf14df25e6b14aba,15e796b00b69064c3e573d3760e0ac72ea5fef5cb5d3f3d78b97cba5df41ee69,48567adf890ec7ecbd733e6ad1f831d3f2e26bf26fa3a622a649792a797a1d9d,059e99d88fb4724f85e81800954c59cd13f1f35f45153b6418ffdb9b2f0021ac,96861b39a00800d6b9ffc9be1bc67ef91cd360f5a7dea9ae86c6b4aeaa264431
133,bar_p4|walker2d-medium-v2|T=14|seed=0,bar_p4,walker2d-medium-v2,14,0,d4rl_pi4,11.265735152970711,63a6b1d68e7bf31d4a4258359add2914469534fe1bf0d391a475bfa24b9a02fd,d7543eb9952e74fb1809b3e994cf50382a2980786618d0e021e41033eb2e6cf3,c252659aad94084a3e39eda478adae59b251ff24e5115be5637be1c93b9979fe,53c84843c8bd374b71d7d750f8d01e921654c7b1b3779624c02316ed00a2d3ce,96861b39a00800d6b9ffc9be1bc67ef91cd360f5a7dea9ae86c6b4aeaa264431
134,two_actor_p4|walker2d-medium-v2|T=14|seed=0,two_actor_p4,walker2d-medium-v2,14,0,d4rl_eval,92.03376754412628,9f4d89b704e02615a8d5ff39bdacf2ce212abc7181ceafbafea2834353bcc0c5,3398aa8af16409977ffa17c33a0cd3bcbd8780a9a154bcd7afdf71305875e75c,56c66216cf7fe68ba389c49b46ff00bd3c61b35d4268b28e58eb8d520abc0ff7,d433ad0319277ce837da7fa1133c0348d883a83ebc0696bd058f459988abc522,96861b39a00800d6b9ffc9be1bc67ef91cd360f5a7dea9ae86c6b4aeaa264431
135,bar_p4|walker2d-medium-v2|T=14|seed=1,bar_p4,walker2d-medium-v2,14,1,d4rl_pi4,93.8179473591815,8c327e95017f8d731f75e82023fdf1666697f7b117c94d3f5d1e822a65514b7f,c00887ff5c8883925e1533026226471218b7aa1f85a4c8a683858560a25546f0,c6b66a9dd884834b770901e4fa40486ba0db3ddbd377a947df852b60aa1a61df,622056749850ed8cbe62ebd2c19dc510e5f2c21d9204c45e038359da28b2f133,96861b39a00800d6b9ffc9be1bc67ef91cd360f5a7dea9ae86c6b4aeaa264431
136,two_actor_p4|walker2d-medium-v2|T=14|seed=1,two_actor_p4,walker2d-medium-v2,14,1,d4rl_eval,94.97720583655763,8fb416dd600a2641408a7e609d3ecb90c989ba8ed252db2b5c06aa0a2ec8ab1f,979956a54d5e4e9e7368e5d44e96a2f7fc6bc7146cfc0920ab466714214aaa5a,9c72f64e0949cd665c7ebf93b72e6d831aa5e67cf3c8a0646cfdf4b6021eed77,a729e7d5cee86f641ca64259f4e8eeb5a7814a32699a23c2077bed645057310d,96861b39a00800d6b9ffc9be1bc67ef91cd360f5a7dea9ae86c6b4aeaa264431
137,bar_p4|walker2d-medium-v2|T=20|seed=0,bar_p4,walker2d-medium-v2,20,0,d4rl_pi4,8.807738985300272,ff03041f227e40e2419be6e0c200040446c74cf824fd52f0b7e71f5596612bd2,5d46095a2b2b8df979d4c397c53bb8ee7782e822c19045d0c8ece0008129c469,b4b797880ead7909ae76ecc56e48ad20eaa9c253ce63c609fce240a2ea7ea945,0bf01da1a07973eff8e62228c6efd44ee274c42ae8b517174fcf6488a16e7b5c,96861b39a00800d6b9ffc9be1bc67ef91cd360f5a7dea9ae86c6b4aeaa264431
138,two_actor_p4|walker2d-medium-v2|T=20|seed=0,two_actor_p4,walker2d-medium-v2,20,0,d4rl_eval,61.99357821454979,0c18813993f4ef47cd4e8ee98bf0f331d3b6984d0dd6ceb670974a026f64c41d,6dcdd604d8256422819c39117aed3225d66dbc99b97809e666eb98c235c52d48,c4da38a9b2f8825acaee1e63a01a56bd681359b73b611527b7f426857cad09f2,737ec000e6260ca53d482947f73bd56911e0c0e969e19d29d541bccef1c12769,96861b39a00800d6b9ffc9be1bc67ef91cd360f5a7dea9ae86c6b4aeaa264431
139,bar_p4|walker2d-medium-v2|T=20|seed=1,bar_p4,walker2d-medium-v2,20,1,d4rl_pi4,0.10398311012065385,fcc8e707f5f8ec46078830a3d52ea600376911b524fe12b32296067934be2fbf,90666a2a08932f4ec3729e263aa8bbc59a8ed5f361dc67b32af41e267ed60e2b,9751d8ba3a4b296216a13443345c6dfacd4dc16500541ff3c13a32d7738a2f11,8245cfe5ba27556ce1d994c59f165e707ad9aafa89bc524e758812f9483694e2,96861b39a00800d6b9ffc9be1bc67ef91cd360f5a7dea9ae86c6b4aeaa264431
140,two_actor_p4|walker2d-medium-v2|T=20|seed=1,two_actor_p4,walker2d-medium-v2,20,1,d4rl_eval,2.3684229043738587,824982d0b86ea54f14c8aa3d185f69dd39c78fa5b77b00193b252145dce49e82,479270228297b84724cb5ab2aef94ac8f9a8d5ae6e567c57fd921a315bde69e3,254679e281f95ea476ad8f714a54020233afbdad363b02ae86d588e594154a88,69a9507bc2b9a2ccca93630b9c89dd2213d664572f45b101ac215380ad9724b3,96861b39a00800d6b9ffc9be1bc67ef91cd360f5a7dea9ae86c6b4aeaa264431
141,bar_p4|walker2d-medium-replay-v2|T=4|seed=0,bar_p4,walker2d-medium-replay-v2,4,0,d4rl_pi4,89.18400329470627,07e31acd8cd1f92d5410e4719f239d4eec0e0387394f5748bb68816145a353ce,72755d859cd9cd790f31d9ba249d41ecb75e15fbf27fa59475f5a2c75fb79ba6,0626e2ac12244de41b6ca4e8abed98f7f2bd1be6c4f2ac1f8c59d2e668ab38f5,9e6fb93bdcc86f2c0a159e57d9a6cd36234d077c7a761ddd35644cddc9941602,8522b486ae779b5f00e230ba41cd7fcf264a11b83e3207ebf4db21d53df96a5f
142,two_actor_p4|walker2d-medium-replay-v2|T=4|seed=0,two_actor_p4,walker2d-medium-replay-v2,4,0,d4rl_eval,2.4328687887292566,d4c4009e03239cb81c4dbaa01ecec59beb14c7dab7b386e050088909d2074331,757d7e54c9802af565ecac5772c720f35048f7dbd09cbaaa50df4a28b796f761,93b50b52731a063f8c4ceb3a1cd49ac1f73e08d6e9120f5ca7f10fa5f384d1e7,6e32a876175df509a54758e83134003cdb2f083834f9c9a23e5babdbbcf02404,8522b486ae779b5f00e230ba41cd7fcf264a11b83e3207ebf4db21d53df96a5f
143,bar_p4|walker2d-medium-replay-v2|T=4|seed=1,bar_p4,walker2d-medium-replay-v2,4,1,d4rl_pi4,88.8519339814742,6b6a18c50d434690ba22cb92d58766d5b25861c783b54b7756d8f0f11be88d63,4104a7feb2b21b2cc1d6eeeb9bd7fc4be86221ccdff0f5a468d9ed578fc87867,8f7fb64540a1c48542b673b512d7dfaf477db1ca0b04c5e4da25c91039b9cbf7,0afb88f0a0eda65b81049d3981ce91a65e5d7aa9171dd578f95b44b1176fbc20,8522b486ae779b5f00e230ba41cd7fcf264a11b83e3207ebf4db21d53df96a5f
144,two_actor_p4|walker2d-medium-replay-v2|T=4|seed=1,two_actor_p4,walker2d-medium-replay-v2,4,1,d4rl_eval,88.20134376424026,35aa6f9b74a1bc19b54d44071c0f8d35f1448e66976f209fd6caa89df810dffa,b17b10d2ce0739b8a81d455f88539b0b17c2b10455fa2dd62677008410c75e91,d0dee821b86c35a2cca0b71fdcb070cad0420a59fbdabbe9060bd6da6361b831,4646e43cb364132c7f74ad836d9016409aacaa73f25af5ccc1cb34a14508156f,8522b486ae779b5f00e230ba41cd7fcf264a11b83e3207ebf4db21d53df96a5f
145,bar_p4|walker2d-medium-replay-v2|T=7|seed=0,bar_p4,walker2d-medium-replay-v2,7,0,d4rl_pi4,88.86280603767143,e8e6b8392a9d942e6066ea958f0fb4f83572911ee73cb7cd080d57978826c5d8,fc357869f9558eff8726301186a6f2013a4d2e4b40a50b215a22c7f17d439c03,adc669261e1ddcb99b84351f9427900d005a27550b67f7ea1dd352318c9e5f5f,8595d44e0f05a14b86d3055cbadbf20afc966d9aa8c4f9562bafed56ca981c10,8522b486ae779b5f00e230ba41cd7fcf264a11b83e3207ebf4db21d53df96a5f
146,two_actor_p4|walker2d-medium-replay-v2|T=7|seed=0,two_actor_p4,walker2d-medium-replay-v2,7,0,d4rl_eval,91.18425463452508,6d2c1552e8c5ef857a8c48413ad5583cf7fb7e540ad1ef090f0b81f1c12970d7,848861672920d8e047fe88042029da383ee6d72bba8d1ae0f6f1136c2a91fb74,d86a1259df5447fc1fb1f72faccd76dc4e829dbd2eaa3853aa080e5eb1f6a68b,74eace1d382ead0dcdab379abc08184d2369254bb331fea93ea94509ea454763,8522b486ae779b5f00e230ba41cd7fcf264a11b83e3207ebf4db21d53df96a5f
147,bar_p4|walker2d-medium-replay-v2|T=7|seed=1,bar_p4,walker2d-medium-replay-v2,7,1,d4rl_pi4,86.68455207979888,2bc240a53eea8c5210ed3d6ab528d64d87e683f9ce696ebcac76df90fe097628,b418e488d42eae726a9eef47ce571601a1f9adfc6e632fd73a0499419e2dcabb,de1e0aed507d8cbd5f6089ef094b9ddeefc122db523bcc24e0dacf328de47104,f838ceaed3a27923285505acdc49a24738469207cfcbdd8c9485e040a9c11368,8522b486ae779b5f00e230ba41cd7fcf264a11b83e3207ebf4db21d53df96a5f
148,two_actor_p4|walker2d-medium-replay-v2|T=7|seed=1,two_actor_p4,walker2d-medium-replay-v2,7,1,d4rl_eval,92.67612392292729,29740fe335dde1212d9e0c45c2adf251c4d79de561e1d3abebfebf4f21ca3a10,e31d5414d7960ff74dd1d9ef1b67bd6a4c6c2335566e455ed814b1573bbe8a20,ea1feb7e8013148cf7e3336ed792bb98d16e5f213376afd87c2ff11b39237477,78032e9720fd322c72cfe43395b4f7a67f0f1b35cc9d17f6d380f931a5de713b,8522b486ae779b5f00e230ba41cd7fcf264a11b83e3207ebf4db21d53df96a5f
149,bar_p4|walker2d-medium-replay-v2|T=10|seed=0,bar_p4,walker2d-medium-replay-v2,10,0,d4rl_pi4,90.86173942833265,4f8e067b7913599203295aa879665e546d1f43d3fe3738964132c01061ab9a06,0a7439ab480ae165484e94e1bf1781fd17285ea5e47268f53f53f7741e7307ca,74e91fd9d94413b765f91b4969808bfafa89b672600328e213ddcefd1ba3e929,e9a3edf83681d109d914d946a9583051d67d85cbe779ec54f821dc6114885c1e,8522b486ae779b5f00e230ba41cd7fcf264a11b83e3207ebf4db21d53df96a5f
150,two_actor_p4|walker2d-medium-replay-v2|T=10|seed=0,two_actor_p4,walker2d-medium-replay-v2,10,0,d4rl_eval,82.55506560822198,014329e82c816cb60dad15d283d594779c51234bc3d85b30631a14663932d04a,3591675264ebdf1b46aa81d00a4c0401a4b21717075272ea93c14ee225cf39b0,e91d6ca41ad353628ba45c81226ec6365e1ecb9fc026624b5c34f8215d0b70ce,764c543765963395c1c4d2914e3df7351a3842256da3e594eced380c2e95f972,8522b486ae779b5f00e230ba41cd7fcf264a11b83e3207ebf4db21d53df96a5f
151,bar_p4|walker2d-medium-replay-v2|T=10|seed=1,bar_p4,walker2d-medium-replay-v2,10,1,d4rl_pi4,89.07688047026694,909f6773a7490626ee132c6fcac43158f4514e55ab354cac5639c6d195769491,709617f6b282f165c1bdb82b2929eb1b1e7f09aa3222a9308a49c51de5e45e24,7e9abcd33594746f4d4e40d93fe7ea56e48e73c99c9f97d7aafe2c4be99cea4b,2bf09dbe5101bb7c14d1d0546158a0b311e583c24c1661f755c41d505bc40fed,8522b486ae779b5f00e230ba41cd7fcf264a11b83e3207ebf4db21d53df96a5f
152,two_actor_p4|walker2d-medium-replay-v2|T=10|seed=1,two_actor_p4,walker2d-medium-replay-v2,10,1,d4rl_eval,92.65655214253903,db238591c64002f632be3efe467a24d9fb49f6746713b1358a13267acf13eac5,5a2cc813dfdb395cd18215ec02826c4f117514ce7e5650e31fe4020866b7f831,06dfc21db546d1653eb20f0a4b3440a67dfc3d4d1dbd94c5ed7b332f1a817019,9b7cf0701c7cece5b900a19d60312f85ed99be4076f00cdf23c656869fb9dbc0,8522b486ae779b5f00e230ba41cd7fcf264a11b83e3207ebf4db21d53df96a5f
153,bar_p4|walker2d-medium-replay-v2|T=14|seed=0,bar_p4,walker2d-medium-replay-v2,14,0,d4rl_pi4,78.64591515681248,68e5d44956d739febb99ec0e3d8216470a4707011785bf59942fb4d181847639,8470020f55f8532d7961b203f8cb5c00fe4b909355d088f1e168760832ee9b4d,d04a0aaf962dcb7e7c00e8930ec88fffd74bf3a44bb14530dbb5796a191a8083,b021e325bd6b0499e965277b5a5065f8ddd0770b059b6dbd72107b8c1057eb7b,8522b486ae779b5f00e230ba41cd7fcf264a11b83e3207ebf4db21d53df96a5f
154,two_actor_p4|walker2d-medium-replay-v2|T=14|seed=0,two_actor_p4,walker2d-medium-replay-v2,14,0,d4rl_eval,89.13298967523835,b02d00615720104274e87f77bf2db07dd2a7d911a0917de81ce74928a44868ad,9211f512e176a408a190b24bc4c0d6bc4538d7ba50c2b5d1e39f6f28036082ea,e3e7c054e07aeb33e36b6551a8bb230fe8cf416eea7b4add5d739a46ae6a57e4,26a40ba7b39704eb68e07ba4fa386d4fbeb5546288662433ef1f2d09178260d5,8522b486ae779b5f00e230ba41cd7fcf264a11b83e3207ebf4db21d53df96a5f
155,bar_p4|walker2d-medium-replay-v2|T=14|seed=1,bar_p4,walker2d-medium-replay-v2,14,1,d4rl_pi4,97.37488505382395,01b2d71fbf6f0e34333bf29653dae4852753373b76c80617f72dd3b7831cf9d3,9677f795509b109af3ec517141ca73c6e693d7caa5428d976dd50293a7b2c612,48faf414ba3e880d1963f34b0cd7e6c5d7ce20686e607b2960fd7b16404aaa3c,5e79ff65f85384bf45453e2963045cecaf84dd98432222e1a8fc97f05bd85aeb,8522b486ae779b5f00e230ba41cd7fcf264a11b83e3207ebf4db21d53df96a5f
156,two_actor_p4|walker2d-medium-replay-v2|T=14|seed=1,two_actor_p4,walker2d-medium-replay-v2,14,1,d4rl_eval,91.76709080055987,781b73316f52293a92e5468058e1d5c4aefdfc915a62cdb9d2b186a28898df3c,e5d38ad6f19203a7e6a6f9d1424d99c6241fc4c595130e62525485030a08bd53,b4fe9ced16cf3c36f71342dde35a5b29ca524c93078975bf9ab4aa8eb0960578,9e1aec282d3d155a9fd7f1e126accd399ba2505948b32992bd9da967ffa4ac8f,8522b486ae779b5f00e230ba41cd7fcf264a11b83e3207ebf4db21d53df96a5f
157,bar_p4|walker2d-medium-replay-v2|T=20|seed=0,bar_p4,walker2d-medium-replay-v2,20,0,d4rl_pi4,71.66929097033442,6bc59182cf906fcacdcb1dea6f15e7a15b08edbbc34bbe09f85e1944c3466e79,8833301e2daae2881caf29ae56b4c559f0f71970fc27f40df261df12fd86819a,1a3a975a51935fbfa418e9e9bc1cc7f65f3aee6d59dc5773b6985e6f7d3db713,564916ac7be9bc284bb8f9fc608f0c3035ce52f6eac473d4e4212ddd208264a8,8522b486ae779b5f00e230ba41cd7fcf264a11b83e3207ebf4db21d53df96a5f
158,two_actor_p4|walker2d-medium-replay-v2|T=20|seed=0,two_actor_p4,walker2d-medium-replay-v2,20,0,d4rl_eval,74.82884613463231,2b5aac927048c666397b2568ea9e08bb88e8ee5f4038c951f2e64a39382c4e2c,e466f4e5d6178994b5f972e180eff54d286a4f634e14b4239696060878117fa8,c63c799ce7fdb80898438bfa134197bb13a9663902c4137134f58a53576b172c,24c79fcce125ba57487af4d1b3e5b6801109704c4b45a04d509e232ad4eca458,8522b486ae779b5f00e230ba41cd7fcf264a11b83e3207ebf4db21d53df96a5f
159,bar_p4|walker2d-medium-replay-v2|T=20|seed=1,bar_p4,walker2d-medium-replay-v2,20,1,d4rl_pi4,90.21454345869448,994aab5a5744dd8ad6b1ad4661c5e998a5361c7567973ca2671ac3ac36039724,9284805c9467cbaa27653204662aec279fbc2200aac4227736ed9607e3e00a4f,cbbdf11333b2c2cc863a6450f2dc6fcac81b5b589e2092bdec6459a7c7c4f497,66d4a3c6b7f3816719b4f62a5f4fd419ea7eb131bde9bcb7c1d3d4a46efb3d3e,8522b486ae779b5f00e230ba41cd7fcf264a11b83e3207ebf4db21d53df96a5f
160,two_actor_p4|walker2d-medium-replay-v2|T=20|seed=1,two_actor_p4,walker2d-medium-replay-v2,20,1,d4rl_eval,67.21150987420785,2b96e1cee357c4b39f2d28b049d32e250bd735de7778ebc45140b1daa2a123e3,665d638b6cf3d10a353345f9d7582678335789690f883696a36714a8903c33e1,6a634e1f8a3c33a885dd2a5f629fccf9664aeb66ae94daf3417f7e751ae5232d,5cf6deac004f5367026986de7148187581bdeed01ff028acb9d91f161d0c28fe,8522b486ae779b5f00e230ba41cd7fcf264a11b83e3207ebf4db21d53df96a5f
161,bar_p4|walker2d-expert-v2|T=4|seed=0,bar_p4,walker2d-expert-v2,4,0,d4rl_pi4,111.59559944185438,853304a5454bccc2d206f05e51726c5054ec1ae6a01805ef0dbb92a895c9da27,7016f2e25ce1a2649ca919aea89e867473caf676c1599b6dac95dddf379a5694,7ccee2610b47c0aa88a5a574bf2c2890750b3941ebba8296acbb3e43977a2264,033c0f547774c219894c1bfbcd15debcc9dfae100037efffb67ddeb94c746a45,221b4708d1bc0781cf5e89c7cdb106871545612365063b2aabef9f0f4ce51d83
162,two_actor_p4|walker2d-expert-v2|T=4|seed=0,two_actor_p4,walker2d-expert-v2,4,0,d4rl_eval,111.33119666742739,f5ea66525cd81604374aad454682965ede36869c5b1c756e307c9be6fd377cb8,733ee60c82e7d22cc3129ded6ccac5bdcbdd4b32a64f107a85e6e6eda8f82e15,91395f6ffd1602b5c221775cb4d927d9d0a469b2d6a16eaf297cb12b73e78ff1,d743837099886e3a23074272d45c178910e5c624914600eee801348b0a595ec8,221b4708d1bc0781cf5e89c7cdb106871545612365063b2aabef9f0f4ce51d83
163,bar_p4|walker2d-expert-v2|T=4|seed=1,bar_p4,walker2d-expert-v2,4,1,d4rl_pi4,112.01504263310127,c112c2bc1ce4abd0c015cc078ca0e2e321a18c7529b4dc90cedee6185de203df,d158bb5bcaae6bcfdbbbb8eb6012a2b1270ff62eb4e48eced835fe68b732a809,9813f91468d4ed8007abfeb2fb0434bd99ab3d4bf41f76dc6b3a8043b54cc344,0b6feed27709f6c66c556608e59ac914f1e31608ed05fc60d5d7831ffb2ca22a,221b4708d1bc0781cf5e89c7cdb106871545612365063b2aabef9f0f4ce51d83
164,two_actor_p4|walker2d-expert-v2|T=4|seed=1,two_actor_p4,walker2d-expert-v2,4,1,d4rl_eval,111.2471515375252,72011b051a640b40ac987a2d7c73c12ada8bddb891c3eb7f21f7d5b3f7be1584,f5891d7adff6b2dd97cda6d7d27a6e45d0b3b7090b7f0dfef0afd033f8b2a725,ddeb2b884255efaef4963716efb8ab65ed57b96199deb57db59b0773010a303c,b433dd7a5713a764cc414d3882875d81d69d704073d20a1c678bd5e080693e1d,221b4708d1bc0781cf5e89c7cdb106871545612365063b2aabef9f0f4ce51d83
165,bar_p4|walker2d-expert-v2|T=7|seed=0,bar_p4,walker2d-expert-v2,7,0,d4rl_pi4,113.67995325258885,d48d5d20980a92de65eaac182aec58d8cf8d3a3913a87effbbe636c3a90f0c24,9fdc25cddba221dc1c333268c7411d2bffddaef9884f4cd1dd56cb7dd00fde0e,32cf61a6d6d2e72fb15cbb0d696c47b6900b1108fd5d11abd29d8296604c0967,b02e0f7e1b672692368e1d7dae6df548f4437a841233aa32431d7839ff5d07ef,221b4708d1bc0781cf5e89c7cdb106871545612365063b2aabef9f0f4ce51d83
166,two_actor_p4|walker2d-expert-v2|T=7|seed=0,two_actor_p4,walker2d-expert-v2,7,0,d4rl_eval,112.9449949712968,9157ff8cbdfea2f35f83b56fa37dbe8363316bdaba2ae0e73662c4a00116c967,a9592cbac958b59da285c1c9c7c8f6ca5f6270be085db248b597c500cb6dad6f,9f847276bbbaf6f537d5fe9eff8572cdcedfbe4b377925a51d9c6de84673830d,4a245b98e47240feed5dc50fcb2e49d6139395c6f23b046ee591b849b1e1fdc6,221b4708d1bc0781cf5e89c7cdb106871545612365063b2aabef9f0f4ce51d83
167,bar_p4|walker2d-expert-v2|T=7|seed=1,bar_p4,walker2d-expert-v2,7,1,d4rl_pi4,113.6756946954753,2bb6f3a7da42e80ba92441cdb54d8c8c2c1b1420c676b65caf930a8d602af1ff,e5303bab6d755a73d89c203debd165005197d9c980544841ae5b65037579f5a4,ff1750beada8bb7446297f995d101a40c6a3778b781342369d15fd262c621e28,a886d24436ce3497afad522c423d4e4454c1a1b70f6d097473bc15981eed244b,221b4708d1bc0781cf5e89c7cdb106871545612365063b2aabef9f0f4ce51d83
168,two_actor_p4|walker2d-expert-v2|T=7|seed=1,two_actor_p4,walker2d-expert-v2,7,1,d4rl_eval,112.73542581269194,62149443cf64a6db270012f66d214fb1708c7c5125facb46b757a9b128998b5f,51ab30998a0133515fd29f983681aea27219816489ced5e8cddc373cb1f84f83,7e711744242b40085f2aa21afe6fa77a5e8d4bc0285e5825c5a1dce22da059b3,2ac00f1b72355e64d7af1f95d46255a624bc8d1a6f93a3a0bf1e0f2cab08b6b4,221b4708d1bc0781cf5e89c7cdb106871545612365063b2aabef9f0f4ce51d83
169,bar_p4|walker2d-expert-v2|T=10|seed=0,bar_p4,walker2d-expert-v2,10,0,d4rl_pi4,114.94027003258802,fde91a2eee9e713bc267ab7e2eb958398c8b34e5be7424d963d67a538f62cc97,d564ab954305ed2f34733ac2cb274cb2734fdee5e72c01652c4ed8469b00b6bb,69e68bdd417add8003e87ebbd773dd39f5ca05a7e66eecc8f7db900df1a8a342,e0909e9372f4eceaee9378481a0aa68d76fda1828343255e4f0b6c53610fc122,221b4708d1bc0781cf5e89c7cdb106871545612365063b2aabef9f0f4ce51d83
170,two_actor_p4|walker2d-expert-v2|T=10|seed=0,two_actor_p4,walker2d-expert-v2,10,0,d4rl_eval,114.09051878123113,59155d77a3c0367aff7e6e52f09267179564cb8899afa04f6f517852a45fffef,41f0bb76e8ba6cc623db3ee8c3fdbcce346f9ea50116d7df6a83519ed62baf82,52e4407f4e3655d555a343ef355e074a6f50a5fa7cccec2bd6f165328b313d99,784a3710f801901522623ce89696974f47e32fc8e4e33cce41aa1b0f38efcc90,221b4708d1bc0781cf5e89c7cdb106871545612365063b2aabef9f0f4ce51d83
171,bar_p4|walker2d-expert-v2|T=10|seed=1,bar_p4,walker2d-expert-v2,10,1,d4rl_pi4,115.67236460173862,fb0588e13b335122eee16ef125e2600cde790d5b3824a50453d7619f66477e45,6e41066fce877179318fc7914fc4d13748354a9098bb7140140af5d5af1329f7,748144c25b8d83415873a125502ce51780d2fb68d47848e8f71a34a0220e0e1e,5b4e887084bad700019c489797fd948beedb301add13512c744d26e9440c6ff6,221b4708d1bc0781cf5e89c7cdb106871545612365063b2aabef9f0f4ce51d83
172,two_actor_p4|walker2d-expert-v2|T=10|seed=1,two_actor_p4,walker2d-expert-v2,10,1,d4rl_eval,113.39894954928522,138d2d349aa2246ba0a4e3627d1d813212d3a294632e08644fb386708b3f5b29,ec83b0755a57300e9d9ef7a5fedf236ee6ea78db628d948f7df948f0508a0c40,67c3bfa217596d9bba9d72b024162b6a88f68ce14ec75f3108965716c957d75a,08d8c26070ba3b9b348dacfcdee41df76f5087beb2b1e144144d599cc0b31c49,221b4708d1bc0781cf5e89c7cdb106871545612365063b2aabef9f0f4ce51d83
173,bar_p4|walker2d-expert-v2|T=14|seed=0,bar_p4,walker2d-expert-v2,14,0,d4rl_pi4,115.91745717689876,d296506a3dc099251c48e25d92f6615a9313462d62a21cf9b775dd304e4add0b,18451333d1503c1bb2fc74e2948808640944cf72784195195b6967e56e6f3fa1,fa8d3001104b33958328470c10c67467b87871ca510f9e19771dbb405b9ea05c,96b943457c64194b358c1ae50c0e996b0d28469ca865b91b801b71fd681ae16f,221b4708d1bc0781cf5e89c7cdb106871545612365063b2aabef9f0f4ce51d83
174,two_actor_p4|walker2d-expert-v2|T=14|seed=0,two_actor_p4,walker2d-expert-v2,14,0,d4rl_eval,115.31678209008493,b8631cbdbfa329d42c818f0ab9b6857b4ec18f20f57d5dbb0632004562d1adb1,7303c3a3faa7df4356627067331724bd6c217d6fd06a02dd4405b39c0bf8f185,49807c1642986029f90b1669e0c03d4c48feb331086052e05edabb8dc12f2472,7a92a4cc2a3008d9e99aa7e3a72e353d4df402a3384d254f37fda915df224ad7,221b4708d1bc0781cf5e89c7cdb106871545612365063b2aabef9f0f4ce51d83
175,bar_p4|walker2d-expert-v2|T=14|seed=1,bar_p4,walker2d-expert-v2,14,1,d4rl_pi4,2.379726998914026,d0dac0b7e3635eeaa69082ececc328e281eabd19d917e53af56e33c27a2eb720,7fee1b7c8e43cb56343abdb50dc6106065b4e0454d9b4e957d415bdce0dd3fea,05548ddf537dbd4c0ac3999ede24ebea28f3c875a16606625373c992c3ba519b,813b3f2f5e03bc8b9577f7c06f0bb2409204a69000e3b25584376c259fcf8112,221b4708d1bc0781cf5e89c7cdb106871545612365063b2aabef9f0f4ce51d83
176,two_actor_p4|walker2d-expert-v2|T=14|seed=1,two_actor_p4,walker2d-expert-v2,14,1,d4rl_eval,-0.2713261508331448,b2a86b839207dd309afb56edcbae26172edfc0468f424f4a65d6c477cf292254,c5946c71d7aa6361117dfee9b3ccfb0f7356bd28e7441b9badb1d128cd766f31,7f27b3a3cd5028756d61d09557352def581bd5ad7f13cff84cb19f49100fea02,54a4f88a9362944b60f9627812ad8bb3580111321b8e3815b6b01630ec0f0b2d,221b4708d1bc0781cf5e89c7cdb106871545612365063b2aabef9f0f4ce51d83
177,bar_p4|walker2d-expert-v2|T=20|seed=0,bar_p4,walker2d-expert-v2,20,0,d4rl_pi4,2.301870741924926,8d73f125fdfadfd57da93bf813c2635a55fb99f96e998dfd3a98998b7ae86d6b,100eb83d406106d44577251c42e586e631f122a4bab89cf4b963b4376e82c4fb,78e897cff881e4810c7201f4aa4595f2781601722fc896da4fb81d899b0f9efe,c02118004a0b77d7bf1b8397146f8791f447d9ed3b14dfec8c95c2279bd8ab61,221b4708d1bc0781cf5e89c7cdb106871545612365063b2aabef9f0f4ce51d83
178,two_actor_p4|walker2d-expert-v2|T=20|seed=0,two_actor_p4,walker2d-expert-v2,20,0,d4rl_eval,2.301870741924926,3578dc0605adf1dc4d1277f1faffe4af3688a53bb4861825339df8486bf7e043,587bb203c471e81fd9258ac1334bfc5dd5cef7e1215bdf251a2cab355aabf009,05a904e4bc37dcdd834eb64ffc9cb3dae0311e4cdc2249a905af16672f0c2867,a8763753e2a2572404db5097645ded1d16f2aaaf0f2b8167ed8a08205bad5d82,221b4708d1bc0781cf5e89c7cdb106871545612365063b2aabef9f0f4ce51d83
179,bar_p4|walker2d-expert-v2|T=20|seed=1,bar_p4,walker2d-expert-v2,20,1,d4rl_pi4,2.3684229043738587,e261b8e869900ec6770d82f99d0b288ba08d9b4b555ceb2670441b161774c1a2,04104e8420fae84edd5d46b4d5c175dbd95b599cae43d1b1d43c313d6ea1b024,89e47596d66426121f4dda1844ceb131dad0e4e85ade4558dd98493e8ada3b53,bfe2b2ba79f17061b07c6fa7495b2dc9b9c8bc84f8161d0e9a66517d26024b81,221b4708d1bc0781cf5e89c7cdb106871545612365063b2aabef9f0f4ce51d83
180,two_actor_p4|walker2d-expert-v2|T=20|seed=1,two_actor_p4,walker2d-expert-v2,20,1,d4rl_eval,0.0170781750396843,a4d7ad67c4f445006c7bec68f931587bacff09ff4692216765f3deaf0ab1b8ee,b1ff6917466b8ec746c01bc118a7ffa8930b760b21053b6ecb3aaf9b7e07ecb6,713f2b987dfa6f61297fb106e0abb866541bd2815002d1dccef715898d103a59,8163f31ce84592730a6236a89a556b4b813752ea1660b70452edfaaa24290a30,221b4708d1bc0781cf5e89c7cdb106871545612365063b2aabef9f0f4ce51d83
