method,T,seeds,available_runs,expected_runs,status,mean_score,std_seed_task_means,score_below_20_runs,score_below_20_task_means
TD3+BC,0.05,"0,1",18,18,complete,65.19131111111112,3.8442567265987884,0,0
TD3+BC,0.05,"2,3",18,18,complete,62.43696666666666,2.358153974805056,1,0
TD3+BC,0.05,"0,1,2,3",36,36,complete,63.81413888888889,3.0509896354861055,1,0
TD3+BC,0.07,"0,1",18,18,complete,61.490677777777776,1.8232041246113955,3,1
TD3+BC,0.07,"2,3",0,18,missing,,,,
TD3+BC,0.07,"0,1,2,3",18,36,partial,,,,
TD3+BC,0.1,"0,1",18,18,complete,62.80693333333333,1.6152361635224166,0,0
TD3+BC,0.1,"2,3",18,18,complete,62.32406111111111,1.1302630492746215,0,0
TD3+BC,0.1,"0,1,2,3",36,36,complete,62.56549722222222,1.1718429939629291,0,0
TD3+BC,0.15,"0,1",18,18,complete,62.05765,0.08160797929094345,2,1
TD3+BC,0.15,"2,3",0,18,missing,,,,
TD3+BC,0.15,"0,1,2,3",18,36,partial,,,,
TD3+BC,0.2,"0,1",18,18,complete,64.84909999999999,0.07333482995105751,0,0
TD3+BC,0.2,"2,3",18,18,complete,64.31349444444444,1.0715260459840534,0,0
TD3+BC,0.2,"0,1,2,3",36,36,complete,64.58129722222222,0.6929212017846729,0,0
TD3+BC,0.25,"0,1",18,18,complete,65.5939611111111,1.2872878951501066,0,0
TD3+BC,0.25,"2,3",0,18,missing,,,,
TD3+BC,0.25,"0,1,2,3",18,36,partial,,,,
TD3+BC,0.3,"0,1",18,18,complete,67.63717222222223,4.243151375350142,1,0
TD3+BC,0.3,"2,3",0,18,missing,,,,
TD3+BC,0.3,"0,1,2,3",18,36,partial,,,,
TD3+BC,0.4,"0,1",18,18,complete,64.21737222222222,1.1805619116430213,1,0
TD3+BC,0.4,"2,3",18,18,complete,67.65831111111112,2.803866949212976,0,0
TD3+BC,0.4,"0,1,2,3",36,36,complete,65.93784166666667,2.6517577021778713,1,0
TD3+BC,0.5,"0,1",18,18,complete,68.17361666666667,0.8065967052994915,0,0
TD3+BC,0.5,"2,3",0,18,missing,,,,
TD3+BC,0.5,"0,1,2,3",18,36,partial,,,,
TD3+BC,0.7,"0,1",18,18,complete,69.14043333333333,0.8171640233072296,0,0
TD3+BC,0.7,"2,3",18,18,complete,66.24421111111111,4.165691755842167,1,0
TD3+BC,0.7,"0,1,2,3",36,36,complete,67.69232222222223,2.966976463572126,1,0
TD3+BC,1,"0,1",18,18,complete,69.9577888888889,2.768323048345338,0,0
TD3+BC,1,"2,3",0,18,missing,,,,
TD3+BC,1,"0,1,2,3",18,36,partial,,,,
TD3+BC,1.5,"0,1",18,18,complete,75.43374444444444,1.9333399341522088,0,0
TD3+BC,1.5,"2,3",18,18,complete,74.13633333333334,0.5124167140998497,0,0
TD3+BC,1.5,"0,1,2,3",36,36,complete,74.78503888888889,1.376426506224375,0,0
TD3+BC,2,"0,1",18,18,complete,75.04438888888889,0.2947535333666099,0,0
TD3+BC,2,"2,3",0,18,missing,,,,
TD3+BC,2,"0,1,2,3",18,36,partial,,,,
TD3+BC,2.5,"0,1",18,18,complete,76.79968333333333,0.5994772723479395,0,0
TD3+BC,2.5,"2,3",18,18,complete,58.01808888888889,19.926771925325752,2,0
TD3+BC,2.5,"0,1,2,3",36,36,complete,67.40888611111112,15.813326681838104,2,0
TD3+BC,3,"0,1",18,18,complete,51.4323,8.460941187481724,3,2
TD3+BC,3,"2,3",0,18,missing,,,,
TD3+BC,3,"0,1,2,3",18,36,partial,,,,
TD3+BC,4,"0,1",18,18,complete,49.159166666666664,6.913791550245562,3,2
TD3+BC,4,"2,3",18,18,complete,42.701388888888886,1.583793481985656,6,2
TD3+BC,4,"0,1,2,3",36,36,complete,45.930277777777775,5.538104646326444,9,2
TD3+BC,5,"0,1",18,18,complete,49.44363333333334,11.214195004645772,5,2
TD3+BC,5,"2,3",0,18,missing,,,,
TD3+BC,5,"0,1,2,3",18,36,partial,,,,
TD3+BC,7,"0,1",18,18,complete,30.350272222222223,17.73434020980478,9,3
TD3+BC,7,"2,3",18,18,complete,30.36396111111111,6.992979652996438,8,4
TD3+BC,7,"0,1,2,3",36,36,complete,30.357116666666666,11.00619181021907,17,3
TD3+BC,8,"0,1",18,18,complete,32.83623333333333,2.140883631172469,9,3
TD3+BC,8,"2,3",0,18,missing,,,,
TD3+BC,8,"0,1,2,3",18,36,partial,,,,
TD3+BC,10,"0,1",18,18,complete,27.14216111111111,3.9538975613927643,10,5
TD3+BC,10,"2,3",18,18,complete,20.390500000000003,1.6618109301765718,11,5
TD3+BC,10,"0,1,2,3",36,36,complete,23.766330555555555,4.6180749688202365,21,5
TD3+BC,12,"0,1",18,18,complete,22.077666666666666,5.219846545235067,11,6
TD3+BC,12,"2,3",18,18,complete,21.194472222222224,1.7226928240367347,12,6
TD3+BC,12,"0,1,2,3",36,36,complete,21.636069444444445,3.21426512848,23,6
TD3+BC,14,"0,1",18,18,complete,18.50525,1.3739791865235813,11,6
TD3+BC,14,"2,3",18,18,complete,19.415772222222223,2.698217339361693,12,6
TD3+BC,14,"0,1,2,3",36,36,complete,18.96051111111111,1.8254904667506564,23,6
TD3+BC,17,"0,1",18,18,complete,15.346800000000002,2.4974068702467282,13,7
TD3+BC,17,"2,3",18,18,complete,22.488833333333332,4.2294727875051885,12,6
TD3+BC,17,"0,1,2,3",36,36,complete,18.917816666666667,5.004468712069474,25,6
TD3+BC,20,"0,1",18,18,complete,19.21398333333333,1.1889214851450458,11,6
TD3+BC,20,"2,3",18,18,complete,16.96328888888889,1.862094997576653,13,6
TD3+BC,20,"0,1,2,3",36,36,complete,18.08863611111111,1.8208567177835626,24,6
TD3+BC,24,"0,1",18,18,complete,19.662166666666668,5.14261477124547,12,6
TD3+BC,24,"2,3",0,18,missing,,,,
TD3+BC,24,"0,1,2,3",18,36,partial,,,,
TD3+BC,28,"0,1",18,18,complete,23.011733333333332,11.24903179873223,12,5
TD3+BC,28,"2,3",0,18,missing,,,,
TD3+BC,28,"0,1,2,3",18,36,partial,,,,
TD3+BC,34,"0,1",18,18,complete,16.381422222222223,2.2918744991818385,12,7
TD3+BC,34,"2,3",0,18,missing,,,,
TD3+BC,34,"0,1,2,3",18,36,partial,,,,
TD3+BC,40,"0,1",18,18,complete,23.83556111111111,0.5260324480087004,12,6
TD3+BC,40,"2,3",0,18,missing,,,,
TD3+BC,40,"0,1,2,3",18,36,partial,,,,
I-MART-2,0.05,"0,1",18,18,complete,61.1124,0.6077818486558758,2,1
I-MART-2,0.05,"2,3",18,18,complete,59.78290555555556,2.1356588977337037,3,2
I-MART-2,0.05,"0,1,2,3",36,36,complete,60.447652777777776,1.4942102909601143,5,1
I-MART-2,0.1,"0,1",18,18,complete,66.49523888888889,0.16311382093570542,1,0
I-MART-2,0.1,"2,3",18,18,complete,61.887433333333334,1.5368101647468129,2,0
I-MART-2,0.1,"0,1,2,3",36,36,complete,64.19133611111111,2.8059617269222827,3,0
I-MART-2,0.2,"0,1",18,18,complete,68.8706611111111,0.49916239032360393,0,0
I-MART-2,0.2,"2,3",18,18,complete,66.93318333333333,0.04711688185306016,0,0
I-MART-2,0.2,"0,1,2,3",36,36,complete,67.90192222222223,1.1554513161317603,0,0
I-MART-2,0.4,"0,1",18,18,complete,70.11433333333333,1.3597034862856314,0,0
I-MART-2,0.4,"2,3",18,18,complete,69.11266666666666,1.3138829668647394,0,0
I-MART-2,0.4,"0,1,2,3",36,36,complete,69.6135,1.2353701378326136,0,0
I-MART-2,0.7,"0,1",18,18,complete,74.68837777777779,0.26191235175149974,0,0
I-MART-2,0.7,"2,3",18,18,complete,72.6055111111111,0.18343921252382026,0,0
I-MART-2,0.7,"0,1,2,3",36,36,complete,73.64694444444444,1.216632178844878,0,0
I-MART-2,1.5,"0,1",18,18,complete,78.52340000000001,1.3861178529339513,0,0
I-MART-2,1.5,"2,3",18,18,complete,77.57593888888889,3.5759097031384934,0,0
I-MART-2,1.5,"0,1,2,3",36,36,complete,78.04966944444445,2.2807992359616804,0,0
I-MART-2,2.5,"0,1",18,18,complete,81.56936666666667,1.1059778597118664,0,0
I-MART-2,2.5,"2,3",18,18,complete,79.75062777777778,1.279808276753552,0,0
I-MART-2,2.5,"0,1,2,3",36,36,complete,80.65999722222222,1.4339813338367293,0,0
I-MART-2,4,"0,1",18,18,complete,72.12555,13.090848545172861,2,0
I-MART-2,4,"2,3",18,18,complete,76.83160555555557,9.783600135175192,1,0
I-MART-2,4,"0,1,2,3",36,36,complete,74.47857777777779,9.818963049963232,3,0
I-MART-2,7,"0,1",18,18,complete,64.5720388888889,7.1644609041761935,3,1
I-MART-2,7,"2,3",18,18,complete,53.18040555555555,10.13855202584681,5,2
I-MART-2,7,"0,1,2,3",36,36,complete,58.876222222222225,9.727778904240898,8,1
I-MART-2,10,"0,1",18,18,complete,44.66516111111111,6.134002048695046,6,3
I-MART-2,10,"2,3",18,18,complete,37.605783333333335,15.567482189536724,9,4
I-MART-2,10,"0,1,2,3",36,36,complete,41.13547222222222,10.485025790213408,15,2
I-MART-2,12,"0,1",18,18,complete,30.43486111111111,7.696472332856921,10,5
I-MART-2,12,"2,3",18,18,complete,33.906016666666666,0.9953470754242262,10,5
I-MART-2,12,"0,1,2,3",36,36,complete,32.17043888888889,4.908337229036999,20,5
I-MART-2,14,"0,1",18,18,complete,30.73168888888889,6.87853049209039,10,5
I-MART-2,14,"2,3",18,18,complete,28.36763888888889,3.669137803866927,11,5
I-MART-2,14,"0,1,2,3",36,36,complete,29.549663888888887,4.703384822192158,21,4
I-MART-2,17,"0,1",18,18,complete,24.009855555555554,2.2808436333953304,12,6
I-MART-2,17,"2,3",18,18,complete,27.894694444444443,7.682188775876953,11,5
I-MART-2,17,"0,1,2,3",36,36,complete,25.952275,5.141667863668147,23,5
I-MART-2,20,"0,1",18,18,complete,27.609933333333334,10.746404585180807,10,5
I-MART-2,20,"2,3",18,18,complete,24.891188888888887,0.1266035408004439,11,5
I-MART-2,20,"0,1,2,3",36,36,complete,26.25056111111111,6.400333619407034,21,5
I-MART-2,24,"0,1",0,18,missing,,,,
I-MART-2,24,"2,3",18,18,complete,23.82282222222222,0.11555696152990912,12,6
I-MART-2,24,"0,1,2,3",18,36,partial,,,,
I-MART-2,28,"0,1",0,18,missing,,,,
I-MART-2,28,"2,3",18,18,complete,19.54063888888889,7.173040466454589,13,6
I-MART-2,28,"0,1,2,3",18,36,partial,,,,
I-MART-2,34,"0,1",0,18,missing,,,,
I-MART-2,34,"2,3",18,18,complete,21.84655,6.2024656985979325,12,6
I-MART-2,34,"0,1,2,3",18,36,partial,,,,
I-MART-2,40,"0,1",0,18,missing,,,,
I-MART-2,40,"2,3",18,18,complete,20.247516666666666,1.7949119966219191,12,6
I-MART-2,40,"0,1,2,3",18,36,partial,,,,
I-MART-3,0.05,"0,1",18,18,complete,58.306533333333334,1.7663055989519134,4,2
I-MART-3,0.05,"2,3",18,18,complete,61.97944444444444,0.8912845274596031,2,1
I-MART-3,0.05,"0,1,2,3",36,36,complete,60.14298888888889,2.4086302890440474,6,1
I-MART-3,0.1,"0,1",18,18,complete,60.691500000000005,0.14775389029993524,1,1
I-MART-3,0.1,"2,3",18,18,complete,60.956950000000006,1.634461611228676,3,1
I-MART-3,0.1,"0,1,2,3",36,36,complete,60.824225,0.9598193707114906,4,0
I-MART-3,0.2,"0,1",18,18,complete,68.60506666666667,4.429442585224742,1,0
I-MART-3,0.2,"2,3",18,18,complete,67.5637888888889,1.219570635738478,0,0
I-MART-3,0.2,"0,1,2,3",36,36,complete,68.08442777777778,2.719777782702835,1,0
I-MART-3,0.4,"0,1",18,18,complete,71.31931666666667,5.587455647289928,0,0
I-MART-3,0.4,"2,3",18,18,complete,70.69597222222222,2.3576275730901735,0,0
I-MART-3,0.4,"0,1,2,3",36,36,complete,71.00764444444445,3.5197834535781185,0,0
I-MART-3,0.7,"0,1",18,18,complete,75.24876666666667,3.8193508544169945,0,0
I-MART-3,0.7,"2,3",18,18,complete,71.38468333333333,2.4698847029745465,0,0
I-MART-3,0.7,"0,1,2,3",36,36,complete,73.31672499999999,3.445717699893013,0,0
I-MART-3,1.5,"0,1",18,18,complete,78.20623333333333,2.6261945853268367,0,0
I-MART-3,1.5,"2,3",18,18,complete,79.70077777777777,0.673668487178439,0,0
I-MART-3,1.5,"0,1,2,3",36,36,complete,78.95350555555555,1.7873994449140378,0,0
I-MART-3,2.5,"0,1",18,18,complete,81.55013333333332,2.475565127450076,0,0
I-MART-3,2.5,"2,3",18,18,complete,81.26961111111112,0.6675873688602237,0,0
I-MART-3,2.5,"0,1,2,3",36,36,complete,81.40987222222222,1.4891595294515536,0,0
I-MART-3,4,"0,1",18,18,complete,80.91394444444444,0.5496890982103919,0,0
I-MART-3,4,"2,3",18,18,complete,81.61106111111111,1.3241517286759732,0,0
I-MART-3,4,"0,1,2,3",36,36,complete,81.26250277777778,0.9204179398858915,0,0
I-MART-3,7,"0,1",18,18,complete,70.84152777777777,13.782587538981623,2,0
I-MART-3,7,"2,3",18,18,complete,71.16533333333334,17.66217603441369,2,0
I-MART-3,7,"0,1,2,3",36,36,complete,71.00343055555555,12.935958044383074,4,0
I-MART-3,10,"0,1",18,18,complete,53.9118,8.72437774718378,5,2
I-MART-3,10,"2,3",18,18,complete,48.374916666666664,0.11938319489032771,6,2
I-MART-3,10,"0,1,2,3",36,36,complete,51.14335833333333,5.96618517060168,11,2
I-MART-3,12,"0,1",18,18,complete,52.60358888888889,8.832737933029614,5,2
I-MART-3,12,"2,3",18,18,complete,46.88593888888889,3.3836552260758794,6,2
I-MART-3,12,"0,1,2,3",36,36,complete,49.74476388888889,6.381167698915063,11,2
I-MART-3,14,"0,1",18,18,complete,41.472233333333335,7.071680637742504,9,4
I-MART-3,14,"2,3",18,18,complete,41.88057222222223,6.759524420816695,8,3
I-MART-3,14,"0,1,2,3",36,36,complete,41.67640277777778,5.6529219018727686,17,4
I-MART-3,17,"0,1",18,18,complete,29.22916111111111,8.102555900550346,11,5
I-MART-3,17,"2,3",18,18,complete,36.26976666666667,0.9661121383931666,10,4
I-MART-3,17,"0,1,2,3",36,36,complete,32.74946388888889,6.222403377431521,21,4
I-MART-3,20,"0,1",18,18,complete,40.510727777777774,11.892302551061663,9,4
I-MART-3,20,"2,3",18,18,complete,31.154472222222225,8.903487894858332,11,5
I-MART-3,20,"0,1,2,3",36,36,complete,35.8326,10.136377963893887,20,4
I-MART-3,24,"0,1",0,18,missing,,,,
I-MART-3,24,"2,3",3,18,partial,,,,
I-MART-3,24,"0,1,2,3",3,36,partial,,,,
I-MART-3,28,"0,1",0,18,missing,,,,
I-MART-3,28,"2,3",1,18,partial,,,,
I-MART-3,28,"0,1,2,3",1,36,partial,,,,
I-MART-3,34,"0,1",0,18,missing,,,,
I-MART-3,34,"2,3",2,18,partial,,,,
I-MART-3,34,"0,1,2,3",2,36,partial,,,,
I-MART-3,40,"0,1",0,18,missing,,,,
I-MART-3,40,"2,3",2,18,partial,,,,
I-MART-3,40,"0,1,2,3",2,36,partial,,,,
I-MART-4,0.05,"0,1",18,18,complete,58.970016666666666,0.4479521458816764,1,1
I-MART-4,0.05,"2,3",18,18,complete,60.2041,3.427063725698723,3,1
I-MART-4,0.05,"0,1,2,3",36,36,complete,59.58705833333333,2.1188352601221836,4,1
I-MART-4,0.1,"0,1",18,18,complete,66.70445000000001,1.4399601059503058,0,0
I-MART-4,0.1,"2,3",18,18,complete,61.19152222222222,1.1944290612962907,3,2
I-MART-4,0.1,"0,1,2,3",36,36,complete,63.94798611111111,3.3611763105690344,3,0
I-MART-4,0.2,"0,1",18,18,complete,70.43626111111111,0.30506943562991445,0,0
I-MART-4,0.2,"2,3",18,18,complete,66.97972777777778,0.7406629263248578,0,0
I-MART-4,0.2,"0,1,2,3",36,36,complete,68.70799444444444,2.0485174814510816,0,0
I-MART-4,0.4,"0,1",18,18,complete,72.16128333333333,2.381370647454016,0,0
I-MART-4,0.4,"2,3",18,18,complete,70.34958333333333,3.0733296300391415,0,0
I-MART-4,0.4,"0,1,2,3",36,36,complete,71.25543333333333,2.4764583626240735,0,0
I-MART-4,0.7,"0,1",18,18,complete,72.96990555555556,1.8714680907983818,0,0
I-MART-4,0.7,"2,3",18,18,complete,73.55501666666666,0.09422590696411022,0,0
I-MART-4,0.7,"0,1,2,3",36,36,complete,73.26246111111111,1.1333764230189116,0,0
I-MART-4,1.5,"0,1",18,18,complete,76.03471111111111,1.0723195769273846,0,0
I-MART-4,1.5,"2,3",18,18,complete,79.36676111111112,3.2225134473854817,0,0
I-MART-4,1.5,"0,1,2,3",36,36,complete,77.70073611111111,2.746938865728055,0,0
I-MART-4,2.5,"0,1",18,18,complete,81.21173333333334,0.7296713442484137,0,0
I-MART-4,2.5,"2,3",18,18,complete,81.29271666666668,1.1365327294011343,0,0
I-MART-4,2.5,"0,1,2,3",36,36,complete,81.25222500000001,0.7811711754144238,0,0
I-MART-4,4,"0,1",18,18,complete,82.321,3.2471757605648572,0,0
I-MART-4,4,"2,3",18,18,complete,81.80756111111111,0.09480730587308837,0,0
I-MART-4,4,"0,1,2,3",36,36,complete,82.06428055555556,1.8988380954213664,0,0
I-MART-4,7,"0,1",18,18,complete,81.6348611111111,1.523477273550446,0,0
I-MART-4,7,"2,3",18,18,complete,81.9432888888889,0.114834141264699,0,0
I-MART-4,7,"0,1,2,3",36,36,complete,81.789075,0.8998699122891125,0,0
I-MART-4,10,"0,1",18,18,complete,72.12017777777778,17.18736168758894,3,0
I-MART-4,10,"2,3",18,18,complete,76.57759444444444,6.900710074793608,1,0
I-MART-4,10,"0,1,2,3",36,36,complete,74.34888611111111,10.9983902558001,4,0
I-MART-4,12,"0,1",18,18,complete,68.56856111111111,11.398899152633714,3,0
I-MART-4,12,"2,3",18,18,complete,67.19777777777779,11.877398311462649,2,1
I-MART-4,12,"0,1,2,3",36,36,complete,67.88316944444445,9.537409492589235,5,0
I-MART-4,14,"0,1",18,18,complete,48.98623888888889,13.978157561173793,7,2
I-MART-4,14,"2,3",18,18,complete,59.570861111111114,6.22207612666284,5,2
I-MART-4,14,"0,1,2,3",36,36,complete,54.27855,10.741467120745163,12,2
I-MART-4,17,"0,1",18,18,complete,52.268205555555554,7.843754818636067,7,3
I-MART-4,17,"2,3",18,18,complete,52.01795,1.0460230614092563,6,2
I-MART-4,17,"0,1,2,3",36,36,complete,52.143077777777776,4.570969326191945,13,2
I-MART-4,20,"0,1",18,18,complete,39.37375,10.174645898655376,9,4
I-MART-4,20,"2,3",18,18,complete,31.20742222222222,8.12146707857608,11,5
I-MART-4,20,"0,1,2,3",36,36,complete,35.29058611111111,8.872627495947384,20,4
I-MART-4,24,"0,1",0,18,missing,,,,
I-MART-4,24,"2,3",0,18,missing,,,,
I-MART-4,24,"0,1,2,3",0,36,missing,,,,
I-MART-4,28,"0,1",0,18,missing,,,,
I-MART-4,28,"2,3",0,18,missing,,,,
I-MART-4,28,"0,1,2,3",0,36,missing,,,,
I-MART-4,34,"0,1",0,18,missing,,,,
I-MART-4,34,"2,3",0,18,missing,,,,
I-MART-4,34,"0,1,2,3",0,36,missing,,,,
I-MART-4,40,"0,1",0,18,missing,,,,
I-MART-4,40,"2,3",0,18,missing,,,,
I-MART-4,40,"0,1,2,3",0,36,missing,,,,
E-MART-2,0.05,"0,1",18,18,complete,60.97632222222222,0.4056121631726332,2,1
E-MART-2,0.05,"2,3",18,18,complete,63.59092777777778,1.6193609530793345,0,0
E-MART-2,0.05,"0,1,2,3",36,36,complete,62.283625,1.7909972393812295,2,0
E-MART-2,0.1,"0,1",18,18,complete,63.12488888888889,0.9457003226429156,1,0
E-MART-2,0.1,"2,3",18,18,complete,63.765905555555555,0.21839385774047,0,0
E-MART-2,0.1,"0,1,2,3",36,36,complete,63.44539722222222,0.6715522675836252,1,0
E-MART-2,0.2,"0,1",18,18,complete,66.20224999999999,0.8125835427135354,0,0
E-MART-2,0.2,"2,3",18,18,complete,67.04032777777778,2.046547729820175,0,0
E-MART-2,0.2,"0,1,2,3",36,36,complete,66.62128888888888,1.3602725199907466,0,0
E-MART-2,0.4,"0,1",18,18,complete,72.07065,3.3290194421162043,0,0
E-MART-2,0.4,"2,3",18,18,complete,71.18879444444445,0.4011888174192112,0,0
E-MART-2,0.4,"0,1,2,3",36,36,complete,71.62972222222223,2.0017485801230634,0,0
E-MART-2,0.7,"0,1",18,18,complete,67.97532777777778,4.616048064779877,1,0
E-MART-2,0.7,"2,3",18,18,complete,73.97637777777778,0.5568073064743416,0,0
E-MART-2,0.7,"0,1,2,3",36,36,complete,70.97585277777779,4.382941752423112,1,0
E-MART-2,1.5,"0,1",18,18,complete,72.69767222222222,2.5665069162526803,1,0
E-MART-2,1.5,"2,3",18,18,complete,77.55950555555555,3.3805910966907367,0,0
E-MART-2,1.5,"0,1,2,3",36,36,complete,75.12858888888888,3.726158758261587,1,0
E-MART-2,2.5,"0,1",18,18,complete,80.1003388888889,0.2036546097237435,0,0
E-MART-2,2.5,"2,3",18,18,complete,76.75095,5.800373355847211,1,0
E-MART-2,2.5,"0,1,2,3",36,36,complete,78.42564444444444,3.8688590995406864,1,0
E-MART-2,4,"0,1",18,18,complete,73.94774444444445,4.010536814565803,1,0
E-MART-2,4,"2,3",18,18,complete,76.37620555555554,5.0209531211713205,1,0
E-MART-2,4,"0,1,2,3",36,36,complete,75.161975,3.9661820076813847,2,0
E-MART-2,7,"0,1",18,18,complete,45.6288,4.536451411444312,6,3
E-MART-2,7,"2,3",18,18,complete,57.350627777777774,1.9146330314188116,4,1
E-MART-2,7,"0,1,2,3",36,36,complete,51.489713888888886,7.340446342134739,10,1
E-MART-2,10,"0,1",18,18,complete,39.980888888888884,0.8048603653145822,8,4
E-MART-2,10,"2,3",18,18,complete,35.63016666666667,3.7908465943931597,8,5
E-MART-2,10,"0,1,2,3",36,36,complete,37.805527777777776,3.363881783734125,16,4
E-MART-2,12,"0,1",18,18,complete,27.092033333333333,1.2006987414228083,10,5
E-MART-2,12,"2,3",18,18,complete,24.959716666666665,0.0030405591591000924,11,5
E-MART-2,12,"0,1,2,3",36,36,complete,26.025875,1.4128530331211333,21,5
E-MART-2,14,"0,1",18,18,complete,25.097733333333334,0.4216084899114723,11,6
E-MART-2,14,"2,3",18,18,complete,29.818583333333336,3.2493049376504395,9,5
E-MART-2,14,"0,1,2,3",36,36,complete,27.458158333333333,3.3177382365654347,20,5
E-MART-2,17,"0,1",18,18,complete,24.405944444444444,1.8962718253340043,10,5
E-MART-2,17,"2,3",18,18,complete,30.59608888888889,1.2343413107232648,10,5
E-MART-2,17,"0,1,2,3",36,36,complete,27.501016666666665,3.805142728378706,20,5
E-MART-2,20,"0,1",18,18,complete,20.633383333333335,3.55068956127617,12,6
E-MART-2,20,"2,3",18,18,complete,26.464844444444445,6.557629721303911,11,5
E-MART-2,20,"0,1,2,3",36,36,complete,23.54911388888889,5.465523537371487,23,5
E-MART-2,24,"0,1",0,18,missing,,,,
E-MART-2,24,"2,3",18,18,complete,23.47556666666667,8.079622070613862,11,5
E-MART-2,24,"0,1,2,3",18,36,partial,,,,
E-MART-2,28,"0,1",0,18,missing,,,,
E-MART-2,28,"2,3",18,18,complete,14.422222222222222,2.8645209975547585,12,6
E-MART-2,28,"0,1,2,3",18,36,partial,,,,
E-MART-2,34,"0,1",0,18,missing,,,,
E-MART-2,34,"2,3",18,18,complete,9.210122222222223,1.7566103793076482,14,7
E-MART-2,34,"0,1,2,3",18,36,partial,,,,
E-MART-2,40,"0,1",0,18,missing,,,,
E-MART-2,40,"2,3",18,18,complete,13.519694444444443,3.2133996266501854,12,6
E-MART-2,40,"0,1,2,3",18,36,partial,,,,
E-MART-3,0.05,"0,1",18,18,complete,58.31782222222222,0.737685221101856,2,1
E-MART-3,0.05,"2,3",18,18,complete,60.23137777777778,1.8344078387221925,3,1
E-MART-3,0.05,"0,1,2,3",36,36,complete,59.2746,1.588597543788763,5,1
E-MART-3,0.1,"0,1",18,18,complete,59.97092222222222,0.660532014532395,1,1
E-MART-3,0.1,"2,3",18,18,complete,65.74808333333334,0.41316249224729895,2,1
E-MART-3,0.1,"0,1,2,3",36,36,complete,62.85950277777778,3.365639923845925,3,1
E-MART-3,0.2,"0,1",18,18,complete,63.69196111111111,1.9633134049325036,1,0
E-MART-3,0.2,"2,3",18,18,complete,66.29765555555555,2.5085634439054485,1,0
E-MART-3,0.2,"0,1,2,3",36,36,complete,64.99480833333334,2.3760705387884298,2,0
E-MART-3,0.4,"0,1",18,18,complete,70.51783888888889,0.8150977001577606,0,0
E-MART-3,0.4,"2,3",18,18,complete,71.28958888888889,0.020286107878044253,0,0
E-MART-3,0.4,"0,1,2,3",36,36,complete,70.90371388888889,0.6481753490826656,0,0
E-MART-3,0.7,"0,1",18,18,complete,73.22867777777779,8.349328310442436,0,0
E-MART-3,0.7,"2,3",18,18,complete,75.04020555555556,3.381691040572582,0,0
E-MART-3,0.7,"0,1,2,3",36,36,complete,74.13444166666667,5.304989802663932,0,0
E-MART-3,1.5,"0,1",18,18,complete,77.13632777777778,5.549460442914175,0,0
E-MART-3,1.5,"2,3",18,18,complete,78.33975555555556,2.5076992022839963,0,0
E-MART-3,1.5,"0,1,2,3",36,36,complete,77.73804166666667,3.583913359859217,0,0
E-MART-3,2.5,"0,1",18,18,complete,76.9362888888889,5.533770529113846,0,0
E-MART-3,2.5,"2,3",18,18,complete,79.46418333333332,1.5239172511031822,0,0
E-MART-3,2.5,"0,1,2,3",36,36,complete,78.20023611111111,3.6210123068626303,0,0
E-MART-3,4,"0,1",18,18,complete,75.31021666666666,5.849320858589347,1,0
E-MART-3,4,"2,3",18,18,complete,81.00245000000001,2.481936945222765,0,0
E-MART-3,4,"0,1,2,3",36,36,complete,78.15633333333334,4.925311693280648,1,0
E-MART-3,7,"0,1",18,18,complete,66.469,14.633009151230658,2,0
E-MART-3,7,"2,3",18,18,complete,69.12491111111112,8.283897362956639,2,0
E-MART-3,7,"0,1,2,3",36,36,complete,67.79695555555556,9.82856001948952,4,0
E-MART-3,10,"0,1",18,18,complete,45.78368888888889,14.286401120577032,7,3
E-MART-3,10,"2,3",18,18,complete,45.418683333333334,3.5626160956521873,6,3
E-MART-3,10,"0,1,2,3",36,36,complete,45.60118611111111,8.503464381819352,13,2
E-MART-3,12,"0,1",18,18,complete,30.6506,9.0950588353658,10,5
E-MART-3,12,"2,3",18,18,complete,49.27757222222222,1.1623971241085418,5,3
E-MART-3,12,"0,1,2,3",36,36,complete,39.964086111111115,11.986594685457856,15,4
E-MART-3,14,"0,1",18,18,complete,39.542855555555555,6.583698391303656,9,4
E-MART-3,14,"2,3",18,18,complete,43.83458888888889,3.358772924120126,7,3
E-MART-3,14,"0,1,2,3",36,36,complete,41.688722222222225,4.934417056684652,16,4
E-MART-3,17,"0,1",18,18,complete,25.744405555555552,0.18396561423870011,12,6
E-MART-3,17,"2,3",18,18,complete,26.82266111111111,3.6266799700276824,11,6
E-MART-3,17,"0,1,2,3",36,36,complete,26.28353333333333,2.1870288822440243,23,6
E-MART-3,20,"0,1",18,18,complete,23.878316666666667,1.1121296887081875,12,6
E-MART-3,20,"2,3",18,18,complete,27.29801111111111,6.03352217508844,11,5
E-MART-3,20,"0,1,2,3",36,36,complete,25.58816388888889,4.055224300214655,23,5
E-MART-3,24,"0,1",0,18,missing,,,,
E-MART-3,24,"2,3",18,18,complete,24.98036666666667,3.187590229136875,11,6
E-MART-3,24,"0,1,2,3",18,36,partial,,,,
E-MART-3,28,"0,1",0,18,missing,,,,
E-MART-3,28,"2,3",18,18,complete,22.218777777777778,0.8779437795212162,12,6
E-MART-3,28,"0,1,2,3",18,36,partial,,,,
E-MART-3,34,"0,1",0,18,missing,,,,
E-MART-3,34,"2,3",18,18,complete,26.255166666666668,7.3033445327432425,11,5
E-MART-3,34,"0,1,2,3",18,36,partial,,,,
E-MART-3,40,"0,1",0,18,missing,,,,
E-MART-3,40,"2,3",18,18,complete,15.817733333333333,6.858904350541458,12,6
E-MART-3,40,"0,1,2,3",18,36,partial,,,,
