h,beta,q_scale,converged,iterations,fixed_point_residual_max,explicit_implicit_rms,explicit_move_rms,implicit_move_rms,relative_difference,projection_fraction_explicit,projection_fraction_implicit,projection_fraction_union,environment,seed,checkpoint,n_states,local_loglog_slope_when_identifiable,local_points_eligible,local_max_relative_difference,local_exact_agreement_fraction
0.001,1.4291356253302909e-05,419.83419163687324,True,3,0.0,4.535940547611972e-07,8.172693924279884e-05,8.17444160929881e-05,0.00554893014643609,0.0,0.0,0.0,halfcheetah-medium-v2,0,/home/ext_csv/mpi_sweep_lab/results_qnorm/halfcheetah-medium-v2_tau1_seed0/params_1000000.pkl,512,,1,0.00554893014643609,0.0
0.003,4.287406875990873e-05,419.83419163687324,False,200,1.436471939086914e-05,3.367396629982977e-06,0.0002451803593430668,0.0002450876054354012,0.013739563141109298,0.0,0.0,0.0,halfcheetah-medium-v2,0,/home/ext_csv/mpi_sweep_lab/results_qnorm/halfcheetah-medium-v2_tau1_seed0/params_1000000.pkl,512,,1,0.00554893014643609,0.0
0.01,0.00014291356253302907,419.83419163687324,False,200,0.006348311901092529,0.0001486195542383939,0.0008172683883458376,0.0007946090772747993,0.18703480552739377,0.0,0.0,0.0,halfcheetah-medium-v2,0,/home/ext_csv/mpi_sweep_lab/results_qnorm/halfcheetah-medium-v2_tau1_seed0/params_1000000.pkl,512,,1,0.00554893014643609,0.0
0.03,0.00042874068759908725,419.83419163687324,False,200,0.001692652702331543,0.00046066800132393837,0.0024518053978681564,0.0023888612631708384,0.19283999804679905,0.0,0.0,0.0,halfcheetah-medium-v2,0,/home/ext_csv/mpi_sweep_lab/results_qnorm/halfcheetah-medium-v2_tau1_seed0/params_1000000.pkl,512,,1,0.00554893014643609,0.0
0.1,0.001429135625330291,419.83419163687324,False,200,0.0696326196193695,0.002850664546713233,0.008172685280442238,0.007398779504001141,0.3852884851037444,0.0,0.001953125,0.001953125,halfcheetah-medium-v2,0,/home/ext_csv/mpi_sweep_lab/results_qnorm/halfcheetah-medium-v2_tau1_seed0/params_1000000.pkl,512,,1,0.00554893014643609,0.0
0.001,1.4708277482079857e-05,407.93356035811996,True,3,0.0,7.855242500909299e-08,7.27785809431225e-05,7.277997792698443e-05,0.0010793136690409508,0.0,0.0,0.0,halfcheetah-medium-v2,1,/home/ext_csv/mpi_sweep_lab/results_qnorm/halfcheetah-medium-v2_tau1_seed1/params_1000000.pkl,512,,2,0.010653106945140127,0.0
0.003,4.412483244623958e-05,407.93356035811996,True,3,0.0,2.3252305254573002e-06,0.00021833591745235026,0.00021826782904099673,0.010653106945140127,0.0,0.0,0.0,halfcheetah-medium-v2,1,/home/ext_csv/mpi_sweep_lab/results_qnorm/halfcheetah-medium-v2_tau1_seed1/params_1000000.pkl,512,,2,0.010653106945140127,0.0
0.01,0.00014708277482079857,407.93356035811996,False,200,0.00029587745666503906,1.3280742678034585e-05,0.0007277869735844433,0.0007273509399965405,0.01825905755768701,0.0,0.0,0.0,halfcheetah-medium-v2,1,/home/ext_csv/mpi_sweep_lab/results_qnorm/halfcheetah-medium-v2_tau1_seed1/params_1000000.pkl,512,,2,0.010653106945140127,0.0
0.03,0.0004412483244623957,407.93356035811996,False,200,0.007091820240020752,0.0002372930757701397,0.0021833607461303473,0.0021624837536364794,0.10973172647937934,0.0,0.0,0.0,halfcheetah-medium-v2,1,/home/ext_csv/mpi_sweep_lab/results_qnorm/halfcheetah-medium-v2_tau1_seed1/params_1000000.pkl,512,,2,0.010653106945140127,0.0
0.1,0.0014708277482079859,407.93356035811996,False,200,0.023639261722564697,0.001234343508258462,0.007277869153767824,0.007053464185446501,0.17499819603611202,0.0,0.0,0.0,halfcheetah-medium-v2,1,/home/ext_csv/mpi_sweep_lab/results_qnorm/halfcheetah-medium-v2_tau1_seed1/params_1000000.pkl,512,,2,0.010653106945140127,0.0
0.001,3.323009045847706e-05,180.55924366192596,True,3,0.0,3.955080501327757e-06,0.0002350196591578424,0.00023497863730881363,0.01683165987608444,0.0,0.0,0.0,halfcheetah-medium-replay-v2,0,/home/ext_csv/mpi_sweep_lab/results_qnorm/halfcheetah-medium-replay-v2_tau1_seed0/params_1000000.pkl,512,,1,0.01683165987608444,0.0
0.003,9.969027137543119e-05,180.55924366192596,False,200,0.00044295191764831543,2.3893309844424948e-05,0.0007050579879432917,0.0007045788806863129,0.03391147605950247,0.0,0.0,0.0,halfcheetah-medium-replay-v2,0,/home/ext_csv/mpi_sweep_lab/results_qnorm/halfcheetah-medium-replay-v2_tau1_seed0/params_1000000.pkl,512,,1,0.01683165987608444,0.0
0.01,0.0003323009045847706,180.55924366192596,False,200,0.003608107566833496,0.0001929302525240928,0.0023501929827034473,0.0023455077316612005,0.08225521916632114,0.0,0.0,0.0,halfcheetah-medium-replay-v2,0,/home/ext_csv/mpi_sweep_lab/results_qnorm/halfcheetah-medium-replay-v2_tau1_seed0/params_1000000.pkl,512,,1,0.01683165987608444,0.0
0.03,0.0009969027137543118,180.55924366192596,False,200,0.013134181499481201,0.001296251080930233,0.007050578948110342,0.006877226289361715,0.1884845759598438,0.0,0.0,0.0,halfcheetah-medium-replay-v2,0,/home/ext_csv/mpi_sweep_lab/results_qnorm/halfcheetah-medium-replay-v2_tau1_seed0/params_1000000.pkl,512,,1,0.01683165987608444,0.0
0.1,0.0033230090458477063,180.55924366192596,False,200,0.16208991408348083,0.009685035794973373,0.022716855630278587,0.020569438114762306,0.4708459093990809,0.00390625,0.0078125,0.0078125,halfcheetah-medium-replay-v2,0,/home/ext_csv/mpi_sweep_lab/results_qnorm/halfcheetah-medium-replay-v2_tau1_seed0/params_1000000.pkl,512,,1,0.01683165987608444,0.0
0.001,2.975305530237111e-05,201.65996194420552,False,200,0.0001461505889892578,7.144143182813423e-06,0.00019627502479124814,0.00019629586313385516,0.0363947719975219,0.0,0.0,0.0,halfcheetah-medium-replay-v2,1,/home/ext_csv/mpi_sweep_lab/results_qnorm/halfcheetah-medium-replay-v2_tau1_seed1/params_1000000.pkl,512,,0,,
0.003,8.925916590711333e-05,201.65996194420552,False,200,0.00043833255767822266,3.073562038480304e-05,0.0005888244486413896,0.0005899899988435209,0.052095154909489995,0.0,0.0,0.0,halfcheetah-medium-replay-v2,1,/home/ext_csv/mpi_sweep_lab/results_qnorm/halfcheetah-medium-replay-v2_tau1_seed1/params_1000000.pkl,512,,0,,
0.01,0.0002975305530237111,201.65996194420552,False,200,0.010781824588775635,0.00039453941280953586,0.0019627485889941454,0.0019104373641312122,0.2065178478065184,0.0,0.0,0.0,halfcheetah-medium-replay-v2,1,/home/ext_csv/mpi_sweep_lab/results_qnorm/halfcheetah-medium-replay-v2_tau1_seed1/params_1000000.pkl,512,,0,,
0.03,0.0008925916590711333,201.65996194420552,False,200,0.009551942348480225,0.0013146174605935812,0.005887463688850403,0.005729462951421738,0.22944863624039413,0.001953125,0.0,0.001953125,halfcheetah-medium-replay-v2,1,/home/ext_csv/mpi_sweep_lab/results_qnorm/halfcheetah-medium-replay-v2_tau1_seed1/params_1000000.pkl,512,,0,,
0.1,0.0029753055302371113,201.65996194420552,False,200,0.05594682693481445,0.006045753136277199,0.01913207396864891,0.01902616210281849,0.3177599929825887,0.005859375,0.00390625,0.005859375,halfcheetah-medium-replay-v2,1,/home/ext_csv/mpi_sweep_lab/results_qnorm/halfcheetah-medium-replay-v2_tau1_seed1/params_1000000.pkl,512,,0,,
0.001,6.221287973226478e-06,964.4305207894573,True,3,0.0,4.7567030492245976e-07,3.2702246244298294e-05,3.266676139901392e-05,0.014561293637661257,0.0,0.0,0.0,halfcheetah-expert-v2,0,/home/ext_csv/mpi_sweep_lab/results_qnorm/halfcheetah-expert-v2_tau1_seed0/params_1000000.pkl,512,1.2685220207506227,3,0.02681592753751174,0.0
0.003,1.8663863919679438e-05,964.4305207894573,True,3,0.0,1.4258107512432616e-06,9.810655319597572e-05,9.800012048799545e-05,0.014549071410763385,0.0,0.0,0.0,halfcheetah-expert-v2,0,/home/ext_csv/mpi_sweep_lab/results_qnorm/halfcheetah-expert-v2_tau1_seed0/params_1000000.pkl,512,1.2685220207506227,3,0.02681592753751174,0.0
0.01,6.221287973226479e-05,964.4305207894573,True,3,0.0,8.749184416956268e-06,0.0003270217275712639,0.0003262682002969086,0.02681592753751174,0.0,0.0,0.0,halfcheetah-expert-v2,0,/home/ext_csv/mpi_sweep_lab/results_qnorm/halfcheetah-expert-v2_tau1_seed0/params_1000000.pkl,512,1.2685220207506227,3,0.02681592753751174,0.0
0.03,0.00018663863919679436,964.4305207894573,False,200,0.001340031623840332,6.991231202846393e-05,0.0009810661431401968,0.000972541281953454,0.0718862153471136,0.0,0.0,0.0,halfcheetah-expert-v2,0,/home/ext_csv/mpi_sweep_lab/results_qnorm/halfcheetah-expert-v2_tau1_seed0/params_1000000.pkl,512,1.2685220207506227,3,0.02681592753751174,0.0
0.1,0.0006221287973226479,964.4305207894573,False,200,0.007123500108718872,0.00039181564352475107,0.0032702190801501274,0.0032220815774053335,0.12160326612222866,0.0,0.0,0.0,halfcheetah-expert-v2,0,/home/ext_csv/mpi_sweep_lab/results_qnorm/halfcheetah-expert-v2_tau1_seed0/params_1000000.pkl,512,1.2685220207506227,3,0.02681592753751174,0.0
0.001,6.170928696583192e-06,972.3009768889675,True,2,0.0,0.0,2.9646214898093604e-05,2.9646214898093604e-05,0.0,0.0,0.0,0.0,halfcheetah-expert-v2,1,/home/ext_csv/mpi_sweep_lab/results_qnorm/halfcheetah-expert-v2_tau1_seed1/params_1000000.pkl,512,,2,0.001740060548498603,0.5
0.003,1.8512786089749577e-05,972.3009768889675,True,3,0.0,1.547537493706841e-07,8.893881022231653e-05,8.893584163160995e-05,0.001740060548498603,0.0,0.0,0.0,halfcheetah-expert-v2,1,/home/ext_csv/mpi_sweep_lab/results_qnorm/halfcheetah-expert-v2_tau1_seed1/params_1000000.pkl,512,,2,0.001740060548498603,0.5
0.01,6.170928696583192e-05,972.3009768889675,False,200,5.882978439331055e-05,4.332589469413506e-06,0.0002964616287499666,0.00029633534722961485,0.01462056251445565,0.0,0.0,0.0,halfcheetah-expert-v2,1,/home/ext_csv/mpi_sweep_lab/results_qnorm/halfcheetah-expert-v2_tau1_seed1/params_1000000.pkl,512,,2,0.001740060548498603,0.5
0.03,0.00018512786089749573,972.3009768889675,False,200,0.00027871131896972656,2.8479045795393176e-05,0.000889386108610779,0.0008876542560756207,0.03208348926450368,0.0,0.0,0.0,halfcheetah-expert-v2,1,/home/ext_csv/mpi_sweep_lab/results_qnorm/halfcheetah-expert-v2_tau1_seed1/params_1000000.pkl,512,,2,0.001740060548498603,0.5
0.1,0.0006170928696583193,972.3009768889675,False,200,0.0039435625076293945,0.00023949415481183678,0.0029646202456206083,0.002940658014267683,0.08144236890173658,0.0,0.0,0.0,halfcheetah-expert-v2,1,/home/ext_csv/mpi_sweep_lab/results_qnorm/halfcheetah-expert-v2_tau1_seed1/params_1000000.pkl,512,,2,0.001740060548498603,0.5
0.001,1.3286854550336819e-05,225.7870731281506,True,2,0.0,0.0,3.073815969401039e-05,3.073815969401039e-05,0.0,0.0,0.0,0.0,hopper-medium-v2,0,/home/ext_csv/mpi_sweep_lab/results_qnorm/hopper-medium-v2_tau1_seed0/params_1000000.pkl,512,,1,0.0,1.0
0.003,3.986056365101046e-05,225.7870731281506,False,200,5.042552947998047e-05,1.4817128430877347e-06,9.221283107763156e-05,9.215342288371176e-05,0.016078760796085736,0.0,0.0,0.0,hopper-medium-v2,0,/home/ext_csv/mpi_sweep_lab/results_qnorm/hopper-medium-v2_tau1_seed0/params_1000000.pkl,512,,1,0.0,1.0
0.01,0.0001328685455033682,225.7870731281506,False,200,0.00039196014404296875,1.1610800356720574e-05,0.00030737652559764683,0.0003065836208406836,0.03787156119065518,0.0,0.0,0.0,hopper-medium-v2,0,/home/ext_csv/mpi_sweep_lab/results_qnorm/hopper-medium-v2_tau1_seed0/params_1000000.pkl,512,,1,0.0,1.0
0.03,0.00039860563651010456,225.7870731281506,True,3,0.0,3.761390325962566e-05,0.0009221285581588745,0.0009181350469589233,0.040967724066532096,0.0,0.0,0.0,hopper-medium-v2,0,/home/ext_csv/mpi_sweep_lab/results_qnorm/hopper-medium-v2_tau1_seed0/params_1000000.pkl,512,,1,0.0,1.0
0.1,0.001328685455033682,225.7870731281506,False,200,0.003188394010066986,0.0003279545926488936,0.0030737610068172216,0.0030823908746242523,0.10639617296715223,0.0,0.0,0.0,hopper-medium-v2,0,/home/ext_csv/mpi_sweep_lab/results_qnorm/hopper-medium-v2_tau1_seed0/params_1000000.pkl,512,,1,0.0,1.0
0.001,1.327298618994904e-05,226.02298812544143,True,2,0.0,0.0,3.1939860491547734e-05,3.1939860491547734e-05,0.0,0.0,0.0,0.0,hopper-medium-v2,1,/home/ext_csv/mpi_sweep_lab/results_qnorm/hopper-medium-v2_tau1_seed1/params_1000000.pkl,512,,3,0.006801503156475255,0.6666666666666666
0.003,3.9818958569847125e-05,226.02298812544143,True,2,0.0,0.0,9.581884660292417e-05,9.581884660292417e-05,0.0,0.0,0.0,0.0,hopper-medium-v2,1,/home/ext_csv/mpi_sweep_lab/results_qnorm/hopper-medium-v2_tau1_seed1/params_1000000.pkl,512,,3,0.006801503156475255,0.6666666666666666
0.01,0.0001327298618994904,226.02298812544143,True,3,0.0,2.170315610783291e-06,0.0003193947777617723,0.0003190935240127146,0.006801503156475255,0.0,0.0,0.0,hopper-medium-v2,1,/home/ext_csv/mpi_sweep_lab/results_qnorm/hopper-medium-v2_tau1_seed1/params_1000000.pkl,512,,3,0.006801503156475255,0.6666666666666666
0.03,0.0003981895856984712,226.02298812544143,False,200,9.202957153320312e-05,2.064371801679954e-05,0.0009581850026734173,0.0009569810354150832,0.02157171067433482,0.0,0.0,0.0,hopper-medium-v2,1,/home/ext_csv/mpi_sweep_lab/results_qnorm/hopper-medium-v2_tau1_seed1/params_1000000.pkl,512,,3,0.006801503156475255,0.6666666666666666
0.1,0.0013272986189949041,226.02298812544143,False,200,0.0024501383304595947,0.00016995253099594265,0.0031939512118697166,0.00318553252145648,0.05335137213361032,0.0,0.0,0.0,hopper-medium-v2,1,/home/ext_csv/mpi_sweep_lab/results_qnorm/hopper-medium-v2_tau1_seed1/params_1000000.pkl,512,,3,0.006801503156475255,0.6666666666666666
0.001,1.8231005247977297e-05,164.55483168339526,True,3,0.0,2.5176274220939376e-07,0.00010495561582501978,0.00010496911272639409,0.002398445939670108,0.0,0.0,0.0,hopper-medium-replay-v2,0,/home/ext_csv/mpi_sweep_lab/results_qnorm/hopper-medium-replay-v2_tau1_seed0/params_1000000.pkl,512,,2,0.012851674091272447,0.0
0.003,5.46930157439319e-05,164.55483168339526,True,3,0.0,4.045479727210477e-06,0.00031486706575378776,0.00031478231539949775,0.012851674091272447,0.0,0.0,0.0,hopper-medium-replay-v2,0,/home/ext_csv/mpi_sweep_lab/results_qnorm/hopper-medium-replay-v2_tau1_seed0/params_1000000.pkl,512,,2,0.012851674091272447,0.0
0.01,0.00018231005247977298,164.55483168339526,False,200,0.0006203651428222656,3.9437847590306774e-05,0.0010495567694306374,0.001046257559210062,0.037694205640992316,0.0,0.0,0.0,hopper-medium-replay-v2,0,/home/ext_csv/mpi_sweep_lab/results_qnorm/hopper-medium-replay-v2_tau1_seed0/params_1000000.pkl,512,,2,0.012851674091272447,0.0
0.03,0.0005469301574393189,164.55483168339526,False,200,0.002513207495212555,0.0001940628862939775,0.0031486700754612684,0.0031279860995709896,0.062040840373489406,0.0,0.0,0.0,hopper-medium-replay-v2,0,/home/ext_csv/mpi_sweep_lab/results_qnorm/hopper-medium-replay-v2_tau1_seed0/params_1000000.pkl,512,,2,0.012851674091272447,0.0
0.1,0.00182310052479773,164.55483168339526,False,200,0.018532872200012207,0.0014896639622747898,0.01049556490033865,0.010114550590515137,0.1472793031132509,0.0,0.0,0.0,hopper-medium-replay-v2,0,/home/ext_csv/mpi_sweep_lab/results_qnorm/hopper-medium-replay-v2_tau1_seed0/params_1000000.pkl,512,,2,0.012851674091272447,0.0
0.001,1.8028717948482147e-05,166.40118329947984,True,2,0.0,0.0,0.00010821707110153511,0.00010821707110153511,0.0,0.0,0.0,0.0,hopper-medium-replay-v2,1,/home/ext_csv/mpi_sweep_lab/results_qnorm/hopper-medium-replay-v2_tau1_seed1/params_1000000.pkl,512,,2,0.010864509293605443,0.5
0.003,5.408615384544645e-05,166.40118329947984,True,3,0.0,3.5253890473541105e-06,0.0003246510459575802,0.0003244867257308215,0.010864509293605443,0.0,0.0,0.0,hopper-medium-replay-v2,1,/home/ext_csv/mpi_sweep_lab/results_qnorm/hopper-medium-replay-v2_tau1_seed1/params_1000000.pkl,512,,2,0.010864509293605443,0.5
0.01,0.00018028717948482146,166.40118329947984,False,200,0.0005750395357608795,3.199342609150335e-05,0.0010821684263646603,0.0010831101099029183,0.029538479789807334,0.0,0.0,0.0,hopper-medium-replay-v2,1,/home/ext_csv/mpi_sweep_lab/results_qnorm/hopper-medium-replay-v2_tau1_seed1/params_1000000.pkl,512,,2,0.010864509293605443,0.5
0.03,0.0005408615384544644,166.40118329947984,False,200,0.005828142166137695,0.00025472347624599934,0.003246505744755268,0.0032496436033397913,0.07838504997416013,0.0,0.0,0.0,hopper-medium-replay-v2,1,/home/ext_csv/mpi_sweep_lab/results_qnorm/hopper-medium-replay-v2_tau1_seed1/params_1000000.pkl,512,,2,0.010864509293605443,0.5
0.1,0.001802871794848215,166.40118329947984,False,200,0.01170426607131958,0.001363503048196435,0.010821688920259476,0.010959590785205364,0.12441185760667844,0.0,0.0,0.0,hopper-medium-replay-v2,1,/home/ext_csv/mpi_sweep_lab/results_qnorm/hopper-medium-replay-v2_tau1_seed1/params_1000000.pkl,512,,2,0.010864509293605443,0.5
0.001,8.64756888768261e-06,346.9183118359575,True,2,0.0,0.0,7.637901944690384e-06,7.637901944690384e-06,0.0,0.0,0.0,0.0,hopper-expert-v2,0,/home/ext_csv/mpi_sweep_lab/results_qnorm/hopper-expert-v2_tau1_seed0/params_1000000.pkl,512,,3,0.0,1.0
0.003,2.594270666304783e-05,346.9183118359575,True,2,0.0,0.0,2.291271994181443e-05,2.291271994181443e-05,0.0,0.0,0.0,0.0,hopper-expert-v2,0,/home/ext_csv/mpi_sweep_lab/results_qnorm/hopper-expert-v2_tau1_seed0/params_1000000.pkl,512,,3,0.0,1.0
0.01,8.64756888768261e-05,346.9183118359575,True,2,0.0,0.0,7.637539965799078e-05,7.637539965799078e-05,0.0,0.0,0.0,0.0,hopper-expert-v2,0,/home/ext_csv/mpi_sweep_lab/results_qnorm/hopper-expert-v2_tau1_seed0/params_1000000.pkl,512,,3,0.0,1.0
0.03,0.00025942706663047827,346.9183118359575,True,2,0.0,0.0,0.00022912608983460814,0.00022912608983460814,0.0,0.0,0.0,0.0,hopper-expert-v2,0,/home/ext_csv/mpi_sweep_lab/results_qnorm/hopper-expert-v2_tau1_seed0/params_1000000.pkl,512,,3,0.0,1.0
0.1,0.0008647568887682611,346.9183118359575,False,200,0.00019848346710205078,7.520637609559344e-06,0.0007637517992407084,0.0007655546651221812,0.009823776083134525,0.0,0.0,0.0,hopper-expert-v2,0,/home/ext_csv/mpi_sweep_lab/results_qnorm/hopper-expert-v2_tau1_seed0/params_1000000.pkl,512,,3,0.0,1.0
0.001,8.658663465718765e-06,346.4737960861454,True,2,0.0,0.0,6.348273018375039e-06,6.348273018375039e-06,0.0,0.0,0.0,0.0,hopper-expert-v2,1,/home/ext_csv/mpi_sweep_lab/results_qnorm/hopper-expert-v2_tau1_seed1/params_1000000.pkl,512,,3,0.0,1.0
0.003,2.5975990397156296e-05,346.4737960861454,True,2,0.0,0.0,1.904476994241122e-05,1.904476994241122e-05,0.0,0.0,0.0,0.0,hopper-expert-v2,1,/home/ext_csv/mpi_sweep_lab/results_qnorm/hopper-expert-v2_tau1_seed1/params_1000000.pkl,512,,3,0.0,1.0
0.01,8.658663465718763e-05,346.4737960861454,True,2,0.0,0.0,6.348285387502983e-05,6.348285387502983e-05,0.0,0.0,0.0,0.0,hopper-expert-v2,1,/home/ext_csv/mpi_sweep_lab/results_qnorm/hopper-expert-v2_tau1_seed1/params_1000000.pkl,512,,3,0.0,1.0
0.03,0.0002597599039715629,346.4737960861454,True,2,0.0,0.0,0.00019044711370952427,0.00019044711370952427,0.0,0.0,0.0,0.0,hopper-expert-v2,1,/home/ext_csv/mpi_sweep_lab/results_qnorm/hopper-expert-v2_tau1_seed1/params_1000000.pkl,512,,3,0.0,1.0
0.1,0.0008658663465718765,346.4737960861454,False,200,0.00031942129135131836,1.0469570952409413e-05,0.0006348250317387283,0.0006334362551569939,0.01652821553419702,0.0,0.0,0.0,hopper-expert-v2,1,/home/ext_csv/mpi_sweep_lab/results_qnorm/hopper-expert-v2_tau1_seed1/params_1000000.pkl,512,,3,0.0,1.0
0.001,2.48980032237317e-05,240.98318030102348,True,3,0.0,1.434857040294446e-06,6.236520130187273e-05,6.221181683940813e-05,0.023064059421353124,0.0,0.0,0.0,walker2d-medium-v2,0,/home/ext_csv/mpi_sweep_lab/results_qnorm/walker2d-medium-v2_tau1_seed0/params_1000000.pkl,512,,2,0.023899077149252868,0.0
0.003,7.46940096711951e-05,240.98318030102348,True,3,0.0,4.461050593818072e-06,0.00018709579308051616,0.00018666204414330423,0.023899077149252868,0.0,0.0,0.0,walker2d-medium-v2,0,/home/ext_csv/mpi_sweep_lab/results_qnorm/walker2d-medium-v2_tau1_seed0/params_1000000.pkl,512,,2,0.023899077149252868,0.0
0.01,0.000248980032237317,240.98318030102348,False,200,0.00029143691062927246,2.0434419639059342e-05,0.0006236516637727618,0.0006219948991201818,0.0328530341132444,0.0,0.0,0.0,walker2d-medium-v2,0,/home/ext_csv/mpi_sweep_lab/results_qnorm/walker2d-medium-v2_tau1_seed0/params_1000000.pkl,512,,2,0.023899077149252868,0.0
0.03,0.0007469400967119509,240.98318030102348,False,200,0.0010821819305419922,0.00012970395619049668,0.0018709551077336073,0.0018468017224222422,0.07023166299649027,0.0,0.0,0.0,walker2d-medium-v2,0,/home/ext_csv/mpi_sweep_lab/results_qnorm/walker2d-medium-v2_tau1_seed0/params_1000000.pkl,512,,2,0.023899077149252868,0.0
0.1,0.00248980032237317,240.98318030102348,False,200,0.03062206506729126,0.0010032635182142258,0.006236516870558262,0.005941899958997965,0.16884557551241824,0.0,0.0,0.0,walker2d-medium-v2,0,/home/ext_csv/mpi_sweep_lab/results_qnorm/walker2d-medium-v2_tau1_seed0/params_1000000.pkl,512,,2,0.023899077149252868,0.0
0.001,2.37784946960676e-05,252.32884068949318,True,2,0.0,0.0,5.456853978103027e-05,5.456853978103027e-05,0.0,0.0,0.0,0.0,walker2d-medium-v2,1,/home/ext_csv/mpi_sweep_lab/results_qnorm/walker2d-medium-v2_tau1_seed1/params_1000000.pkl,512,,1,0.0,1.0
0.003,7.133548408820281e-05,252.32884068949318,False,200,0.00014237314462661743,2.8036909043294145e-06,0.0001637059322092682,0.00016368580691050738,0.0171284912067073,0.0,0.0,0.0,walker2d-medium-v2,1,/home/ext_csv/mpi_sweep_lab/results_qnorm/walker2d-medium-v2_tau1_seed1/params_1000000.pkl,512,,1,0.0,1.0
0.01,0.000237784946960676,252.32884068949318,False,200,0.0011584758758544922,3.0330806112033315e-05,0.0005456861690618098,0.0005450681201182306,0.055645900012376924,0.0,0.0,0.0,walker2d-medium-v2,1,/home/ext_csv/mpi_sweep_lab/results_qnorm/walker2d-medium-v2_tau1_seed1/params_1000000.pkl,512,,1,0.0,1.0
0.03,0.000713354840882028,252.32884068949318,False,200,0.003475368022918701,0.000113822148705367,0.0016370585653930902,0.0016324948519468307,0.06972282244542974,0.0,0.0,0.0,walker2d-medium-v2,1,/home/ext_csv/mpi_sweep_lab/results_qnorm/walker2d-medium-v2_tau1_seed1/params_1000000.pkl,512,,1,0.0,1.0
0.1,0.00237784946960676,252.32884068949318,False,200,0.011584579944610596,0.0010396832367405295,0.005456862039864063,0.005193766206502914,0.2001790599351165,0.0,0.0,0.0,walker2d-medium-v2,1,/home/ext_csv/mpi_sweep_lab/results_qnorm/walker2d-medium-v2_tau1_seed1/params_1000000.pkl,512,,1,0.0,1.0
0.001,3.214478004644163e-05,186.6555002501624,False,200,6.16610050201416e-05,2.418274561932776e-06,0.0001463625958422199,0.00014627537166234106,0.016532342625080246,0.0,0.0,0.0,walker2d-medium-replay-v2,0,/home/ext_csv/mpi_sweep_lab/results_qnorm/walker2d-medium-replay-v2_tau1_seed0/params_1000000.pkl,512,,0,,
0.003,9.643434013932489e-05,186.6555002501624,False,200,0.00022722035646438599,1.1408829777792562e-05,0.0004390875401441008,0.0004389203677419573,0.02599293770869127,0.0,0.0,0.0,walker2d-medium-replay-v2,0,/home/ext_csv/mpi_sweep_lab/results_qnorm/walker2d-medium-replay-v2_tau1_seed0/params_1000000.pkl,512,,0,,
0.01,0.00032144780046441625,186.6555002501624,False,200,0.0007574018090963364,7.193212513811886e-05,0.0014636253472417593,0.0014574173837900162,0.049355885237940045,0.0,0.0,0.0,walker2d-medium-replay-v2,0,/home/ext_csv/mpi_sweep_lab/results_qnorm/walker2d-medium-replay-v2_tau1_seed0/params_1000000.pkl,512,,0,,
0.03,0.0009643434013932487,186.6555002501624,False,200,0.005543649196624756,0.00046329779434017837,0.004390875808894634,0.0043545858934521675,0.10639307747651101,0.0,0.0,0.0,walker2d-medium-replay-v2,0,/home/ext_csv/mpi_sweep_lab/results_qnorm/walker2d-medium-replay-v2_tau1_seed0/params_1000000.pkl,512,,0,,
0.1,0.0032144780046441633,186.6555002501624,False,200,0.031952112913131714,0.002762407064437866,0.014579249545931816,0.014352021738886833,0.19247511707379306,0.001953125,0.001953125,0.001953125,walker2d-medium-replay-v2,0,/home/ext_csv/mpi_sweep_lab/results_qnorm/walker2d-medium-replay-v2_tau1_seed0/params_1000000.pkl,512,,0,,
0.001,3.092534605757971e-05,194.01561388605444,False,200,8.83638858795166e-05,2.683673073988757e-06,0.00014934341015759856,0.00014927516167517751,0.017978028252472605,0.0,0.0,0.0,walker2d-medium-replay-v2,1,/home/ext_csv/mpi_sweep_lab/results_qnorm/walker2d-medium-replay-v2_tau1_seed1/params_1000000.pkl,512,,0,,
0.003,9.277603817273913e-05,194.01561388605444,False,200,0.0003178119659423828,1.3889157344237901e-05,0.00044803062337450683,0.00044754124246537685,0.031034362928713567,0.0,0.0,0.0,walker2d-medium-replay-v2,1,/home/ext_csv/mpi_sweep_lab/results_qnorm/walker2d-medium-replay-v2_tau1_seed1/params_1000000.pkl,512,,0,,
0.01,0.00030925346057579707,194.01561388605444,False,200,0.0013628005981445312,8.695566793903708e-05,0.0014934365171939135,0.0014888220466673374,0.05840568262250248,0.0,0.0,0.0,walker2d-medium-replay-v2,1,/home/ext_csv/mpi_sweep_lab/results_qnorm/walker2d-medium-replay-v2_tau1_seed1/params_1000000.pkl,512,,0,,
0.03,0.0009277603817273911,194.01561388605444,False,200,0.007253050804138184,0.0004290073411539197,0.004480308387428522,0.004449998028576374,0.09640618678906832,0.0,0.0,0.0,walker2d-medium-replay-v2,1,/home/ext_csv/mpi_sweep_lab/results_qnorm/walker2d-medium-replay-v2_tau1_seed1/params_1000000.pkl,512,,0,,
0.1,0.003092534605757971,194.01561388605444,False,200,0.019818902015686035,0.0027205825317651033,0.014932453632354736,0.014612685889005661,0.1861794985829418,0.001953125,0.001953125,0.001953125,walker2d-medium-replay-v2,1,/home/ext_csv/mpi_sweep_lab/results_qnorm/walker2d-medium-replay-v2_tau1_seed1/params_1000000.pkl,512,,0,,
0.001,1.2674512908926705e-05,473.39097313745117,True,2,0.0,0.0,1.770444941939786e-05,1.770444941939786e-05,0.0,0.0,0.0,0.0,walker2d-expert-v2,0,/home/ext_csv/mpi_sweep_lab/results_qnorm/walker2d-expert-v2_tau1_seed0/params_1000000.pkl,512,,2,0.0,1.0
0.003,3.802353872678012e-05,473.39097313745117,True,2,0.0,0.0,5.3113108151592314e-05,5.3113108151592314e-05,0.0,0.0,0.0,0.0,walker2d-expert-v2,0,/home/ext_csv/mpi_sweep_lab/results_qnorm/walker2d-expert-v2_tau1_seed0/params_1000000.pkl,512,,2,0.0,1.0
0.01,0.00012674512908926705,473.39097313745117,False,200,0.0006980597972869873,1.3873903299099766e-05,0.0001770433154888451,0.00017689565720502287,0.07842986944003859,0.0,0.0,0.0,walker2d-expert-v2,0,/home/ext_csv/mpi_sweep_lab/results_qnorm/walker2d-expert-v2_tau1_seed0/params_1000000.pkl,512,,2,0.0,1.0
0.03,0.00038023538726780114,473.39097313745117,False,200,0.002094179391860962,4.397580414661206e-05,0.0005311299464665353,0.0005295626469887793,0.08304174094730638,0.0,0.0,0.0,walker2d-expert-v2,0,/home/ext_csv/mpi_sweep_lab/results_qnorm/walker2d-expert-v2_tau1_seed0/params_1000000.pkl,512,,2,0.0,1.0
0.1,0.0012674512908926708,473.39097313745117,False,200,0.006980568170547485,0.00019009913376066834,0.001770433271303773,0.0017546606250107288,0.10833954501002493,0.0,0.0,0.0,walker2d-expert-v2,0,/home/ext_csv/mpi_sweep_lab/results_qnorm/walker2d-expert-v2_tau1_seed0/params_1000000.pkl,512,,2,0.0,1.0
0.001,1.2631257508481501e-05,475.01208774907684,True,2,0.0,0.0,1.642402639845386e-05,1.642402639845386e-05,0.0,0.0,0.0,0.0,walker2d-expert-v2,1,/home/ext_csv/mpi_sweep_lab/results_qnorm/walker2d-expert-v2_tau1_seed1/params_1000000.pkl,512,,3,0.0,1.0
0.003,3.7893772525444505e-05,475.01208774907684,True,2,0.0,0.0,4.927159898215905e-05,4.927159898215905e-05,0.0,0.0,0.0,0.0,walker2d-expert-v2,1,/home/ext_csv/mpi_sweep_lab/results_qnorm/walker2d-expert-v2_tau1_seed1/params_1000000.pkl,512,,3,0.0,1.0
0.01,0.000126312575084815,475.01208774907684,True,2,0.0,0.0,0.00016423736815340817,0.00016423736815340817,0.0,0.0,0.0,0.0,walker2d-expert-v2,1,/home/ext_csv/mpi_sweep_lab/results_qnorm/walker2d-expert-v2_tau1_seed1/params_1000000.pkl,512,,3,0.0,1.0
0.03,0.00037893772525444497,475.01208774907684,False,200,0.000457175076007843,1.78689333552029e-05,0.0004927124828100204,0.0004920059582218528,0.036318530409230394,0.0,0.0,0.0,walker2d-expert-v2,1,/home/ext_csv/mpi_sweep_lab/results_qnorm/walker2d-expert-v2_tau1_seed1/params_1000000.pkl,512,,3,0.0,1.0
0.1,0.0012631257508481503,475.01208774907684,False,200,0.0027848482131958008,0.00014174192619975656,0.0016423766501247883,0.0016590578015893698,0.08543519464118034,0.0,0.0,0.0,walker2d-expert-v2,1,/home/ext_csv/mpi_sweep_lab/results_qnorm/walker2d-expert-v2_tau1_seed1/params_1000000.pkl,512,,3,0.0,1.0
