environment,TD3+BC,BAR-Prox K=2,BAR-Prox K=3,BAR-Prox K=4,BAR-Lin K=2,BAR-Lin K=3
Hopper-M,11.124207,28.691979,63.713132,84.691125,25.457686,46.341329
Hopper-MR,45.601443,92.258257,99.616132,99.553161,90.519986,99.418421
Hopper-E,3.114636,16.816304,28.182086,46.401925,16.621057,27.739936
HalfCheetah-M,58.778121,58.948596,58.873939,58.158661,53.356429,55.806136
HalfCheetah-MR,50.960368,51.758521,51.801129,52.559775,46.468950,49.187271
HalfCheetah-E,19.948243,23.292257,30.453343,32.767804,18.761493,22.353150
Walker2d-M,9.344436,25.993704,37.186043,59.784450,9.293886,26.447986
Walker2d-MR,27.343986,51.245114,72.357550,76.763225,51.195721,43.499036
Walker2d-E,2.200393,21.812254,25.061318,65.059679,18.478900,24.408414
