env,tau,seed,method,total_hops,checkpoint,eval_step,final_critic_loss,max_critic_loss,d4rl_score,q_data_abs_mean,q_data_abs_p99,td_residual_mean,td_residual_p50,td_residual_p90,td_residual_p99,td_target_abs_mean,td_target_abs_p50,td_target_abs_p90,td_target_abs_p99,path_length_mean,path_length_p50,path_length_p90,path_length_p99,chord_length_mean,chord_length_p50,chord_length_p90,chord_length_p99,critic_displacement_sq_mean_metric_mean,critic_displacement_sq_mean_metric_p50,critic_displacement_sq_mean_metric_p90,critic_displacement_sq_mean_metric_p99,final_displacement_sq_mean_metric_mean,final_displacement_sq_mean_metric_p50,final_displacement_sq_mean_metric_p90,final_displacement_sq_mean_metric_p99,decoupling_displacement_ratio,path_tortuosity_mean
hopper-medium-v2,4.0,0,mpi4,4,/home/offrl/MPI_sweep/results/mpi4_norm/hopper-medium-v2_tau4_mpi4_seed0/params_1000000.pkl,1000000,5.517874717712402,5.517874717712402,51.73192109247461,235.1748046875,299.62699127197266,2.815191105352852,0.9210458695888519,5.1804375648498535,31.446962451934844,235.5393480786588,254.7144775390625,292.3593292236328,299.9930587768555,0.5750618422475782,0.5283723473548889,0.9785312116146088,1.4091179847717288,0.3531570089301397,0.29394111037254333,0.6862130761146545,1.143325632810593,0.053710733264673405,0.025456923060119152,0.1390601173043251,0.3682203263044358,0.06185420561338897,0.028800463303923607,0.1569627970457077,0.4357312440872194,1.0731341727807424,2.167860984802246
hopper-medium-v2,4.0,1,mpi4,4,/home/offrl/MPI_sweep/results/mpi4_norm/hopper-medium-v2_tau4_mpi4_seed1/params_1000000.pkl,1000000,3.230926752090454,3.230926752090454,70.612343063339,234.4403839111328,298.79662017822267,3.024952324874903,0.9592019319534302,5.597113847732544,33.47688484191904,234.3135867251549,253.4684829711914,290.888916015625,298.63078918457035,0.5805231876374819,0.5397264361381531,0.9730501770973206,1.4113671302795414,0.35815407540746946,0.30326806008815765,0.685804545879364,1.1295230567455297,0.05366603846325635,0.024928776547312737,0.1392190307378769,0.37250716686248864,0.06259307307711137,0.030657172203063965,0.15677595883607864,0.4252742201089863,1.0799740468482864,2.1045734882354736
hopper-medium-v2,4.0,2,mpi4,4,/home/offrl/MPI_sweep/results/mpi4_norm/hopper-medium-v2_tau4_mpi4_seed2/params_1000000.pkl,1000000,2.425649642944336,2.425649642944336,63.08167627484863,234.20108032226562,297.85889587402346,2.584087355851807,0.7752137184143066,4.742153167724609,31.3811381340027,234.1912997154286,252.6690216064453,290.07220458984375,297.8912384033203,0.5893896789575592,0.5543883442878723,0.976739913225174,1.4157249212265015,0.3538998371806201,0.3019797205924988,0.6830025315284729,1.1328636348247532,0.05266848805751012,0.024650879204273224,0.1360914260149002,0.36830159425735476,0.06103464357791133,0.03039724938571453,0.1554974764585495,0.4277934163808826,1.0764967963102134,2.1369194984436035
hopper-medium-v2,4.0,3,mpi4,4,/home/offrl/MPI_sweep/results/mpi4_norm/hopper-medium-v2_tau4_mpi4_seed3/params_1000000.pkl,1000000,2.89982008934021,2.89982008934021,64.81843803095956,232.87640380859375,297.1432678222656,3.168493700433629,0.8598841428756714,6.259394645690918,32.58204784393331,233.0004190254258,251.34894561767578,289.1572265625,297.1279769897461,0.5542684106949309,0.5045564770698547,0.9437522888183594,1.3755321264266969,0.3558020179086725,0.2996109127998352,0.6896505951881409,1.1166879534721383,0.05359729135747848,0.025071955285966396,0.14241923391819,0.37280610203743003,0.061521240980112246,0.029922237619757652,0.1585393249988556,0.4156644135713584,1.0713739493893435,1.93682861328125
hopper-medium-v2,7.0,0,mpi4,4,/home/offrl/MPI_sweep/results/mpi4_norm/hopper-medium-v2_tau7_mpi4_seed0/params_1000000.pkl,1000000,3.3107852935791016,3.3107852935791016,83.86846770798115,238.244140625,303.05532684326175,2.655776444451817,0.8869455456733704,4.779500722885132,32.80465679168706,238.55607009865344,258.1167907714844,295.40406799316406,303.24622802734376,0.5985433356963767,0.5517335534095764,1.0149762034416199,1.4782986640930194,0.37554651011316764,0.3133251965045929,0.7260002493858337,1.2150410056114203,0.054157261686023084,0.025645392015576363,0.14029249548912048,0.3669467985630044,0.0694638888690301,0.032724225893616676,0.175692118704319,0.49210843443870594,1.1325337120239736,2.0423381328582764
hopper-medium-v2,7.0,1,mpi4,4,/home/offrl/MPI_sweep/results/mpi4_norm/hopper-medium-v2_tau7_mpi4_seed1/params_1000000.pkl,1000000,3.1504411697387695,3.1504411697387695,76.08704185232398,237.1885986328125,301.1171081542969,2.6382448509667853,0.8617249727249146,4.9460015296936035,35.48751068115244,237.2678711594781,256.83319091796875,293.5702667236328,301.19453735351567,0.6042863632665103,0.5593258738517761,0.9969728589057922,1.4697676420211794,0.38096816562762115,0.321075439453125,0.7222338616847992,1.2038054525852204,0.054458609620759546,0.02609892748296261,0.1405583992600441,0.3792746618390088,0.0703287412757233,0.034363146871328354,0.1738739237189293,0.48304916620254523,1.1364049231860645,2.005488157272339
hopper-medium-v2,7.0,2,mpi4,4,/home/offrl/MPI_sweep/results/mpi4_norm/hopper-medium-v2_tau7_mpi4_seed2/params_1000000.pkl,1000000,2.6045522689819336,2.6045522689819336,83.86025939728582,237.2035369873047,301.1381286621094,2.541492778388374,0.7069973051548004,4.636296510696411,33.972904205322315,237.3022834986332,256.7042541503906,293.2793731689453,301.0693023681641,0.6156569387940181,0.575779527425766,1.015795111656189,1.4757036983966827,0.3828160402774756,0.32532890141010284,0.7287331223487854,1.1906081855297093,0.05337201260764146,0.02500435709953308,0.13565462082624435,0.37592677175998734,0.07049858572912182,0.03527963161468506,0.17701733112335205,0.4725160166621212,1.1492999288671975,2.0106871128082275
hopper-medium-v2,7.0,3,mpi4,4,/home/offrl/MPI_sweep/results/mpi4_norm/hopper-medium-v2_tau7_mpi4_seed3/params_1000000.pkl,1000000,3.232210636138916,3.232210636138916,95.43474075264157,237.29232788085938,301.05660247802734,3.032374683657963,0.887544572353363,5.4046735763549805,34.17438430786141,237.35657669778448,257.1012268066406,293.56671142578125,301.0434967041016,0.5812089388696222,0.5323187410831451,0.9773548543453217,1.448808145523072,0.3838063208809217,0.32618822157382965,0.7323643565177917,1.1859672486782078,0.05452719331624023,0.024786842055618763,0.1416563019156456,0.39436264336109256,0.07081804279706949,0.03546626679599285,0.17878587543964386,0.4688395217061046,1.1396338823860985,1.894791603088379
hopper-medium-v2,10.0,0,mpi4,4,/home/offrl/MPI_sweep/results/mpi4_norm/hopper-medium-v2_tau10_mpi4_seed0/params_1000000.pkl,1000000,3.3176097869873047,3.3176097869873047,98.90420918117341,242.54519653320312,308.3419128417969,2.305113993428222,0.6691879630088806,4.504717588424683,28.616605758666996,242.68098543048836,262.66937255859375,299.97605895996094,308.55674743652344,0.6244496801882633,0.5742138922214508,1.0350770950317383,1.593730509281159,0.4069215114711824,0.34069645404815674,0.7624169886112213,1.3248765528202058,0.05517504083994407,0.02639341540634632,0.14026787132024765,0.380864651501179,0.08097108907469908,0.038691358640789986,0.19375989586114883,0.5850992888212204,1.2114169075840404,1.922242522239685
hopper-medium-v2,10.0,1,mpi4,4,/home/offrl/MPI_sweep/results/mpi4_norm/hopper-medium-v2_tau10_mpi4_seed1/params_1000000.pkl,1000000,2.83756685256958,2.83756685256958,100.77754799476534,241.76220703125,307.68860931396483,2.4806118785413673,0.6999730467796326,4.79437780380249,29.60442466735854,241.61285370250698,261.55690002441406,298.88270568847656,307.398046875,0.6287742901158708,0.5807718634605408,1.0481840372085571,1.5168267130851762,0.4042431895707068,0.34521499276161194,0.7556402385234833,1.2608477532863622,0.055008278136823296,0.026718725450336933,0.13854648917913437,0.376918762922287,0.07905065262465927,0.03972446545958519,0.1903308629989624,0.5299124807119373,1.1987776791645735,1.9616916179656982
hopper-medium-v2,10.0,2,mpi4,4,/home/offrl/MPI_sweep/results/mpi4_norm/hopper-medium-v2_tau10_mpi4_seed2/params_1000000.pkl,1000000,1.8729265928268433,1.8729265928268433,100.86507376931652,240.5865478515625,304.9203796386719,2.6849933407441995,0.7151128351688385,4.609270811080933,31.01305093765281,240.44339021015912,260.39479064941406,296.8185272216797,304.623957824707,0.6376340438491752,0.5981521010398865,1.0478594303131104,1.5478735446929943,0.4052786203192227,0.34058617055416107,0.7622637450695038,1.2743417143821731,0.05435546485813536,0.0256282277405262,0.1415415108203888,0.3798944771289829,0.07919086659996166,0.03866633586585522,0.19368203729391098,0.5413165062665951,1.2070239753975545,2.0513086318969727
hopper-medium-v2,10.0,3,mpi4,4,/home/offrl/MPI_sweep/results/mpi4_norm/hopper-medium-v2_tau10_mpi4_seed3/params_1000000.pkl,1000000,2.4014172554016113,2.4014172554016113,101.24241618759464,241.7521209716797,305.6902877807617,2.421774971897662,0.7635633051395416,4.6709349155426025,27.354223155975664,241.73154455877375,262.2559051513672,297.8977508544922,305.3783905029297,0.6089176084215069,0.5528908967971802,1.025534749031067,1.4794841110706347,0.4064570175235076,0.3445670008659363,0.7683980464935303,1.2519289612770095,0.055483373435848415,0.025809493847191334,0.14611205458641052,0.39720884114503996,0.07923053944101316,0.039575474336743355,0.19681185483932495,0.5224429219961177,1.1949915061985117,1.8896169662475586
hopper-medium-replay-v2,4.0,0,mpi4,4,/home/offrl/MPI_sweep/results/mpi4_norm/hopper-medium-replay-v2_tau4_mpi4_seed0/params_1000000.pkl,1000000,25.70918846130371,25.70918846130371,98.72305424494554,164.6326904296875,261.7702941894531,22.66590896117691,8.139674663543701,47.9672966003418,202.17097549438506,163.5926928895824,173.26822662353516,239.51319885253906,260.8030960083008,1.0481290002608148,0.9796664118766785,1.6610488891601562,2.3280592322349554,0.6748545572399962,0.588806539773941,1.2525190114974976,2.0010325193405154,0.1201698696311333,0.07166633754968643,0.288206547498703,0.724919068813325,0.2097152425230604,0.11556436866521835,0.5229346752166748,1.3347104787826543,1.3210437130042603,1.9646120071411133
hopper-medium-replay-v2,4.0,1,mpi4,4,/home/offrl/MPI_sweep/results/mpi4_norm/hopper-medium-replay-v2_tau4_mpi4_seed1/params_1000000.pkl,1000000,19.233070373535156,19.233070373535156,98.54267334588171,162.70602416992188,264.2366455078125,19.82718447101098,7.148873329162598,41.57076644897461,204.64650878906315,162.52611565951338,171.0263900756836,241.27384185791016,264.96024627685546,1.065617006708635,0.9982410967350006,1.6836163401603699,2.4020466685295108,0.6756601357692489,0.5953295826911926,1.2384952306747437,2.0123515367507947,0.1233293837373095,0.07535026967525482,0.2936416417360306,0.7197220534086269,0.2091391684268178,0.1181391142308712,0.5112901329994202,1.3498536109924333,1.302220073900178,1.960479974746704
hopper-medium-replay-v2,4.0,2,mpi4,4,/home/offrl/MPI_sweep/results/mpi4_norm/hopper-medium-replay-v2_tau4_mpi4_seed2/params_1000000.pkl,1000000,30.846059799194336,30.846059799194336,99.70799567565926,160.63568115234375,259.5827941894531,21.294158002703625,7.249624252319336,45.66662406921387,213.05476684570365,160.91280287348854,170.3129425048828,238.19176483154297,259.70828399658205,1.075036246169475,1.0169596672058105,1.6942254304885864,2.4156657099723864,0.6777351448777154,0.5808351635932922,1.2634141445159912,2.023248529434206,0.12214574266482581,0.07334048300981522,0.28726017475128174,0.7279656201601036,0.21215443592317484,0.11245653033256531,0.5320717692375183,1.3645133197307613,1.31791339300506,1.9685255289077759
hopper-medium-replay-v2,4.0,3,mpi4,4,/home/offrl/MPI_sweep/results/mpi4_norm/hopper-medium-replay-v2_tau4_mpi4_seed3/params_1000000.pkl,1000000,18.802410125732422,18.802410125732422,98.74302431067728,163.9688720703125,261.90387725830084,21.575921680595798,7.3484697341918945,45.10424613952637,169.28504257202155,164.43457190307163,173.97268676757812,242.4240493774414,263.0059219360352,1.0585297474863182,0.9875355064868927,1.6727792620658875,2.351114892959595,0.6747062462283111,0.5927211046218872,1.2345949411392212,1.9548096954822547,0.12211403585574387,0.0735912136733532,0.28987637162208557,0.710611718893053,0.20723173951064044,0.1171061210334301,0.508074939250946,1.273760503530503,1.3027027269499647,1.9549615383148193
hopper-medium-replay-v2,7.0,0,mpi4,4,/home/offrl/MPI_sweep/results/mpi4_norm/hopper-medium-replay-v2_tau7_mpi4_seed0/params_1000000.pkl,1000000,15.76220703125,15.76220703125,99.75351680753077,178.51727294921875,272.8852478027344,20.375039934392262,5.587714672088623,33.36921691894531,155.0663070678716,178.14228886277488,189.94611358642578,252.1560516357422,272.3308990478516,1.129943491292579,1.0561898350715637,1.7860484719276428,2.4927816271781924,0.7421512788878317,0.6420956254005432,1.3555477261543274,2.1657196879386924,0.12452968648858231,0.07717039808630943,0.29303131997585297,0.708975812792779,0.2536268996674371,0.13742893934249878,0.612503170967102,1.5634496092796357,1.4271223170058003,1.941420316696167
hopper-medium-replay-v2,7.0,1,mpi4,4,/home/offrl/MPI_sweep/results/mpi4_norm/hopper-medium-replay-v2_tau7_mpi4_seed1/params_1000000.pkl,1000000,16.9232177734375,16.9232177734375,99.64650942979311,177.00393676757812,273.0023223876953,18.381898317353517,6.7009313106536865,36.435970306396484,169.696362304688,177.99253457026862,189.15213775634766,253.97093200683594,274.21198883056644,1.1478317901710398,1.0698267817497253,1.8365265130996704,2.5138965845108037,0.7493423769922174,0.6412792205810547,1.4045554995536804,2.1315037250518807,0.1291559533647606,0.07768446952104568,0.3178221434354782,0.7418131351470952,0.258501713929455,0.13707968592643738,0.6575922966003418,1.514436328411103,1.414732921972468,1.956040859222412
hopper-medium-replay-v2,7.0,2,mpi4,4,/home/offrl/MPI_sweep/results/mpi4_norm/hopper-medium-replay-v2_tau7_mpi4_seed2/params_1000000.pkl,1000000,19.05030059814453,19.05030059814453,98.25342738697698,175.73104858398438,271.86435852050784,19.869191355469354,5.553738355636597,34.71504783630371,152.4209815979005,176.14461760419726,186.96424865722656,252.25701141357422,272.37935638427734,1.138287096100612,1.0726443529129028,1.7978935837745667,2.5263251781463625,0.7331184243998905,0.6456958651542664,1.3448646068572998,2.0831406712532057,0.13023945205918608,0.07771269604563713,0.3108806014060974,0.7604260951280597,0.24463571922867544,0.1389743983745575,0.6028870046138763,1.4464925110340137,1.3705302947782076,1.9450509548187256
hopper-medium-replay-v2,7.0,3,mpi4,4,/home/offrl/MPI_sweep/results/mpi4_norm/hopper-medium-replay-v2_tau7_mpi4_seed3/params_1000000.pkl,1000000,16.550325393676758,16.550325393676758,96.57804084425456,178.29318237304688,273.350048828125,17.696587696319625,5.150142192840576,31.697303771972656,164.76214065551784,178.54726795632814,190.8687286376953,253.6095962524414,274.20434875488286,1.153604602723135,1.092549443244934,1.7906216979026794,2.5118999958038337,0.7413291690502319,0.6547037065029144,1.3580906391143799,2.097855055332184,0.1286974234479885,0.07739774882793427,0.3027493506669998,0.7330070167779934,0.24920177180195768,0.14287900179624557,0.6148037016391754,1.4669985532760625,1.3915237383410064,1.97207772731781
hopper-medium-replay-v2,10.0,0,mpi4,4,/home/offrl/MPI_sweep/results/mpi4_norm/hopper-medium-replay-v2_tau10_mpi4_seed0/params_1000000.pkl,1000000,15.660888671875,15.660888671875,100.34815828470234,187.78709411621094,277.9203750610352,19.969013193569765,4.940585136413574,31.877408981323242,153.8359382629398,187.1355015896006,200.26766967773438,261.55882263183594,277.5328964233399,1.1727601733346091,1.103244960308075,1.858622133731842,2.547959876060488,0.7908392979807104,0.6896695792675018,1.4688469767570496,2.207243156433109,0.127822163135916,0.07928937673568726,0.30329518020153046,0.733949506282807,0.285924394132163,0.1585480496287346,0.719170480966568,1.623980557918554,1.495624320336834,1.8968223333358765
hopper-medium-replay-v2,10.0,1,mpi4,4,/home/offrl/MPI_sweep/results/mpi4_norm/hopper-medium-replay-v2_tau10_mpi4_seed1/params_1000000.pkl,1000000,14.058874130249023,14.058874130249023,100.57373205726077,187.810302734375,278.2374694824219,18.846257749159577,4.197796583175659,26.149179458618164,156.65315475463922,187.5983355879689,199.305419921875,260.1894836425781,278.5167465209961,1.2162002653785748,1.1358177661895752,1.908790946006775,2.674166333675387,0.7940760233123001,0.6804284751415253,1.4757537245750427,2.2721457242965712,0.13314223834529493,0.0798133946955204,0.3189068138599396,0.7757952123880395,0.2887742487880196,0.1543276458978653,0.7259504795074463,1.7208829164505024,1.4727237799046924,1.9331023693084717
hopper-medium-replay-v2,10.0,2,mpi4,4,/home/offrl/MPI_sweep/results/mpi4_norm/hopper-medium-replay-v2_tau10_mpi4_seed2/params_1000000.pkl,1000000,13.467208862304688,13.467208862304688,99.54725259042434,186.871826171875,280.05879364013674,19.39115243264041,4.863138437271118,30.719192504882812,151.08191986084003,187.60555017611114,200.41643524169922,261.1016387939453,280.52674255371096,1.204684031814395,1.1251307725906372,1.9244475960731506,2.762680745124818,0.8079246461720686,0.6995082497596741,1.5160497426986694,2.3179695129394537,0.13444024447487557,0.07934392243623734,0.3257877975702286,0.7826898992061634,0.3009489563262804,0.16310393810272217,0.7661356329917908,1.7909944474697124,1.496172868791999,1.8745219707489014
hopper-medium-replay-v2,10.0,3,mpi4,4,/home/offrl/MPI_sweep/results/mpi4_norm/hopper-medium-replay-v2_tau10_mpi4_seed3/params_1000000.pkl,1000000,13.79190731048584,13.79190731048584,98.46201321946555,186.7519073486328,280.98065795898435,17.96950678470057,4.324962377548218,28.659982681274414,157.65789489746095,186.92653370985136,198.88699340820312,259.56072998046875,281.1660110473633,1.1863335567468312,1.1088317036628723,1.8776008486747742,2.587472033500673,0.797005841940063,0.6907028257846832,1.4817850589752197,2.2138417482376123,0.13314488540683644,0.07994380220770836,0.3205468952655792,0.7745067030191435,0.2901416319719683,0.1590234637260437,0.7318962514400482,1.6337014377117194,1.4761917439867331,1.8572025299072266
walker2d-medium-v2,4.0,0,mpi4,4,/home/offrl/MPI_sweep/results/mpi4_norm/walker2d-medium-v2_tau4_mpi4_seed0/params_1000000.pkl,1000000,10.33172607421875,10.33172607421875,87.0739148260157,295.50616455078125,367.28927459716795,12.821487919755441,2.3474637269973755,26.823469161987305,181.51437683105576,296.1246484873118,337.4768981933594,360.9527282714844,368.0417953491211,0.80676318247788,0.7477023899555206,1.1998095512390137,1.954105496406559,0.4840017149531377,0.4406272917985916,0.7859433889389038,1.306677907705307,0.033190940482416664,0.0236782468855381,0.06975142657756805,0.16815628707408944,0.049445004540963566,0.03235873579978943,0.10295116901397705,0.28456785380840305,1.2205381029745355,1.8444404602050781
walker2d-medium-v2,4.0,1,mpi4,4,/home/offrl/MPI_sweep/results/mpi4_norm/walker2d-medium-v2_tau4_mpi4_seed1/params_1000000.pkl,1000000,20.069833755493164,20.069833755493164,88.84058097048883,296.7120361328125,366.13604431152345,15.383636945179944,3.221580743789673,27.51248550415039,217.12017059326277,297.426324056898,339.0830993652344,360.9086456298828,366.9916061401367,0.8081605279548967,0.7441814839839935,1.2107797861099243,2.056886851787568,0.4910015407622268,0.4408193528652191,0.7864748239517212,1.3917717278003696,0.03313519125067543,0.023725354112684727,0.07010065764188766,0.1690952800214292,0.05104349378360595,0.03238694742321968,0.10309043899178505,0.32283811122179046,1.241153184681129,1.808293104171753
walker2d-medium-v2,7.0,0,mpi4,4,/home/offrl/MPI_sweep/results/mpi4_norm/walker2d-medium-v2_tau7_mpi4_seed0/params_1000000.pkl,1000000,8.830568313598633,8.830568313598633,91.85350259071976,310.2294616699219,382.41623992919926,10.492659499726543,1.879361867904663,18.575439453125,147.5609664917008,310.47403575270437,353.49794006347656,374.84840393066406,382.9088592529297,0.8802778512254008,0.8012781739234924,1.3194206357002258,2.262911093235016,0.5520646171389672,0.49815507233142853,0.8932850658893585,1.5708447456359875,0.034603636803982596,0.024740874767303467,0.07366876676678658,0.1738160379230976,0.06513163448806836,0.04135974682867527,0.13299304246902466,0.4112592622637755,1.3719397954844785,1.7578178644180298
walker2d-medium-v2,7.0,1,mpi4,4,/home/offrl/MPI_sweep/results/mpi4_norm/walker2d-medium-v2_tau7_mpi4_seed1/params_1000000.pkl,1000000,14.683300018310547,14.683300018310547,91.43537707667502,308.92535400390625,380.80235137939457,11.402129337845508,2.7859100103378296,22.872047424316406,143.72500686645523,309.7795979962102,352.1990966796875,374.851806640625,381.9478927612305,0.8899078868162178,0.8131877183914185,1.3570898175239563,2.2295906424522425,0.5573960216015621,0.5005209445953369,0.904714047908783,1.5757577478885658,0.03471357612051307,0.024227557703852654,0.07315437495708466,0.1676746286451818,0.06675791986785384,0.041753536090254784,0.13641805946826935,0.41383556574583097,1.3867610682671,1.7602214813232422
walker2d-medium-v2,10.0,0,mpi4,4,/home/offrl/MPI_sweep/results/mpi4_norm/walker2d-medium-v2_tau10_mpi4_seed0/params_1000000.pkl,1000000,1.4585516279908972e+23,1.4585516279908972e+23,2.301870741924962,674541993984.0,1984424050688.0007,1.8885711898323158e+23,1.1423918184620771e+23,4.529106934796012e+23,1.1474165710354474e+24,914375738108.0,811420680192.0,1498567213056.0,2151692776243.2,2.361800268292427,2.402777671813965,3.2427374124526978,3.900785672664644,2.1148222721858474,2.1338776350021362,2.835546374320984,3.4378348350524903,0.5066951387503309,0.43392494320869446,0.961749941110611,1.463644337654114,0.8034457624441984,0.7589056193828583,1.3400539755821228,1.969784700870514,1.2592295370087339,1.1094567775726318
walker2d-medium-v2,10.0,1,mpi4,4,/home/offrl/MPI_sweep/results/mpi4_norm/walker2d-medium-v2_tau10_mpi4_seed1/params_1000000.pkl,1000000,14.043505668640137,14.043505668640137,91.79196302554115,319.470458984375,390.6922088623047,9.63133904463939,1.7699569463729858,17.97420310974121,125.22907752990743,319.97149691928644,361.8240051269531,383.86456298828125,391.0303619384766,0.9533914713465492,0.8736625015735626,1.4150296449661255,2.4069266080856333,0.6105609589594678,0.5495475828647614,0.9841915965080261,1.8210384130477952,0.03599980416531423,0.025336594320833683,0.07447589561343193,0.18557049706578257,0.0802840109479348,0.05033375695347786,0.16143891215324402,0.5527020305395155,1.493359630604958,1.7222816944122314
walker2d-expert-v2,4.0,0,mpi4,4,/home/offrl/MPI_sweep/results/mpi4_norm/walker2d-expert-v2_tau4_mpi4_seed0/params_1000000.pkl,1000000,2.1031992435455322,2.1031992435455322,112.60382204132623,488.94598388671875,516.6889373779297,1.42806273918859,0.5159679651260376,3.132456660270691,13.839201784133937,489.12125896662474,506.6041564941406,513.4684448242188,516.8197540283203,0.5979216111772985,0.5663336515426636,0.8680486083030701,1.240126293897629,0.3805040054571691,0.35790710151195526,0.5974794328212738,0.9101642251014713,0.02515943245739294,0.018253185786306858,0.05395771563053131,0.11998715288937101,0.028598722310633207,0.021349581889808178,0.05949694663286209,0.13806653395295154,1.0661610154564933,1.6914699077606201
walker2d-expert-v2,4.0,1,mpi4,4,/home/offrl/MPI_sweep/results/mpi4_norm/walker2d-expert-v2_tau4_mpi4_seed1/params_1000000.pkl,1000000,2.7397208213806152,2.7397208213806152,112.07508823151767,489.10003662109375,517.0634155273438,2.600472283636236,1.077845573425293,5.514959096908569,23.898804187774694,489.7720353677869,507.41526794433594,514.3193969726562,517.5851531982422,0.6435884620987053,0.6267348825931549,0.8992182910442352,1.2484126985073092,0.39088128538332967,0.3656162619590759,0.6110382974147797,0.8978669345378896,0.025287874553495016,0.018597247079014778,0.053287573158741,0.1201361581683159,0.030184636629442707,0.022279209457337856,0.062227971851825714,0.13436179906129897,1.092538470842316,1.7960426807403564
walker2d-expert-v2,7.0,0,mpi4,4,/home/offrl/MPI_sweep/results/mpi4_norm/walker2d-expert-v2_tau7_mpi4_seed0/params_1000000.pkl,1000000,1.5087347030639648,1.5087347030639648,113.27529659433768,496.2008056640625,523.1427856445313,0.9700716584877682,0.35446518659591675,2.083176374435425,8.50590972900394,496.26571574807167,513.3075256347656,519.8587951660156,523.1234588623047,0.6094490305076761,0.5813562273979187,0.8693848252296448,1.229220616817475,0.3986065737199169,0.37654896080493927,0.6187566816806793,0.9380580782890325,0.025336450085488238,0.01854242943227291,0.05347924865782261,0.11717943623662021,0.031229878457194715,0.023631521500647068,0.06380997225642204,0.1466588847339155,1.1102279982381538,1.646599531173706
walker2d-expert-v2,7.0,1,mpi4,4,/home/offrl/MPI_sweep/results/mpi4_norm/walker2d-expert-v2_tau7_mpi4_seed1/params_1000000.pkl,1000000,1.3513981103897095,1.3513981103897095,113.5749624758137,495.21600341796875,522.405126953125,1.2455380935164158,0.4606918394565582,2.885538101196289,10.765188789367691,495.4964432269335,512.710205078125,519.2346801757812,522.3975769042969,0.6373857194230368,0.6200522482395172,0.9004105031490326,1.2317116260528578,0.3999021010781689,0.37645383179187775,0.6248474717140198,0.9361335694789892,0.025458815292562775,0.018642062321305275,0.052535273134708405,0.12493048757314683,0.03152205183515733,0.023619581945240498,0.06507239490747452,0.14605774432420746,1.1127254981928503,1.726270318031311
walker2d-expert-v2,10.0,0,mpi4,4,/home/offrl/MPI_sweep/results/mpi4_norm/walker2d-expert-v2_tau10_mpi4_seed0/params_1000000.pkl,1000000,1.1950228214263916,1.1950228214263916,114.05795234237613,499.1178283691406,525.434603881836,0.7425976430606624,0.27623453736305237,1.5900678038597107,7.801333689689643,499.05300034582615,515.9076232910156,522.1557006835938,525.3337554931641,0.6236730224663916,0.5915336310863495,0.8978845477104187,1.2639440238475808,0.410806004015285,0.3866918981075287,0.639170378446579,0.9760233789682391,0.025589102010709297,0.01872449740767479,0.05348634719848633,0.11908736601471916,0.03324477960170569,0.02492177113890648,0.06808999925851822,0.15877029001712809,1.1398144022371202,1.6275877952575684
walker2d-expert-v2,10.0,1,mpi4,4,/home/offrl/MPI_sweep/results/mpi4_norm/walker2d-expert-v2_tau10_mpi4_seed1/params_1000000.pkl,1000000,1.423043131828308,1.423043131828308,115.20855124269404,498.440185546875,524.9129058837891,1.4286128109524725,0.7412354946136475,3.104475259780884,10.98266062736513,498.8998109176755,516.0611572265625,522.2925720214844,525.3064147949219,0.6893979537890118,0.6670172810554504,0.9569447934627533,1.350427442789078,0.42974294777923205,0.40717414021492004,0.6655852794647217,0.9652793258428575,0.025752638402369854,0.019017876125872135,0.053041448816657066,0.12668043822050104,0.03607792536352861,0.027631797827780247,0.07383396103978157,0.15529402643442156,1.1836132953721814,1.7345709800720215
