environment,tau,seed,bar_step,bar_score,mcep_step,mcep_score,delta_mcep_minus_bar,bar_collapsed_lt20,mcep_collapsed_lt20,transition,mcep_execution_class,mcep_resume_step
hopper-medium-v2,4,0,1000000,50.641686959449395,1000000,72.175409507215605,21.53372254776621,false,false,both_stable,gpu_designated,
hopper-medium-v2,4,1,1000000,66.765892245278366,1000000,60.7529365675082,-6.0129556777701652,false,false,both_stable,gpu_designated,
hopper-medium-v2,7,0,1000000,75.129856300095639,1000000,99.033183484911447,23.903327184815808,false,false,both_stable,gpu_designated,
hopper-medium-v2,7,1,1000000,100.49675903694045,1000000,83.105847283721843,-17.390911753218603,false,false,both_stable,gpu_designated,
hopper-medium-v2,10,0,1000000,101.42505319536879,1000000,99.07318345540601,-2.3518697399627797,false,false,both_stable,gpu_designated,
hopper-medium-v2,10,1,1000000,91.336814826035592,1000000,98.87830479089186,7.5414899648562681,false,false,both_stable,gpu_designated,
hopper-medium-v2,14,0,1000000,65.236524896467998,1000000,0.63745828388952264,-64.599066612578468,false,true,mcep_reversal,gpu_designated,
hopper-medium-v2,14,1,1000000,88.640730780284656,1000000,100.58513588570702,11.944405105422362,false,false,both_stable,gpu_designated,
hopper-medium-v2,20,0,1000000,10.749726449141209,1000000,0.6927651227577224,-10.056961326383487,true,true,both_collapsed,gpu_designated,
hopper-medium-v2,20,1,1000000,2.8060649147687999,1000000,0.73287779551651078,-2.0731871192522893,true,true,both_collapsed,gpu_designated,
hopper-medium-replay-v2,4,0,1000000,99.487057810370274,1000000,99.137537201218379,-0.3495206091518952,false,false,both_stable,gpu_designated,
hopper-medium-replay-v2,4,1,1000000,99.112177943565158,1000000,97.373912528584611,-1.7382654149805461,false,false,both_stable,gpu_designated,
hopper-medium-replay-v2,7,0,1000000,99.072124600665262,1000000,98.728320372765452,-0.34380422789980969,false,false,both_stable,gpu_designated,
hopper-medium-replay-v2,7,1,1000000,100.08117320506959,1000000,100.21510395368405,0.13393074861446053,false,false,both_stable,gpu_designated,
hopper-medium-replay-v2,10,0,1000000,100.66099085328078,1000000,98.702299607672416,-1.9586912456083638,false,false,both_stable,gpu_designated,
hopper-medium-replay-v2,10,1,1000000,99.169282897669788,1000000,99.501262870838602,0.33197997316881356,false,false,both_stable,gpu_designated,
hopper-medium-replay-v2,14,0,1000000,100.58477692787847,1000000,100.73581300136499,0.15103607348652304,false,false,both_stable,gpu_designated,
hopper-medium-replay-v2,14,1,1000000,101.21705153169052,1000000,99.83050504556347,-1.3865464861270453,false,false,both_stable,gpu_designated,
hopper-medium-replay-v2,20,0,1000000,102.09878789671043,1000000,99.24418289016198,-2.8546050065484536,false,false,both_stable,gpu_designated,
hopper-medium-replay-v2,20,1,1000000,100.23363274608931,1000000,100.1009622052254,-0.13267054086391283,false,false,both_stable,gpu_designated,
hopper-expert-v2,4,0,1000000,98.008805276454552,1000000,108.51674015620132,10.50793487974677,false,false,both_stable,gpu_designated,
hopper-expert-v2,4,1,1000000,87.548403861855519,1000000,97.811682072389473,10.263278210533954,false,false,both_stable,gpu_designated,
hopper-expert-v2,7,0,1000000,103.93946876325155,1000000,97.228925688619455,-6.7105430746320991,false,false,both_stable,gpu_designated,
hopper-expert-v2,7,1,1000000,51.734326054407617,1000000,60.598275442307148,8.863949387899531,false,false,both_stable,gpu_designated,
hopper-expert-v2,10,0,1000000,104.47755266307814,1000000,91.43749177563322,-13.040060887444923,false,false,both_stable,gpu_designated,
hopper-expert-v2,10,1,1000000,54.001627605264979,1000000,48.425405868258252,-5.5762217370067262,false,false,both_stable,gpu_designated,
hopper-expert-v2,14,0,1000000,2.1770552316666429,1000000,2.4283750239096449,0.25131979224300194,true,true,both_collapsed,gpu_designated,
hopper-expert-v2,14,1,1000000,7.4540853908077604,1000000,1.8199036104442581,-5.6341817803635026,true,true,both_collapsed,gpu_designated,
hopper-expert-v2,20,0,1000000,1.8196078126231339,1000000,1.8196078126231339,0,true,true,both_collapsed,gpu_designated,
hopper-expert-v2,20,1,1000000,1.8199036104442581,1000000,1.8199036104442581,0,true,true,both_collapsed,gpu_designated,
halfcheetah-medium-v2,4,0,1000000,53.510563790656164,1000000,51.96211206856087,-1.5484517220952938,false,false,both_stable,gpu_designated,
halfcheetah-medium-v2,4,1,1000000,54.435546092074702,1000000,53.399948481866247,-1.0355976102084554,false,false,both_stable,gpu_designated,
halfcheetah-medium-v2,7,0,1000000,56.056034173852879,1000000,56.116596192603737,0.06056201875085776,false,false,both_stable,gpu_designated,
halfcheetah-medium-v2,7,1,1000000,57.286103694070448,1000000,56.87281195146975,-0.41329174260069834,false,false,both_stable,gpu_designated,
halfcheetah-medium-v2,10,0,1000000,58.643528145948807,1000000,56.430772309738977,-2.2127558362098299,false,false,both_stable,gpu_designated,
halfcheetah-medium-v2,10,1,1000000,60.398567676057425,1000000,59.219435917624729,-1.1791317584326961,false,false,both_stable,gpu_designated,
halfcheetah-medium-v2,14,0,1000000,58.437819400326873,1000000,59.104401089897394,0.66658168957052055,false,false,both_stable,gpu_designated,
halfcheetah-medium-v2,14,1,1000000,61.006278730217353,1000000,60.335957796309138,-0.67032093390821501,false,false,both_stable,gpu_designated,
halfcheetah-medium-v2,20,0,1000000,60.916202233410367,1000000,61.115196096693047,0.19899386328268065,false,false,both_stable,gpu_designated,
halfcheetah-medium-v2,20,1,1000000,63.073455584753461,1000000,62.515889832482245,-0.5575657522712163,false,false,both_stable,gpu_designated,
halfcheetah-medium-replay-v2,4,0,1000000,50.69474934464683,1000000,48.803657254551538,-1.8910920900952917,false,false,both_stable,gpu_designated,
halfcheetah-medium-replay-v2,4,1,1000000,49.557175451369993,1000000,50.36517029200175,0.80799484063175697,false,false,both_stable,gpu_designated,
halfcheetah-medium-replay-v2,7,0,1000000,52.299738552606975,1000000,49.383696825328443,-2.9160417272785324,false,false,both_stable,gpu_designated,
halfcheetah-medium-replay-v2,7,1,1000000,52.261668141803099,1000000,49.748129015725198,-2.5135391260779016,false,false,both_stable,gpu_designated,
halfcheetah-medium-replay-v2,10,0,1000000,51.305179155232906,1000000,52.430705976940985,1.1255268217080783,false,false,both_stable,gpu_designated,
halfcheetah-medium-replay-v2,10,1,1000000,54.661863342095927,1000000,52.746251999906193,-1.9156113421897345,false,false,both_stable,gpu_designated,
halfcheetah-medium-replay-v2,14,0,1000000,56.639872503255347,1000000,55.221589493413724,-1.4182830098416233,false,false,both_stable,gpu_designated,
halfcheetah-medium-replay-v2,14,1,1000000,49.623571173129811,1000000,52.62364607974974,3.000074906619929,false,false,both_stable,gpu_designated,
halfcheetah-medium-replay-v2,20,0,1000000,54.140972527613407,1000000,54.249790421719823,0.10881789410641574,false,false,both_stable,gpu_designated,
halfcheetah-medium-replay-v2,20,1,1000000,54.1442307783595,1000000,53.848457155118759,-0.2957736232407413,false,false,both_stable,gpu_designated,
halfcheetah-expert-v2,4,0,1000000,73.602055464495763,1000000,62.035784292608554,-11.566271171887209,false,false,both_stable,gpu_designated,
halfcheetah-expert-v2,4,1,1000000,86.18841279480074,1000000,68.746110309426584,-17.442302485374157,false,false,both_stable,gpu_designated,
halfcheetah-expert-v2,7,0,1000000,50.944424430410393,1000000,60.474068658706607,9.5296442282962133,false,false,both_stable,gpu_designated,
halfcheetah-expert-v2,7,1,1000000,54.252067212522306,1000000,47.231054019140331,-7.0210131933819753,false,false,both_stable,gpu_designated,
halfcheetah-expert-v2,10,0,1000000,41.933593207550103,1000000,40.350474847661538,-1.5831183598885659,false,false,both_stable,gpu_designated,
halfcheetah-expert-v2,10,1,1000000,26.512418222508554,1000000,41.032987300482787,14.520569077974233,false,false,both_stable,gpu_designated,
halfcheetah-expert-v2,14,0,1000000,9.7013633377241693,1000000,19.195072029779006,9.4937086920548364,true,true,both_collapsed,gpu_designated,
halfcheetah-expert-v2,14,1,1000000,21.729511424723448,1000000,7.4761301155749349,-14.253381309148512,false,true,mcep_reversal,gpu_designated,
halfcheetah-expert-v2,20,0,1000000,2.9669109143475065,1000000,1.3067133495477969,-1.6601975647997096,true,true,both_collapsed,gpu_designated,
halfcheetah-expert-v2,20,1,1000000,2.652111442569467,1000000,0.47292505930967704,-2.1791863832597897,true,true,both_collapsed,gpu_designated,
walker2d-medium-v2,4,0,1000000,89.750321933213186,1000000,87.796889395090545,-1.9534325381226409,false,false,both_stable,gpu_designated,
walker2d-medium-v2,4,1,1000000,88.242830637361962,1000000,88.754547235112014,0.51171659775005196,false,false,both_stable,gpu_designated,
walker2d-medium-v2,7,0,1000000,16.397304235031619,1000000,91.413801526072334,75.016497291040707,true,false,mcep_rescue,gpu_designated,
walker2d-medium-v2,7,1,1000000,90.963153740981994,1000000,92.406405910143619,1.4432521691616245,false,false,both_stable,gpu_designated,
walker2d-medium-v2,10,0,1000000,93.73679402276214,1000000,77.235279637847142,-16.501514384914998,false,false,both_stable,gpu_designated,
walker2d-medium-v2,10,1,1000000,6.664517559410335,1000000,58.423546699975802,51.759029140565467,true,false,mcep_rescue,gpu_designated,
walker2d-medium-v2,14,0,1000000,-0.15374935863637898,1000000,94.147605789708393,94.301355148344769,true,false,mcep_rescue,gpu_designated,
walker2d-medium-v2,14,1,1000000,66.66217980121445,1000000,-0.35345327912392505,-67.015633080338375,false,true,mcep_reversal,gpu_designated,
walker2d-medium-v2,20,0,1000000,2.3018707417014848,1000000,2.3018707417014848,0,true,true,both_collapsed,gpu_designated,
walker2d-medium-v2,20,1,1000000,2.3684229041467821,1000000,-0.011837776480622213,-2.3802606806274045,true,true,both_collapsed,gpu_designated,
walker2d-medium-replay-v2,4,0,1000000,90.549942204268248,1000000,87.00932482331568,-3.5406173809525683,false,false,both_stable,gpu_designated,
walker2d-medium-replay-v2,4,1,1000000,86.622373360098052,1000000,87.431634804796104,0.80926144469805195,false,false,both_stable,gpu_designated,
walker2d-medium-replay-v2,7,0,1000000,92.475582236231887,1000000,83.70787034077243,-8.7677118954594562,false,false,both_stable,gpu_designated,
walker2d-medium-replay-v2,7,1,1000000,89.339264674587795,1000000,89.474018821790864,0.13475414720306844,false,false,both_stable,gpu_designated,
walker2d-medium-replay-v2,10,0,1000000,92.074525514943801,1000000,82.656435448579217,-9.4180900663645843,false,false,both_stable,gpu_designated,
walker2d-medium-replay-v2,10,1,1000000,92.934278552981652,1000000,93.247293991337983,0.31301543835633083,false,false,both_stable,gpu_designated,
walker2d-medium-replay-v2,14,0,1000000,6.3963205292530603,1000000,95.108643350034981,88.712322820781921,true,false,mcep_rescue,gpu_designated,
walker2d-medium-replay-v2,14,1,1000000,89.967279976387033,1000000,68.013778990623706,-21.953500985763327,false,false,both_stable,gpu_designated,
walker2d-medium-replay-v2,20,0,1000000,5.3430716556004985,1000000,92.153946041450467,86.810874385849971,true,false,mcep_rescue,gpu_designated,
walker2d-medium-replay-v2,20,1,1000000,94.155578537077005,1000000,53.641030151196645,-40.51454838588036,false,false,both_stable,gpu_designated,
walker2d-expert-v2,4,0,1000000,111.91040281771207,1000000,111.48635420487001,-0.42404861284205708,false,false,both_stable,gpu_to_cpu_resume,854528
walker2d-expert-v2,4,1,1000000,112.26410728280469,1000000,112.19822570343665,-0.065881579368038956,false,false,both_stable,gpu_to_cpu_resume,853376
walker2d-expert-v2,7,0,1000000,5.7542749087773934,1000000,-0.11252147831780394,-5.8667963870951976,true,true,both_collapsed,gpu_to_cpu_resume,667392
walker2d-expert-v2,7,1,1000000,112.50060038037357,1000000,113.00890336717873,0.5083029868051625,false,false,both_stable,gpu_to_cpu_resume,573504
walker2d-expert-v2,10,0,1000000,-0.22407927990359239,1000000,-0.2698862634918921,-0.04580698358829971,true,true,both_collapsed,gpu_to_cpu_resume,557632
walker2d-expert-v2,10,1,1000000,-0.52064195094512278,1000000,4.6036231081920063,5.1242650591371293,true,true,both_collapsed,gpu_to_cpu_resume,545344
walker2d-expert-v2,14,0,1000000,-0.2698862634918921,1000000,-0.26982528426057012,6.0979231321978133e-05,true,true,both_collapsed,gpu_to_cpu_resume,528000
walker2d-expert-v2,14,1,1000000,2.3684229041467821,1000000,-0.4703433363236173,-2.8387662404703993,true,true,both_collapsed,gpu_to_cpu_resume,512000
walker2d-expert-v2,20,0,1000000,-0.2698862634918921,1000000,-0.2698862634918921,0,true,true,both_collapsed,cpu_only,0
walker2d-expert-v2,20,1,1000000,2.3750227060759967,1000000,-0.2713346597061892,-2.6463573657821859,true,true,both_collapsed,cpu_only,0
